customer_id,age,gender,region,segment,contract_type,tenure_months,monthly_charges,total_charges,payment_method,support_tier,support_tickets,avg_response_time_hours,satisfaction_score,churn_risk_score,monthly_revenue,lifetime_value,last_interaction_date,churn_risk_category,support_effectiveness
1,56,Male,North,Basic,2 Year,22,108.45,348.78,Mobile Money,Standard,1,47.3,3.1,28.999999999999996,1049.77,955.09,2026-08-27 19:48:51.384024,Low,Excellent
2,69,Male,Central,Standard,2 Year,56,74.46,126.88,Credit Card,Basic,4,1.1,3.5,50.0,1592.21,1768.79,2026-06-22 19:48:51.384043,Medium,Needs Improvement
3,46,Male,East,Standard,Monthly,3,52.13,2525.74,Mobile Money,Standard,1,1.0,1.0,45.0,715.94,2252.79,2026-06-01 19:48:51.384051,Medium,Excellent
4,32,Female,East,Basic,2 Year,60,60.1,1649.99,Cash,Basic,1,7.6,5.0,28.000000000000004,2086.34,1650.34,2026-05-31 19:48:51.384055,Low,Excellent
5,60,Male,South,Standard,1 Year,10,47.08,348.79,Credit Card,Premium,3,5.0,2.3,5.0,1677.83,642.75,2026-06-11 19:48:51.384059,Low,Good
6,25,Female,North,Basic,1 Year,13,82.33,976.36,Debit Card,Premium,2,10.2,3.4,28.000000000000004,817.61,1719.26,2026-06-01 19:48:51.384063,Low,Good
7,38,Male,South,Basic,Monthly,10,95.57,1629.62,Mobile Money,Standard,3,1.1,4.3,52.0,642.39,532.4,2026-05-30 19:48:51.384067,Medium,Good
8,56,Male,South,Basic,1 Year,12,76.68,1162.36,Debit Card,Standard,3,3.6,3.8,34.0,1660.3,533.12,2026-06-14 19:48:51.384071,Medium,Good
9,36,Female,Central,Basic,Monthly,7,72.09,1689.93,Debit Card,Basic,2,5.6,3.9,3.0,886.45,2006.97,2026-08-25 19:48:51.384075,Low,Good
10,40,Female,East,Standard,Monthly,28,39.02,260.31,Bank Transfer,Premium,2,4.7,4.2,76.0,1395.4,1166.09,2026-08-08 19:48:51.384079,High,Good
11,28,Male,West,Standard,1 Year,34,92.33,1175.87,Mobile Money,Premium,2,7.0,2.2,17.0,1632.27,1142.04,2026-06-16 19:48:51.384082,Low,Good
12,28,Male,East,Standard,2 Year,41,86.0,1294.1,Bank Transfer,Basic,4,1.0,3.7,17.0,879.41,1177.54,2026-07-03 19:48:51.384086,Low,Needs Improvement
13,41,Male,East,Premium,1 Year,10,71.95,634.64,Bank Transfer,Basic,1,5.6,5.0,23.0,1738.3,1804.89,2026-08-08 19:48:51.384090,Low,Excellent
14,70,Female,Central,Business,2 Year,34,57.47,973.35,Debit Card,Basic,1,6.5,3.2,19.0,1465.66,1014.37,2026-06-30 19:48:51.384094,Low,Excellent
15,53,Female,West,Business,2 Year,24,66.1,829.35,Bank Transfer,Standard,1,17.0,3.9,25.0,1521.8,2113.91,2026-08-20 19:48:51.384097,Low,Excellent
16,57,Male,North,Basic,Monthly,76,42.25,312.49,Credit Card,Basic,0,6.8,4.3,50.0,997.88,1936.11,2026-06-29 19:48:51.384101,Medium,Excellent
17,41,Male,West,Business,Monthly,13,28.14,706.05,Debit Card,Basic,4,6.3,4.5,23.0,1171.7,461.31,2026-08-08 19:48:51.384105,Low,Needs Improvement
18,20,Male,North,Premium,1 Year,116,57.5,1352.78,Credit Card,Basic,3,13.4,4.0,33.0,2553.03,1849.36,2026-06-08 19:48:51.384109,Medium,Good
19,39,Female,West,Premium,2 Year,32,43.5,420.36,Debit Card,Standard,4,1.0,4.1,49.0,2259.41,2101.22,2026-08-17 19:48:51.384112,Medium,Needs Improvement
20,70,Female,South,Standard,2 Year,35,52.31,660.09,Credit Card,Premium,1,8.4,2.7,42.0,559.28,112.7,2026-08-15 19:48:51.384116,Medium,Excellent
21,19,Male,West,Premium,1 Year,1,52.8,50.0,Debit Card,Premium,1,13.4,2.2,23.0,1872.25,1822.87,2026-06-19 19:48:51.384120,Low,Excellent
22,41,Female,Central,Standard,1 Year,16,63.05,2352.24,Mobile Money,Standard,0,1.0,4.3,24.0,883.45,2460.67,2026-08-26 19:48:51.384124,Low,Excellent
23,61,Male,North,Premium,1 Year,18,61.41,1940.82,Debit Card,Basic,1,13.4,3.3,13.0,1269.39,1254.75,2026-08-06 19:48:51.384127,Low,Excellent
24,47,Male,East,Basic,Monthly,1,20.0,2163.82,Credit Card,Standard,3,12.4,4.2,27.0,615.04,945.81,2026-07-13 19:48:51.384131,Low,Good
25,55,Female,Central,Basic,Monthly,8,73.7,1488.85,Credit Card,Basic,2,1.0,3.8,16.0,1212.89,2094.21,2026-08-03 19:48:51.384135,Low,Good
26,19,Female,North,Basic,1 Year,74,68.29,1435.55,Cash,Basic,1,2.3,2.9,7.000000000000001,1191.59,1197.42,2026-07-23 19:48:51.384139,Low,Excellent
27,38,Female,North,Standard,2 Year,13,89.03,1031.07,Mobile Money,Basic,2,1.3,3.1,57.99999999999999,776.97,1938.35,2026-07-13 19:48:51.384142,Medium,Good
28,50,Female,East,Standard,2 Year,4,59.65,2240.21,Credit Card,Basic,4,5.7,1.7,9.0,916.74,2099.16,2026-05-31 19:48:51.384146,Low,Needs Improvement
29,29,Male,South,Standard,Monthly,17,92.11,1218.88,Cash,Basic,0,19.6,3.7,15.0,1203.13,2994.24,2026-08-16 19:48:51.384150,Low,Excellent
30,39,Female,Central,Standard,1 Year,1,61.17,50.0,Credit Card,Standard,1,7.4,2.6,28.999999999999996,1741.66,2216.82,2026-06-04 19:48:51.384153,Low,Excellent
31,61,Male,East,Standard,2 Year,17,73.5,50.0,Bank Transfer,Basic,3,7.4,4.4,36.0,1150.41,897.43,2026-08-22 19:48:51.384157,Medium,Good
32,42,Female,East,Premium,1 Year,21,42.07,1490.75,Bank Transfer,Standard,0,1.0,3.7,6.0,1667.08,1178.49,2026-08-06 19:48:51.384161,Low,Excellent
33,66,Male,South,Basic,Monthly,10,93.4,432.33,Credit Card,Standard,1,8.8,4.3,30.0,300.0,477.83,2026-06-08 19:48:51.384164,Low,Excellent
34,44,Female,Central,Business,1 Year,34,97.5,1277.91,Credit Card,Standard,1,17.5,4.1,27.0,1026.32,1274.51,2026-06-04 19:48:51.384168,Low,Excellent
35,59,Male,East,Standard,1 Year,3,112.08,1807.11,Mobile Money,Premium,1,4.5,4.6,53.0,1069.64,1979.02,2026-08-17 19:48:51.384172,Medium,Excellent
36,45,Male,South,Standard,1 Year,50,51.44,536.36,Debit Card,Premium,5,9.2,4.6,35.0,1492.34,100.0,2026-06-10 19:48:51.384176,Medium,Needs Improvement
37,33,Female,Central,Standard,1 Year,74,78.24,960.33,Debit Card,Basic,0,2.8,3.3,47.0,1631.29,100.0,2026-08-14 19:48:51.384179,Medium,Excellent
38,32,Male,West,Basic,2 Year,1,29.01,989.41,Bank Transfer,Standard,2,2.5,4.5,31.0,914.79,2587.29,2026-08-03 19:48:51.384183,Medium,Good
39,64,Female,North,Standard,Monthly,44,20.0,506.72,Credit Card,Basic,2,1.6,5.0,32.0,1836.67,1729.78,2026-06-11 19:48:51.384186,Medium,Good
40,68,Male,South,Standard,Monthly,16,79.09,56.68,Mobile Money,Standard,2,2.2,3.6,28.000000000000004,1816.38,2129.65,2026-08-20 19:48:51.384190,Low,Good
41,61,Male,North,Standard,1 Year,14,62.18,326.08,Credit Card,Basic,3,3.4,4.6,28.000000000000004,1713.84,1567.48,2026-06-27 19:48:51.384194,Low,Good
42,72,Male,West,Premium,Monthly,6,32.87,50.0,Credit Card,Basic,1,6.7,4.1,23.0,1057.18,1757.92,2026-06-24 19:48:51.384197,Low,Excellent
43,69,Male,East,Standard,2 Year,14,69.48,1057.83,Mobile Money,Premium,0,12.1,4.5,8.0,662.83,2351.95,2026-06-22 19:48:51.384201,Low,Excellent
44,74,Female,East,Basic,Monthly,72,88.34,1047.0,Cash,Basic,1,2.7,4.5,34.0,1872.33,100.0,2026-07-11 19:48:51.384205,Medium,Excellent
45,20,Male,Central,Basic,Monthly,5,66.58,778.51,Mobile Money,Standard,4,1.5,5.0,22.0,1521.37,855.65,2026-06-07 19:48:51.384208,Low,Needs Improvement
46,54,Female,South,Basic,2 Year,4,95.71,63.94,Credit Card,Standard,6,4.8,1.7,17.0,1432.37,2597.2,2026-08-05 19:48:51.384212,Low,Needs Improvement
47,68,Female,South,Business,Monthly,6,48.48,2084.27,Cash,Premium,2,12.5,4.6,18.0,1137.06,1899.37,2026-06-23 19:48:51.384216,Low,Good
48,24,Male,Central,Premium,2 Year,19,92.07,701.92,Debit Card,Standard,2,3.9,4.6,30.0,1266.24,2437.59,2026-07-03 19:48:51.384219,Low,Good
49,38,Female,North,Standard,1 Year,63,55.41,3253.29,Debit Card,Basic,4,19.6,5.0,19.0,756.8,1513.7,2026-06-19 19:48:51.384223,Low,Needs Improvement
50,26,Female,East,Basic,Monthly,20,95.75,1892.14,Mobile Money,Standard,2,2.3,4.2,18.0,2275.79,2156.79,2026-06-05 19:48:51.384227,Low,Good
51,56,Female,East,Basic,2 Year,6,33.22,50.0,Credit Card,Standard,2,11.4,4.7,33.0,1502.99,1112.11,2026-06-19 19:48:51.384230,Medium,Good
52,35,Male,South,Basic,Monthly,13,70.77,2187.55,Bank Transfer,Premium,1,5.0,3.6,50.0,1584.31,372.74,2026-08-23 19:48:51.384234,Medium,Excellent
53,21,Male,South,Standard,1 Year,11,70.72,638.04,Cash,Standard,2,1.0,2.7,45.0,300.0,2386.29,2026-06-08 19:48:51.384237,Medium,Good
54,42,Female,Central,Premium,Monthly,1,76.93,458.46,Credit Card,Standard,4,2.6,3.8,53.0,940.57,1056.33,2026-06-13 19:48:51.384243,Medium,Needs Improvement
55,31,Female,West,Premium,Monthly,17,56.21,982.35,Debit Card,Standard,2,15.6,3.7,10.0,1512.45,1417.63,2026-08-23 19:48:51.384247,Low,Good
56,67,Female,North,Premium,2 Year,3,75.79,2107.04,Credit Card,Standard,3,1.0,4.2,33.0,1274.72,1604.83,2026-08-20 19:48:51.384251,Medium,Good
57,26,Male,West,Standard,1 Year,44,60.04,1618.71,Mobile Money,Standard,3,11.3,5.0,18.0,1056.48,1662.14,2026-08-13 19:48:51.384254,Low,Good
58,43,Female,West,Business,Monthly,19,51.84,1345.98,Bank Transfer,Standard,0,13.3,4.1,20.0,1395.42,1818.17,2026-06-11 19:48:51.384258,Low,Excellent
59,70,Male,South,Basic,1 Year,44,100.35,542.49,Credit Card,Basic,4,1.0,3.8,34.0,973.98,1574.08,2026-07-11 19:48:51.384262,Medium,Needs Improvement
60,19,Female,South,Standard,1 Year,74,66.95,1954.5,Debit Card,Standard,1,26.2,3.8,14.000000000000002,1329.71,579.36,2026-08-04 19:48:51.384265,Low,Excellent
61,37,Male,South,Business,2 Year,68,27.15,412.75,Debit Card,Basic,2,16.5,4.3,9.0,1050.6,839.1,2026-07-15 19:48:51.384269,Low,Good
62,45,Female,West,Business,Monthly,2,48.17,2034.31,Bank Transfer,Premium,2,1.6,4.0,20.0,2013.76,751.76,2026-07-07 19:48:51.384273,Low,Good
63,64,Male,North,Premium,2 Year,69,101.29,1466.52,Debit Card,Premium,1,2.2,4.0,5.0,1070.35,2550.98,2026-05-30 19:48:51.384276,Low,Excellent
64,24,Male,South,Basic,1 Year,38,42.28,723.44,Credit Card,Premium,2,13.7,3.6,27.0,1294.79,666.93,2026-06-24 19:48:51.384280,Low,Good
65,61,Female,East,Standard,1 Year,36,78.52,2900.41,Bank Transfer,Standard,1,6.3,4.6,15.0,1124.5,732.45,2026-08-18 19:48:51.384284,Low,Excellent
66,25,Male,North,Business,2 Year,2,47.64,1929.64,Credit Card,Premium,0,20.5,2.7,60.0,1402.28,1641.07,2026-06-08 19:48:51.384291,Medium,Excellent
67,64,Male,East,Basic,Monthly,4,29.04,1646.91,Mobile Money,Basic,1,31.0,3.3,52.0,2892.75,1229.44,2026-08-19 19:48:51.384295,Medium,Excellent
68,52,Male,North,Standard,Monthly,88,77.01,1282.67,Debit Card,Basic,2,3.4,5.0,34.0,2569.34,1521.26,2026-06-18 19:48:51.384299,Medium,Good
69,31,Female,South,Standard,Monthly,5,56.79,285.0,Bank Transfer,Standard,3,1.0,3.4,24.0,2045.33,1338.35,2026-06-29 19:48:51.384302,Low,Good
70,34,Female,Central,Basic,Monthly,4,104.71,1230.25,Debit Card,Basic,0,9.7,2.8,22.0,1749.02,2282.12,2026-06-01 19:48:51.384306,Low,Excellent
71,53,Male,South,Basic,Monthly,10,93.14,2483.38,Bank Transfer,Premium,4,20.5,4.0,34.0,1237.36,412.7,2026-07-27 19:48:51.384310,Medium,Needs Improvement
72,67,Female,West,Standard,1 Year,58,96.63,97.96,Mobile Money,Basic,4,1.4,3.2,50.0,1514.59,1626.18,2026-07-09 19:48:51.384313,Medium,Needs Improvement
73,57,Female,West,Standard,Monthly,15,91.65,1653.83,Bank Transfer,Standard,1,33.8,2.5,13.0,1435.39,1793.94,2026-08-07 19:48:51.384317,Low,Excellent
74,21,Male,North,Standard,Monthly,60,82.24,2315.45,Bank Transfer,Basic,3,1.7,4.9,8.0,1682.4,470.55,2026-08-06 19:48:51.384320,Low,Good
75,19,Female,West,Basic,Monthly,9,30.85,2355.46,Mobile Money,Basic,3,1.0,3.2,28.000000000000004,925.99,1110.89,2026-06-25 19:48:51.384324,Low,Good
76,23,Female,South,Standard,Monthly,6,59.15,479.93,Debit Card,Basic,5,5.5,4.0,28.999999999999996,949.67,1031.83,2026-08-05 19:48:51.384327,Low,Needs Improvement
77,71,Female,East,Basic,Monthly,16,81.77,764.08,Credit Card,Basic,1,13.1,3.7,51.0,1017.75,100.0,2026-06-27 19:48:51.384331,Medium,Excellent
78,59,Male,South,Basic,1 Year,22,57.74,1280.74,Mobile Money,Basic,2,3.5,3.3,10.0,868.14,1501.07,2026-08-05 19:48:51.384336,Low,Good
79,21,Female,North,Basic,Monthly,11,64.25,1563.08,Bank Transfer,Premium,2,3.2,3.3,35.0,1085.74,2212.98,2026-06-08 19:48:51.384340,Medium,Good
80,71,Female,West,Business,2 Year,10,83.12,2225.38,Debit Card,Basic,4,1.8,3.8,6.0,1795.55,100.0,2026-08-23 19:48:51.384343,Low,Needs Improvement
81,46,Male,East,Business,Monthly,5,91.4,1039.09,Credit Card,Basic,4,34.2,5.0,9.0,1421.54,1304.66,2026-06-11 19:48:51.384347,Low,Needs Improvement
82,35,Male,Central,Business,2 Year,7,41.94,1956.51,Debit Card,Premium,3,3.3,4.2,28.999999999999996,1439.87,2149.62,2026-06-12 19:48:51.384351,Low,Good
83,43,Male,East,Basic,Monthly,26,81.75,50.0,Credit Card,Standard,1,8.8,5.0,5.0,1884.76,1313.35,2026-06-17 19:48:51.384354,Low,Excellent
84,61,Male,East,Standard,1 Year,11,79.12,987.21,Mobile Money,Premium,2,1.1,3.1,34.0,921.16,2417.02,2026-06-20 19:48:51.384358,Medium,Good
85,51,Female,South,Business,1 Year,1,40.28,1955.75,Mobile Money,Premium,1,4.8,3.9,12.0,1780.34,100.0,2026-07-28 19:48:51.384362,Low,Excellent
86,27,Male,Central,Premium,2 Year,3,54.84,1866.8,Debit Card,Premium,2,12.7,2.4,9.0,2289.92,1224.26,2026-08-16 19:48:51.384365,Low,Good
87,53,Male,North,Business,1 Year,11,68.74,433.39,Credit Card,Premium,2,28.1,4.6,26.0,1581.34,777.1,2026-08-16 19:48:51.384369,Low,Good
88,31,Female,North,Premium,2 Year,62,99.75,2021.2,Credit Card,Basic,5,1.6,5.0,6.0,765.62,360.73,2026-07-14 19:48:51.384372,Low,Needs Improvement
89,48,Male,East,Business,1 Year,11,54.63,63.84,Credit Card,Standard,2,1.0,4.7,33.0,1012.81,3498.63,2026-06-01 19:48:51.384376,Medium,Good
90,65,Female,East,Standard,1 Year,1,75.44,2157.16,Credit Card,Standard,3,35.1,4.9,30.0,786.61,1740.9,2026-08-01 19:48:51.384379,Low,Good
91,32,Male,West,Premium,2 Year,12,94.22,1036.53,Mobile Money,Standard,1,6.5,3.8,33.0,825.69,2429.76,2026-06-05 19:48:51.384383,Medium,Excellent
92,25,Male,Central,Premium,1 Year,26,111.37,838.93,Debit Card,Basic,1,3.4,4.3,13.0,1266.35,1793.39,2026-08-03 19:48:51.384386,Low,Excellent
93,31,Male,East,Basic,1 Year,21,70.67,961.55,Debit Card,Basic,4,25.8,4.9,36.0,1329.73,3329.2,2026-07-31 19:48:51.384390,Medium,Needs Improvement
94,40,Male,West,Basic,Monthly,7,20.0,1503.23,Credit Card,Standard,1,4.0,5.0,7.000000000000001,654.46,2230.46,2026-08-05 19:48:51.384394,Low,Excellent
95,74,Male,Central,Business,2 Year,27,88.09,2864.3,Mobile Money,Basic,5,2.1,3.8,26.0,1397.28,100.0,2026-05-30 19:48:51.384398,Low,Needs Improvement
96,57,Female,North,Premium,Monthly,23,70.28,2174.48,Mobile Money,Basic,2,13.0,3.1,55.00000000000001,1411.69,2361.12,2026-06-04 19:48:51.384401,Medium,Good
97,38,Female,West,Basic,1 Year,4,43.88,282.26,Debit Card,Basic,2,3.0,5.0,28.999999999999996,1415.48,2408.64,2026-06-24 19:48:51.384405,Low,Good
98,33,Male,Central,Standard,Monthly,4,82.78,366.95,Credit Card,Standard,1,3.1,3.9,31.0,2138.46,1208.5,2026-07-27 19:48:51.384408,Medium,Excellent
99,62,Female,West,Premium,Monthly,19,111.63,50.0,Cash,Premium,4,4.7,3.8,44.0,1012.6,2808.27,2026-08-01 19:48:51.384412,Medium,Needs Improvement
100,35,Female,East,Business,1 Year,25,70.22,1447.09,Debit Card,Standard,1,9.4,3.0,5.0,384.74,951.53,2026-08-08 19:48:51.384416,Low,Excellent
101,64,Female,South,Premium,1 Year,78,24.45,1064.37,Mobile Money,Premium,1,14.7,3.7,51.0,1393.08,158.86,2026-07-31 19:48:51.384419,Medium,Excellent
102,70,Male,North,Standard,Monthly,13,101.1,1701.9,Debit Card,Basic,1,2.1,3.4,18.0,1994.78,1593.53,2026-07-05 19:48:51.384423,Low,Excellent
103,41,Male,East,Basic,Monthly,34,65.57,799.2,Mobile Money,Standard,2,3.6,2.7,20.0,300.0,1583.11,2026-06-14 19:48:51.384427,Low,Good
104,43,Male,East,Basic,Monthly,2,82.81,882.81,Debit Card,Basic,2,5.5,2.8,23.0,1322.18,969.68,2026-08-27 19:48:51.384430,Low,Good
105,42,Female,Central,Standard,1 Year,52,66.55,50.0,Cash,Standard,2,1.0,4.5,35.0,1390.71,3152.78,2026-06-16 19:48:51.384434,Medium,Good
106,62,Female,West,Standard,Monthly,24,76.4,2082.68,Mobile Money,Premium,2,9.6,3.5,13.0,988.45,678.9,2026-06-12 19:48:51.384437,Low,Good
107,58,Male,North,Standard,1 Year,23,81.64,718.44,Credit Card,Basic,2,6.7,4.0,25.0,428.47,3237.14,2026-08-08 19:48:51.384441,Low,Good
108,46,Male,East,Standard,1 Year,3,85.17,531.51,Debit Card,Standard,1,1.1,3.5,31.0,2409.41,954.16,2026-06-06 19:48:51.384444,Medium,Excellent
109,32,Female,Central,Business,2 Year,1,68.67,1973.26,Credit Card,Premium,3,1.1,2.7,56.99999999999999,1256.38,506.84,2026-07-18 19:48:51.384448,Medium,Good
110,62,Female,North,Standard,Monthly,29,45.99,50.0,Cash,Standard,1,18.0,5.0,26.0,858.15,807.27,2026-06-17 19:48:51.384452,Low,Excellent
111,18,Female,West,Basic,Monthly,2,69.84,1639.76,Credit Card,Basic,1,9.2,4.1,25.0,2069.26,1674.24,2026-06-04 19:48:51.384456,Low,Excellent
112,42,Female,East,Standard,1 Year,3,84.71,585.49,Credit Card,Basic,4,3.9,4.6,23.0,588.39,679.81,2026-08-15 19:48:51.384459,Low,Needs Improvement
113,24,Male,East,Basic,1 Year,4,46.16,1107.26,Debit Card,Basic,2,3.3,4.3,9.0,950.85,3014.42,2026-06-01 19:48:51.384463,Low,Good
114,26,Female,East,Standard,Monthly,2,37.33,50.0,Bank Transfer,Basic,1,3.0,3.7,16.0,432.25,3628.34,2026-07-15 19:48:51.384467,Low,Excellent
115,41,Female,North,Standard,2 Year,23,98.33,1662.02,Credit Card,Standard,2,8.5,3.2,5.0,746.73,1714.15,2026-06-09 19:48:51.384470,Low,Good
116,18,Male,North,Premium,Monthly,13,107.29,2840.02,Bank Transfer,Standard,1,1.6,1.9,5.0,896.35,1511.72,2026-07-22 19:48:51.384474,Low,Excellent
117,61,Female,North,Standard,Monthly,7,65.96,189.59,Mobile Money,Standard,2,35.0,1.4,13.0,1624.34,1802.69,2026-06-29 19:48:51.384477,Low,Good
118,25,Female,North,Basic,Monthly,13,80.03,2124.0,Bank Transfer,Basic,2,9.3,4.8,9.0,1951.69,1792.07,2026-08-19 19:48:51.384481,Low,Good
119,41,Male,Central,Standard,2 Year,44,74.39,1162.15,Debit Card,Basic,2,1.1,5.0,41.0,1983.29,745.9,2026-06-26 19:48:51.384485,Medium,Good
120,28,Female,South,Business,Monthly,62,20.0,1627.68,Credit Card,Standard,3,1.2,5.0,24.0,1177.51,100.0,2026-06-15 19:48:51.384488,Low,Good
121,68,Female,Central,Premium,Monthly,16,70.17,255.97,Credit Card,Standard,0,8.4,3.7,28.999999999999996,2068.0,2492.72,2026-07-05 19:48:51.384492,Low,Excellent
122,34,Female,East,Standard,Monthly,20,101.65,374.39,Debit Card,Basic,2,3.9,3.0,20.0,623.22,1999.1,2026-07-09 19:48:51.384496,Low,Good
123,25,Male,Central,Standard,1 Year,7,35.64,1269.97,Debit Card,Premium,2,8.6,4.5,17.0,2238.5,1684.38,2026-07-27 19:48:51.384499,Low,Good
124,52,Male,West,Standard,2 Year,17,33.35,1026.86,Debit Card,Basic,1,10.3,5.0,28.999999999999996,1351.28,1822.69,2026-06-15 19:48:51.384503,Low,Excellent
125,52,Female,North,Basic,Monthly,33,46.74,1319.26,Debit Card,Standard,2,6.2,5.0,4.0,1949.44,900.29,2026-06-27 19:48:51.384506,Low,Good
126,50,Male,West,Basic,Monthly,16,53.15,50.0,Debit Card,Basic,4,2.4,3.4,20.0,1625.91,886.5,2026-08-16 19:48:51.384510,Low,Needs Improvement
127,22,Female,West,Standard,Monthly,8,81.68,1688.34,Bank Transfer,Standard,0,6.4,4.9,32.0,1451.93,1743.3,2026-07-18 19:48:51.384514,Medium,Excellent
128,59,Female,East,Premium,1 Year,20,98.02,1510.69,Credit Card,Premium,2,4.4,4.4,33.0,1983.7,1759.4,2026-07-15 19:48:51.384517,Medium,Good
129,56,Male,North,Premium,Monthly,70,97.43,2084.72,Mobile Money,Premium,2,17.7,3.9,24.0,1130.39,3819.37,2026-07-09 19:48:51.384521,Low,Good
130,58,Female,West,Standard,2 Year,52,81.35,1453.21,Credit Card,Basic,4,10.8,3.0,30.0,1984.86,367.39,2026-06-05 19:48:51.384525,Low,Needs Improvement
131,45,Female,East,Basic,Monthly,35,25.22,3004.56,Debit Card,Premium,3,7.7,5.0,12.0,1237.38,1588.9,2026-06-29 19:48:51.384529,Low,Good
132,24,Male,North,Basic,Monthly,7,25.12,2806.06,Credit Card,Basic,0,1.0,5.0,28.000000000000004,3209.33,2806.9,2026-08-09 19:48:51.384532,Low,Excellent
133,26,Female,South,Standard,Monthly,6,83.35,1213.77,Bank Transfer,Premium,1,37.0,3.6,6.0,662.8,100.0,2026-07-07 19:48:51.384536,Low,Excellent
134,25,Female,East,Premium,2 Year,43,25.33,1182.17,Debit Card,Standard,1,6.7,4.7,45.0,1689.71,100.0,2026-08-08 19:48:51.384539,Medium,Excellent
135,29,Female,Central,Basic,1 Year,4,78.88,535.94,Debit Card,Basic,1,2.4,4.5,15.0,1594.67,1183.6,2026-06-15 19:48:51.384543,Low,Excellent
136,51,Female,North,Basic,2 Year,22,71.94,115.25,Debit Card,Premium,5,7.2,4.6,28.000000000000004,1935.8,722.79,2026-08-27 19:48:51.384547,Low,Needs Improvement
137,50,Male,West,Standard,Monthly,13,53.41,1017.72,Debit Card,Standard,1,13.6,2.7,4.0,900.93,227.33,2026-07-29 19:48:51.384550,Low,Excellent
138,65,Female,West,Premium,Monthly,15,20.0,684.86,Mobile Money,Basic,5,6.2,2.7,9.0,1146.19,1596.0,2026-06-18 19:48:51.384554,Low,Needs Improvement
139,72,Female,Central,Standard,1 Year,14,70.04,571.66,Credit Card,Basic,2,12.0,3.6,28.999999999999996,801.32,1627.29,2026-06-10 19:48:51.384559,Low,Good
140,40,Female,Central,Basic,1 Year,55,77.8,1481.11,Mobile Money,Premium,3,4.3,4.3,8.0,1645.56,1084.0,2026-08-06 19:48:51.384563,Low,Good
141,41,Female,West,Standard,1 Year,2,51.1,50.0,Bank Transfer,Premium,3,7.1,5.0,33.0,2225.35,3073.03,2026-07-11 19:48:51.384566,Medium,Good
142,54,Male,North,Basic,Monthly,36,37.7,254.0,Debit Card,Basic,1,4.4,2.1,35.0,1357.27,2969.61,2026-06-14 19:48:51.384570,Medium,Excellent
143,52,Female,East,Premium,Monthly,43,72.33,50.0,Cash,Basic,0,6.0,5.0,7.000000000000001,1886.6,517.83,2026-06-26 19:48:51.384573,Low,Excellent
144,61,Male,Central,Premium,Monthly,68,28.69,117.97,Credit Card,Basic,4,1.5,2.3,15.0,3145.71,2161.83,2026-06-20 19:48:51.384577,Low,Needs Improvement
145,57,Male,Central,Premium,1 Year,14,80.42,716.89,Debit Card,Basic,4,7.3,4.1,69.0,1412.32,100.0,2026-08-26 19:48:51.384580,High,Needs Improvement
146,39,Male,Central,Basic,1 Year,16,91.4,1846.46,Debit Card,Basic,4,30.9,1.6,46.0,300.0,792.22,2026-07-23 19:48:51.384584,Medium,Needs Improvement
147,44,Female,South,Standard,2 Year,78,20.0,2746.24,Bank Transfer,Standard,2,11.6,5.0,13.0,1523.81,1566.65,2026-07-28 19:48:51.384588,Low,Good
148,52,Female,North,Basic,Monthly,14,51.8,50.0,Cash,Basic,3,3.1,4.1,26.0,2058.75,532.75,2026-08-14 19:48:51.384591,Low,Good
149,18,Female,North,Premium,2 Year,16,63.78,1901.68,Bank Transfer,Basic,1,16.0,4.3,40.0,809.57,2428.47,2026-07-18 19:48:51.384595,Medium,Excellent
150,52,Female,North,Basic,Monthly,9,64.52,429.36,Mobile Money,Standard,1,18.1,4.8,22.0,984.55,100.0,2026-06-16 19:48:51.384599,Low,Excellent
151,54,Female,North,Basic,Monthly,1,43.03,1330.68,Cash,Basic,2,1.6,3.5,42.0,829.83,441.8,2026-06-28 19:48:51.384603,Medium,Good
152,64,Female,North,Business,2 Year,13,31.59,1661.43,Debit Card,Premium,1,1.0,1.7,7.000000000000001,1733.07,1031.27,2026-06-29 19:48:51.384606,Low,Excellent
153,31,Female,West,Basic,1 Year,25,53.5,2324.42,Debit Card,Basic,2,6.8,1.7,30.0,997.37,1495.31,2026-08-15 19:48:51.384609,Low,Good
154,20,Male,Central,Business,1 Year,28,81.1,3116.74,Credit Card,Standard,1,5.2,4.5,20.0,2355.57,1123.79,2026-08-24 19:48:51.384613,Low,Excellent
155,18,Male,West,Business,1 Year,1,79.26,2034.1,Bank Transfer,Standard,2,10.0,3.5,24.0,1929.07,1166.83,2026-08-06 19:48:51.384617,Low,Good
156,22,Female,South,Business,Monthly,38,79.57,820.01,Credit Card,Basic,1,2.8,5.0,22.0,2560.38,1725.64,2026-06-26 19:48:51.384620,Low,Excellent
157,43,Female,East,Basic,1 Year,16,96.27,50.0,Bank Transfer,Premium,2,3.8,3.9,6.0,1663.86,2732.67,2026-07-06 19:48:51.384624,Low,Good
158,72,Male,Central,Basic,2 Year,17,38.82,1385.92,Mobile Money,Standard,1,2.5,4.6,35.0,1979.71,2213.78,2026-06-08 19:48:51.384627,Medium,Excellent
159,31,Male,South,Business,Monthly,78,55.55,1716.7,Mobile Money,Basic,1,2.8,4.9,53.0,1880.75,2401.63,2026-06-15 19:48:51.384631,Medium,Excellent
160,56,Female,West,Basic,1 Year,8,60.38,276.14,Bank Transfer,Premium,2,1.0,4.9,49.0,962.25,1571.0,2026-08-08 19:48:51.384634,Medium,Good
161,44,Male,East,Standard,1 Year,34,20.0,1820.59,Mobile Money,Premium,1,5.7,3.5,35.0,1939.37,100.0,2026-08-10 19:48:51.384638,Medium,Excellent
162,26,Female,South,Basic,Monthly,20,70.61,857.69,Bank Transfer,Standard,1,5.1,3.9,18.0,1882.99,1852.11,2026-06-16 19:48:51.384641,Low,Excellent
163,32,Female,East,Business,Monthly,28,64.26,295.62,Debit Card,Basic,5,3.5,4.8,6.0,838.55,1055.21,2026-07-20 19:48:51.384645,Low,Needs Improvement
164,32,Male,South,Standard,Monthly,12,36.59,1309.46,Debit Card,Basic,2,6.2,4.1,20.0,300.0,2745.87,2026-06-02 19:48:51.384649,Low,Good
165,43,Male,West,Standard,1 Year,7,86.78,477.92,Credit Card,Standard,3,4.0,1.7,55.00000000000001,1435.89,1093.33,2026-06-25 19:48:51.384652,Medium,Good
166,59,Female,East,Premium,2 Year,18,85.2,275.04,Debit Card,Basic,2,4.5,1.2,24.0,1539.04,1444.89,2026-08-06 19:48:51.384656,Low,Good
167,30,Female,South,Standard,1 Year,11,75.0,1429.64,Debit Card,Standard,0,1.0,3.1,50.0,777.46,2588.99,2026-07-30 19:48:51.384659,Medium,Excellent
168,68,Female,West,Standard,Monthly,6,22.28,1532.25,Debit Card,Standard,2,1.0,4.9,51.0,1660.23,100.0,2026-06-24 19:48:51.384663,Medium,Good
169,49,Female,Central,Business,1 Year,43,40.67,907.73,Mobile Money,Standard,1,1.3,3.8,21.0,1573.61,2478.57,2026-08-06 19:48:51.384666,Low,Excellent
170,56,Male,West,Basic,2 Year,15,72.6,1419.76,Credit Card,Standard,0,1.6,5.0,27.0,1648.96,2238.86,2026-05-31 19:48:51.384670,Low,Excellent
171,66,Female,West,Premium,Monthly,45,51.58,2113.33,Mobile Money,Premium,0,4.8,4.8,9.0,976.27,2561.9,2026-06-11 19:48:51.384673,Low,Excellent
172,69,Female,Central,Basic,2 Year,15,59.23,1865.73,Bank Transfer,Premium,2,16.6,2.2,20.0,1597.86,2894.85,2026-08-24 19:48:51.384677,Low,Good
173,49,Female,West,Business,1 Year,19,37.47,539.1,Cash,Standard,1,4.2,5.0,16.0,1756.48,1334.08,2026-08-21 19:48:51.384681,Low,Excellent
174,21,Male,Central,Premium,Monthly,120,69.8,1222.35,Debit Card,Basic,0,7.9,2.3,37.0,2166.85,1954.26,2026-08-08 19:48:51.384686,Medium,Excellent
175,47,Female,Central,Business,Monthly,72,102.62,640.81,Credit Card,Premium,0,1.0,5.0,41.0,416.55,2465.3,2026-06-17 19:48:51.384690,Medium,Excellent
176,54,Female,Central,Basic,1 Year,7,73.09,79.66,Mobile Money,Basic,4,15.4,4.4,63.0,3328.71,1478.27,2026-06-16 19:48:51.384693,High,Needs Improvement
177,40,Male,South,Basic,1 Year,48,89.28,1714.14,Bank Transfer,Basic,3,1.0,5.0,12.0,2255.42,1193.0,2026-07-21 19:48:51.384696,Low,Good
178,56,Male,East,Business,2 Year,11,86.94,2002.15,Bank Transfer,Standard,2,2.7,4.5,49.0,1577.61,2344.54,2026-06-19 19:48:51.384700,Medium,Good
179,62,Female,South,Business,1 Year,1,56.05,820.71,Cash,Standard,1,13.6,3.8,16.0,1666.12,1364.13,2026-07-28 19:48:51.384703,Low,Excellent
180,32,Male,Central,Standard,Monthly,20,60.36,1387.86,Credit Card,Standard,4,2.5,4.0,3.0,456.85,100.0,2026-07-08 19:48:51.384707,Low,Needs Improvement
181,60,Male,East,Standard,Monthly,90,101.77,2437.74,Debit Card,Standard,6,2.4,2.8,19.0,1248.16,1673.73,2026-08-22 19:48:51.384710,Low,Needs Improvement
182,46,Male,East,Basic,1 Year,87,83.31,2019.99,Credit Card,Premium,2,7.4,4.1,36.0,1981.38,2267.26,2026-08-05 19:48:51.384714,Medium,Good
183,53,Female,Central,Premium,Monthly,3,89.02,730.95,Mobile Money,Premium,1,18.7,3.9,4.0,1202.42,100.0,2026-06-05 19:48:51.384717,Low,Excellent
184,30,Female,East,Standard,1 Year,35,69.17,1136.29,Credit Card,Standard,1,1.9,4.5,21.0,1053.81,275.28,2026-07-01 19:48:51.384721,Low,Excellent
185,49,Female,East,Basic,Monthly,38,55.2,633.52,Credit Card,Standard,4,7.8,3.5,37.0,1391.49,2071.61,2026-08-05 19:48:51.384724,Medium,Needs Improvement
186,24,Male,South,Basic,Monthly,11,58.24,1383.36,Credit Card,Standard,3,7.3,2.8,32.0,1587.43,1976.99,2026-07-04 19:48:51.384728,Medium,Good
187,68,Female,East,Standard,Monthly,25,99.43,1232.37,Mobile Money,Basic,1,8.6,3.8,69.0,1043.66,1246.4,2026-08-13 19:48:51.384731,High,Excellent
188,39,Female,Central,Business,Monthly,16,64.98,277.69,Bank Transfer,Premium,2,23.5,2.8,7.000000000000001,1496.36,2418.52,2026-08-21 19:48:51.384735,Low,Good
189,45,Female,North,Premium,1 Year,6,96.19,835.24,Debit Card,Premium,1,1.5,2.7,27.0,1644.82,729.28,2026-07-26 19:48:51.384738,Low,Excellent
190,19,Female,North,Standard,Monthly,34,100.13,50.0,Credit Card,Premium,2,8.5,2.3,37.0,934.87,2855.22,2026-06-28 19:48:51.384741,Medium,Good
191,59,Male,North,Standard,2 Year,7,88.02,368.9,Debit Card,Standard,0,1.6,3.6,23.0,792.06,813.47,2026-07-23 19:48:51.384745,Low,Excellent
192,62,Female,Central,Basic,1 Year,9,85.09,1530.19,Bank Transfer,Premium,3,3.0,4.0,51.0,1484.3,2779.03,2026-08-11 19:48:51.384748,Medium,Good
193,74,Male,North,Basic,Monthly,5,107.42,1314.62,Debit Card,Premium,1,4.0,3.1,18.0,1418.53,2318.56,2026-06-20 19:48:51.384752,Low,Excellent
194,70,Female,South,Standard,Monthly,30,43.86,1957.47,Debit Card,Premium,3,14.4,4.2,40.0,1011.82,141.88,2026-07-14 19:48:51.384755,Medium,Good
195,23,Male,Central,Standard,1 Year,14,54.69,1242.18,Bank Transfer,Premium,2,1.0,3.7,15.0,1542.66,316.02,2026-07-13 19:48:51.384759,Low,Good
196,45,Male,Central,Standard,Monthly,14,33.52,1043.06,Cash,Premium,3,10.6,3.4,28.999999999999996,1725.51,1995.82,2026-06-21 19:48:51.384762,Low,Good
197,45,Male,Central,Business,2 Year,22,27.56,2686.32,Credit Card,Basic,4,19.5,5.0,45.0,900.0,1125.01,2026-06-28 19:48:51.384766,Medium,Needs Improvement
198,61,Female,East,Premium,1 Year,4,63.89,928.58,Debit Card,Premium,0,1.0,3.1,37.0,1236.27,3321.74,2026-08-19 19:48:51.384769,Medium,Excellent
199,61,Male,East,Standard,Monthly,54,71.71,891.87,Debit Card,Basic,1,12.5,3.4,47.0,1494.13,2503.36,2026-06-30 19:48:51.384773,Medium,Excellent
200,37,Female,East,Business,1 Year,15,77.63,1239.69,Debit Card,Standard,1,1.0,4.2,24.0,2151.82,1801.07,2026-07-23 19:48:51.384776,Low,Excellent
201,47,Male,West,Business,Monthly,10,47.57,577.76,Bank Transfer,Premium,2,26.3,4.7,27.0,1583.94,100.0,2026-08-26 19:48:51.384779,Low,Good
202,28,Male,South,Premium,Monthly,3,54.67,1405.64,Debit Card,Basic,1,13.5,2.5,24.0,1763.0,509.62,2026-08-17 19:48:51.384784,Low,Excellent
203,72,Female,Central,Business,2 Year,4,86.17,620.5,Mobile Money,Basic,1,9.5,3.9,16.0,854.24,1174.38,2026-08-04 19:48:51.384787,Low,Excellent
204,45,Male,Central,Premium,Monthly,60,28.49,854.95,Bank Transfer,Standard,2,6.4,3.7,41.0,2458.58,244.84,2026-07-04 19:48:51.384790,Medium,Good
205,42,Male,East,Standard,1 Year,14,65.32,603.76,Debit Card,Premium,4,20.3,4.6,61.0,801.79,365.69,2026-07-30 19:48:51.384794,High,Needs Improvement
206,56,Female,Central,Standard,2 Year,30,97.65,50.0,Mobile Money,Premium,3,1.0,3.1,42.0,1817.93,340.09,2026-06-10 19:48:51.384797,Medium,Good
207,50,Male,Central,Standard,Monthly,2,58.36,50.0,Debit Card,Premium,3,1.0,3.8,43.0,1457.14,813.33,2026-08-25 19:48:51.384801,Medium,Good
208,18,Male,North,Standard,Monthly,24,54.47,60.97,Debit Card,Premium,1,13.8,5.0,30.0,1142.45,1934.99,2026-08-10 19:48:51.384804,Low,Excellent
209,74,Male,Central,Basic,Monthly,61,96.07,2112.87,Cash,Premium,3,5.3,3.3,38.0,1093.4,1542.72,2026-08-07 19:48:51.384808,Medium,Good
210,44,Female,West,Premium,Monthly,8,29.66,1260.11,Mobile Money,Basic,4,14.9,5.0,15.0,1732.1,1590.66,2026-07-15 19:48:51.384811,Low,Needs Improvement
211,74,Female,East,Standard,Monthly,20,44.9,815.88,Mobile Money,Basic,0,4.0,3.4,20.0,865.96,940.48,2026-07-25 19:48:51.384815,Low,Excellent
212,69,Female,South,Business,2 Year,67,45.86,368.32,Bank Transfer,Basic,2,4.8,3.7,18.0,1196.76,1414.42,2026-07-17 19:48:51.384818,Low,Good
213,30,Female,South,Standard,2 Year,30,82.36,2208.85,Debit Card,Basic,3,3.2,3.3,14.000000000000002,643.77,1994.75,2026-06-22 19:48:51.384821,Low,Good
214,58,Male,North,Basic,1 Year,1,24.9,686.66,Cash,Premium,5,24.1,2.6,19.0,1195.95,626.72,2026-07-03 19:48:51.384825,Low,Needs Improvement
215,20,Male,South,Basic,Monthly,11,95.84,523.92,Credit Card,Standard,3,5.0,2.6,45.0,1754.77,1601.32,2026-08-20 19:48:51.384828,Medium,Good
216,56,Female,South,Standard,2 Year,2,64.33,50.0,Mobile Money,Premium,3,11.3,4.6,28.000000000000004,1467.16,100.0,2026-06-29 19:48:51.384832,Low,Good
217,23,Male,East,Standard,1 Year,47,91.14,50.0,Cash,Standard,2,9.5,3.2,9.0,691.98,2769.59,2026-07-01 19:48:51.384835,Low,Good
218,25,Male,East,Standard,Monthly,23,96.02,1569.11,Mobile Money,Standard,0,2.1,2.9,46.0,1368.47,1500.05,2026-08-25 19:48:51.384839,Medium,Excellent
219,44,Male,West,Premium,Monthly,75,45.36,2549.06,Credit Card,Basic,0,19.6,3.0,19.0,2696.48,3098.95,2026-08-15 19:48:51.384842,Low,Excellent
220,26,Male,North,Standard,Monthly,1,65.46,1437.13,Mobile Money,Premium,1,6.3,1.9,19.0,581.54,1716.91,2026-06-09 19:48:51.384846,Low,Excellent
221,54,Female,South,Standard,2 Year,13,59.3,1426.53,Bank Transfer,Standard,1,15.5,3.0,21.0,1523.81,2343.63,2026-07-16 19:48:51.384849,Low,Excellent
222,50,Male,West,Business,1 Year,2,63.36,2637.13,Bank Transfer,Basic,2,14.3,3.6,18.0,1995.12,1321.23,2026-07-11 19:48:51.384852,Low,Good
223,68,Female,North,Business,1 Year,10,50.76,1600.68,Mobile Money,Premium,0,1.0,2.6,8.0,632.55,1104.84,2026-08-19 19:48:51.384857,Low,Excellent
224,59,Male,South,Basic,1 Year,4,92.85,1193.8,Debit Card,Standard,1,7.7,4.2,42.0,1088.07,1919.4,2026-06-03 19:48:51.384861,Medium,Excellent
225,61,Female,South,Premium,1 Year,9,60.35,1647.59,Credit Card,Basic,2,12.4,3.6,7.000000000000001,2086.93,2853.45,2026-06-12 19:48:51.384865,Low,Good
226,41,Male,East,Premium,Monthly,41,56.65,1922.31,Bank Transfer,Standard,0,19.0,2.9,18.0,853.29,1169.03,2026-06-21 19:48:51.384868,Low,Excellent
227,32,Male,Central,Standard,1 Year,4,93.09,1607.59,Credit Card,Basic,2,5.6,4.0,28.000000000000004,1778.55,2088.24,2026-07-13 19:48:51.384871,Low,Good
228,71,Female,North,Business,2 Year,15,85.9,811.51,Bank Transfer,Premium,3,11.1,3.8,30.0,1822.73,1313.13,2026-05-30 19:48:51.384875,Low,Good
229,49,Female,South,Basic,Monthly,61,72.19,1525.21,Debit Card,Standard,1,28.0,4.7,14.000000000000002,948.1,2422.51,2026-07-08 19:48:51.384878,Low,Excellent
230,49,Male,North,Standard,2 Year,120,55.19,645.64,Debit Card,Premium,4,14.1,2.2,22.0,1402.86,2210.03,2026-07-29 19:48:51.384882,Low,Needs Improvement
231,41,Male,West,Basic,Monthly,6,101.62,1175.19,Credit Card,Basic,3,15.4,5.0,46.0,2756.4,2080.53,2026-07-05 19:48:51.384885,Medium,Good
232,58,Male,West,Business,Monthly,65,38.58,1517.81,Credit Card,Premium,0,4.2,3.5,15.0,1078.75,100.0,2026-06-23 19:48:51.384888,Low,Excellent
233,69,Male,Central,Basic,1 Year,7,91.81,2671.05,Bank Transfer,Standard,1,1.0,4.8,54.0,2209.05,2506.14,2026-07-21 19:48:51.384892,Medium,Excellent
234,66,Male,South,Basic,2 Year,12,80.66,1550.94,Bank Transfer,Basic,0,27.1,2.5,8.0,1805.08,185.79,2026-07-14 19:48:51.384896,Low,Excellent
235,66,Female,East,Business,Monthly,50,33.34,1213.13,Debit Card,Basic,1,9.5,3.8,21.0,1457.04,100.0,2026-06-19 19:48:51.384900,Low,Excellent
236,69,Male,South,Business,1 Year,37,66.85,879.63,Mobile Money,Basic,0,1.5,3.3,22.0,1563.96,3329.85,2026-07-21 19:48:51.384903,Low,Excellent
237,29,Male,North,Basic,Monthly,46,31.98,732.79,Bank Transfer,Premium,1,29.1,4.3,5.0,1996.7,1550.64,2026-07-02 19:48:51.384906,Low,Excellent
238,56,Female,West,Premium,1 Year,38,56.3,890.6,Mobile Money,Basic,3,10.1,5.0,14.000000000000002,1018.71,2792.54,2026-07-04 19:48:51.384910,Low,Good
239,19,Female,North,Standard,Monthly,6,72.0,1232.16,Credit Card,Standard,1,1.0,3.9,49.0,1382.69,547.69,2026-08-11 19:48:51.384913,Medium,Excellent
240,20,Female,Central,Premium,Monthly,19,39.64,1932.67,Credit Card,Standard,3,1.5,3.2,27.0,300.0,2236.56,2026-08-23 19:48:51.384917,Low,Good
241,66,Male,West,Premium,Monthly,11,20.0,180.53,Credit Card,Premium,6,16.0,3.9,47.0,2647.42,100.0,2026-08-16 19:48:51.384920,Medium,Needs Improvement
242,54,Male,East,Premium,Monthly,14,61.81,1812.89,Credit Card,Premium,0,24.6,1.1,41.0,1307.85,510.82,2026-07-25 19:48:51.384924,Medium,Excellent
243,66,Female,West,Standard,Monthly,4,70.36,747.8,Cash,Standard,1,3.6,3.3,32.0,1817.3,2955.44,2026-06-28 19:48:51.384927,Medium,Excellent
244,73,Male,South,Standard,1 Year,9,55.58,639.16,Cash,Basic,1,4.3,1.3,11.0,1839.7,1194.25,2026-08-25 19:48:51.384931,Low,Excellent
245,34,Male,South,Business,Monthly,46,64.62,1608.56,Mobile Money,Standard,4,4.0,5.0,61.0,1528.99,1527.77,2026-06-14 19:48:51.384934,High,Needs Improvement
246,66,Female,West,Basic,Monthly,54,60.51,899.93,Debit Card,Basic,0,14.4,4.8,30.0,1108.22,2689.9,2026-07-08 19:48:51.384938,Low,Excellent
247,19,Female,Central,Standard,Monthly,22,39.56,1581.15,Debit Card,Premium,0,4.8,4.5,28.999999999999996,682.73,1411.13,2026-08-10 19:48:51.384941,Low,Excellent
248,19,Female,South,Basic,Monthly,16,113.68,1510.48,Mobile Money,Standard,2,3.8,2.8,33.0,565.84,551.5,2026-08-06 19:48:51.384945,Medium,Good
249,45,Male,South,Basic,Monthly,29,72.92,1844.63,Debit Card,Basic,0,7.8,2.2,17.0,878.36,685.87,2026-08-24 19:48:51.384948,Low,Excellent
250,71,Male,East,Basic,Monthly,22,54.35,2254.72,Cash,Standard,0,5.4,4.9,24.0,1645.77,853.11,2026-06-30 19:48:51.384952,Low,Excellent
251,40,Female,West,Basic,Monthly,98,44.38,50.0,Credit Card,Basic,3,6.1,5.0,19.0,1892.56,2482.96,2026-08-05 19:48:51.384955,Low,Good
252,54,Male,South,Basic,Monthly,5,55.06,1363.55,Debit Card,Premium,3,4.2,4.6,8.0,1218.9,2556.94,2026-07-30 19:48:51.384959,Low,Good
253,49,Female,Central,Basic,1 Year,14,55.88,608.19,Cash,Premium,2,4.9,5.0,17.0,1442.36,1135.0,2026-07-12 19:48:51.384962,Low,Good
254,50,Female,North,Business,1 Year,60,65.95,1534.43,Cash,Basic,4,1.0,4.0,39.0,1374.89,967.83,2026-07-06 19:48:51.384966,Medium,Needs Improvement
255,18,Female,West,Business,Monthly,59,93.66,75.56,Mobile Money,Premium,1,20.8,3.5,8.0,933.67,932.97,2026-06-18 19:48:51.384969,Low,Excellent
256,36,Male,East,Basic,Monthly,16,44.89,1240.82,Debit Card,Premium,0,1.0,5.0,28.000000000000004,1786.14,1119.93,2026-07-05 19:48:51.384973,Low,Excellent
257,19,Male,South,Standard,Monthly,3,69.44,50.0,Mobile Money,Basic,1,11.9,3.7,30.0,1920.27,1774.81,2026-08-12 19:48:51.384976,Low,Excellent
258,70,Female,Central,Basic,Monthly,40,84.99,1234.77,Credit Card,Basic,6,2.8,5.0,26.0,300.0,2496.75,2026-07-18 19:48:51.384979,Low,Needs Improvement
259,61,Female,West,Basic,Monthly,21,48.15,1204.47,Credit Card,Basic,2,1.0,3.6,15.0,2136.37,1806.23,2026-06-30 19:48:51.384983,Low,Good
260,43,Female,Central,Business,1 Year,35,48.01,661.96,Debit Card,Basic,3,7.5,3.4,34.0,993.22,1147.3,2026-07-16 19:48:51.384987,Medium,Good
261,49,Male,Central,Basic,Monthly,14,27.27,884.9,Mobile Money,Standard,4,9.8,3.6,33.0,2017.7,424.75,2026-07-03 19:48:51.384990,Medium,Needs Improvement
262,23,Male,East,Business,2 Year,5,107.03,904.13,Credit Card,Standard,2,8.0,4.3,40.0,1630.78,447.74,2026-07-14 19:48:51.384993,Medium,Good
263,49,Female,West,Business,Monthly,1,77.7,50.0,Bank Transfer,Basic,2,6.9,3.3,35.0,1528.77,2472.6,2026-08-03 19:48:51.384997,Medium,Good
264,72,Female,South,Standard,1 Year,19,50.74,162.84,Bank Transfer,Basic,2,6.1,5.0,34.0,1176.6,1896.64,2026-08-02 19:48:51.385000,Medium,Good
265,21,Female,East,Business,1 Year,4,49.66,1350.52,Bank Transfer,Standard,1,6.2,4.2,19.0,622.26,1688.99,2026-06-25 19:48:51.385004,Low,Excellent
266,72,Male,South,Standard,Monthly,4,39.22,2054.52,Credit Card,Standard,1,16.0,3.6,7.000000000000001,556.9,927.02,2026-07-22 19:48:51.385007,Low,Excellent
267,28,Female,North,Standard,Monthly,13,68.93,1829.4,Credit Card,Basic,0,1.0,3.0,33.0,300.0,2558.98,2026-08-13 19:48:51.385011,Medium,Excellent
268,73,Female,Central,Business,1 Year,14,56.45,50.0,Mobile Money,Basic,3,1.4,4.5,36.0,1476.68,1472.18,2026-07-27 19:48:51.385014,Medium,Good
269,34,Female,North,Basic,2 Year,7,42.07,2192.01,Bank Transfer,Standard,0,13.4,1.1,46.0,1245.52,1099.07,2026-07-01 19:48:51.385018,Medium,Excellent
270,55,Male,Central,Standard,Monthly,3,45.71,2240.81,Mobile Money,Standard,0,2.9,3.6,28.999999999999996,1973.6,1579.04,2026-06-29 19:48:51.385022,Low,Excellent
271,41,Male,East,Business,Monthly,69,83.14,602.4,Debit Card,Basic,2,11.8,4.7,6.0,1596.07,100.0,2026-08-20 19:48:51.385025,Low,Good
272,22,Female,South,Business,Monthly,3,55.46,617.81,Credit Card,Premium,0,3.5,2.4,20.0,1430.07,1518.49,2026-07-06 19:48:51.385029,Low,Excellent
273,69,Male,South,Basic,Monthly,10,34.3,785.86,Credit Card,Standard,2,20.8,4.3,28.999999999999996,966.95,1230.28,2026-06-19 19:48:51.385032,Low,Good
274,51,Male,East,Basic,2 Year,8,66.62,1465.4,Credit Card,Standard,3,2.6,4.4,20.0,1768.21,3051.1,2026-07-14 19:48:51.385036,Low,Good
275,23,Female,West,Business,1 Year,48,47.84,957.24,Credit Card,Premium,1,4.5,3.5,15.0,783.01,751.85,2026-08-20 19:48:51.385039,Low,Excellent
276,39,Male,North,Premium,Monthly,12,81.15,1511.29,Credit Card,Basic,2,1.4,4.0,36.0,1329.58,2212.81,2026-06-25 19:48:51.385042,Medium,Good
277,28,Female,North,Basic,Monthly,3,102.67,158.17,Bank Transfer,Standard,0,8.8,3.7,20.0,2298.7,984.0,2026-08-25 19:48:51.385046,Low,Excellent
278,65,Male,South,Standard,Monthly,1,20.0,342.6,Mobile Money,Standard,0,4.1,2.7,18.0,1684.92,2666.48,2026-06-03 19:48:51.385049,Low,Excellent
279,33,Female,South,Premium,2 Year,30,47.33,499.52,Mobile Money,Basic,2,22.7,5.0,44.0,638.0,2779.27,2026-06-25 19:48:51.385053,Medium,Good
280,50,Female,South,Standard,2 Year,30,68.46,546.52,Cash,Standard,3,1.0,4.3,28.000000000000004,1193.42,796.21,2026-07-06 19:48:51.385056,Low,Good
281,26,Male,East,Standard,Monthly,12,63.09,1541.9,Bank Transfer,Basic,0,3.9,3.7,19.0,809.13,1208.8,2026-07-21 19:48:51.385060,Low,Excellent
282,23,Male,West,Basic,Monthly,3,96.3,1396.61,Credit Card,Standard,0,1.0,3.8,24.0,1741.96,1029.16,2026-07-04 19:48:51.385063,Low,Excellent
283,33,Male,North,Business,2 Year,11,64.52,1726.68,Debit Card,Basic,2,3.2,4.9,8.0,1489.07,3285.81,2026-07-05 19:48:51.385067,Low,Good
284,46,Male,Central,Standard,Monthly,21,70.11,2065.32,Credit Card,Premium,1,3.8,1.7,13.0,2103.87,1389.63,2026-07-23 19:48:51.385070,Low,Excellent
285,20,Female,East,Business,Monthly,29,75.77,1515.49,Mobile Money,Premium,1,2.4,3.6,14.000000000000002,2260.49,2039.82,2026-07-16 19:48:51.385073,Low,Excellent
286,37,Female,North,Basic,Monthly,1,47.98,50.0,Credit Card,Premium,2,2.4,2.3,24.0,929.42,970.88,2026-07-27 19:48:51.385077,Low,Good
287,53,Male,West,Basic,Monthly,19,77.88,865.72,Credit Card,Standard,2,2.4,4.7,62.0,1719.99,1862.1,2026-05-31 19:48:51.385080,High,Good
288,36,Male,East,Basic,Monthly,7,75.14,973.67,Credit Card,Basic,0,2.5,4.7,23.0,868.76,1264.42,2026-06-29 19:48:51.385084,Low,Excellent
289,43,Male,North,Standard,2 Year,23,67.58,1406.29,Cash,Premium,1,2.7,3.4,11.0,1886.57,1561.6,2026-06-19 19:48:51.385087,Low,Excellent
290,20,Female,East,Standard,1 Year,25,20.0,445.16,Mobile Money,Standard,4,15.2,4.4,45.0,1688.35,132.69,2026-06-09 19:48:51.385091,Medium,Needs Improvement
291,36,Male,North,Basic,Monthly,57,45.97,2383.99,Debit Card,Basic,5,1.0,4.3,31.0,1578.5,1082.88,2026-06-15 19:48:51.385094,Medium,Needs Improvement
292,37,Female,North,Premium,Monthly,12,69.64,878.92,Debit Card,Standard,0,36.0,5.0,39.0,1228.46,2520.16,2026-06-02 19:48:51.385098,Medium,Excellent
293,49,Female,West,Basic,1 Year,18,62.62,935.37,Credit Card,Basic,0,2.6,4.5,44.0,1405.0,147.52,2026-08-08 19:48:51.385101,Medium,Excellent
294,24,Female,Central,Business,Monthly,7,83.72,1043.54,Credit Card,Standard,4,1.0,2.4,42.0,392.06,353.46,2026-08-02 19:48:51.385105,Medium,Needs Improvement
295,69,Male,West,Business,Monthly,8,83.92,787.61,Debit Card,Basic,0,1.5,2.9,23.0,2047.29,841.58,2026-08-09 19:48:51.385108,Low,Excellent
296,58,Female,North,Standard,Monthly,1,73.61,50.0,Debit Card,Basic,2,22.8,3.9,17.0,300.0,1814.16,2026-08-10 19:48:51.385112,Low,Good
297,50,Male,East,Basic,1 Year,8,83.93,2192.87,Bank Transfer,Standard,3,48.0,1.4,18.0,2206.12,3106.27,2026-07-29 19:48:51.385115,Low,Good
298,57,Male,West,Basic,Monthly,1,77.5,692.23,Debit Card,Premium,2,2.3,5.0,38.0,638.32,242.71,2026-06-02 19:48:51.385118,Medium,Good
299,56,Female,Central,Standard,Monthly,79,51.84,1703.87,Cash,Standard,1,2.0,4.2,42.0,2067.65,2860.87,2026-06-06 19:48:51.385122,Medium,Excellent
300,35,Female,North,Standard,Monthly,23,64.85,859.7,Debit Card,Basic,3,14.5,1.8,14.000000000000002,1154.83,730.46,2026-07-23 19:48:51.385125,Low,Good
301,57,Male,West,Basic,Monthly,4,37.53,696.7,Cash,Basic,0,19.6,3.8,61.0,1334.71,748.65,2026-06-10 19:48:51.385129,High,Excellent
302,18,Male,West,Business,2 Year,2,102.33,204.03,Bank Transfer,Standard,0,8.4,5.0,11.0,1200.32,1744.79,2026-07-17 19:48:51.385132,Low,Excellent
303,28,Male,West,Basic,1 Year,11,33.64,50.0,Mobile Money,Standard,2,22.0,3.2,20.0,795.32,816.5,2026-08-04 19:48:51.385136,Low,Good
304,45,Male,West,Standard,Monthly,8,20.0,843.73,Bank Transfer,Basic,1,24.0,2.1,24.0,892.01,1221.62,2026-07-26 19:48:51.385139,Low,Excellent
305,74,Male,East,Standard,Monthly,7,118.02,809.84,Bank Transfer,Standard,0,11.4,3.1,54.0,2648.24,948.9,2026-06-19 19:48:51.385143,Medium,Excellent
306,42,Male,Central,Premium,1 Year,15,62.68,2348.98,Debit Card,Basic,0,3.4,1.7,50.0,693.54,1651.38,2026-07-25 19:48:51.385146,Medium,Excellent
307,67,Male,Central,Standard,Monthly,58,87.37,1257.43,Credit Card,Standard,1,1.3,4.1,9.0,1716.23,2502.36,2026-06-26 19:48:51.385149,Low,Excellent
308,40,Female,North,Business,1 Year,20,83.32,2113.23,Credit Card,Premium,2,5.8,2.6,30.0,981.61,100.0,2026-07-09 19:48:51.385154,Low,Good
309,48,Female,South,Premium,1 Year,17,91.13,50.0,Credit Card,Basic,0,2.7,4.6,28.000000000000004,1943.16,1234.97,2026-08-19 19:48:51.385158,Low,Excellent
310,47,Female,East,Premium,Monthly,39,79.78,1241.48,Debit Card,Basic,2,1.0,4.1,43.0,1418.81,1954.06,2026-06-12 19:48:51.385162,Medium,Good
311,59,Male,North,Business,2 Year,1,79.93,1640.56,Credit Card,Basic,1,4.0,3.0,13.0,1819.74,2602.37,2026-07-24 19:48:51.385165,Low,Excellent
312,52,Female,North,Standard,Monthly,5,20.0,1289.8,Debit Card,Basic,0,5.2,2.0,15.0,1666.19,100.0,2026-07-25 19:48:51.385169,Low,Excellent
313,24,Female,West,Basic,Monthly,16,40.91,1320.12,Mobile Money,Premium,3,8.7,4.2,4.0,934.17,1685.9,2026-06-08 19:48:51.385172,Low,Good
314,33,Female,South,Business,1 Year,29,20.0,1000.45,Mobile Money,Premium,3,2.0,3.9,15.0,1144.88,527.59,2026-06-09 19:48:51.385176,Low,Good
315,43,Female,South,Standard,2 Year,15,44.5,244.53,Bank Transfer,Standard,0,16.2,2.0,57.99999999999999,1291.01,776.08,2026-07-27 19:48:51.385179,Medium,Excellent
316,65,Female,East,Standard,1 Year,4,51.67,106.82,Credit Card,Premium,1,1.6,2.8,23.0,1124.05,2652.52,2026-06-06 19:48:51.385183,Low,Excellent
317,74,Female,South,Standard,1 Year,63,62.09,1765.34,Credit Card,Basic,3,47.1,1.9,33.0,816.68,2925.37,2026-07-21 19:48:51.385186,Medium,Good
318,69,Male,North,Basic,Monthly,9,41.31,671.51,Credit Card,Basic,2,6.5,2.7,17.0,2145.73,1048.48,2026-07-04 19:48:51.385189,Low,Good
319,66,Female,South,Standard,Monthly,37,56.19,858.93,Debit Card,Basic,2,1.3,3.5,11.0,1688.89,617.08,2026-05-31 19:48:51.385193,Low,Good
320,19,Female,South,Basic,Monthly,53,52.05,671.34,Cash,Standard,2,14.4,3.0,38.0,1176.4,100.0,2026-07-14 19:48:51.385196,Medium,Good
321,18,Female,Central,Standard,1 Year,10,73.64,485.25,Credit Card,Standard,1,2.3,2.3,35.0,770.46,1981.32,2026-08-26 19:48:51.385200,Medium,Excellent
322,65,Female,North,Standard,Monthly,44,83.98,50.0,Debit Card,Premium,3,1.7,4.2,53.0,1289.23,100.0,2026-06-24 19:48:51.385203,Medium,Good
323,29,Male,South,Standard,Monthly,29,70.36,2428.83,Bank Transfer,Standard,2,1.2,4.4,26.0,519.42,3106.91,2026-07-04 19:48:51.385207,Low,Good
324,22,Male,South,Basic,2 Year,56,80.76,50.0,Credit Card,Basic,3,6.4,4.7,63.0,1663.16,1745.83,2026-07-19 19:48:51.385210,High,Good
325,54,Female,West,Basic,Monthly,6,69.77,1750.29,Cash,Premium,3,16.9,5.0,19.0,1130.13,900.37,2026-07-17 19:48:51.385214,Low,Good
326,49,Female,South,Standard,Monthly,64,94.68,2071.1,Debit Card,Standard,9,18.2,4.3,12.0,1087.29,1467.11,2026-08-24 19:48:51.385217,Low,Needs Improvement
327,72,Female,South,Basic,Monthly,1,111.6,1313.16,Cash,Premium,2,12.3,2.6,39.0,2112.75,1564.56,2026-06-21 19:48:51.385221,Medium,Good
328,26,Male,Central,Premium,Monthly,37,20.0,1060.02,Bank Transfer,Standard,2,7.0,3.1,18.0,1069.35,1955.81,2026-06-10 19:48:51.385224,Low,Good
329,58,Male,North,Basic,Monthly,13,93.33,1386.34,Credit Card,Basic,1,6.0,4.2,65.0,2388.2,1105.74,2026-06-01 19:48:51.385227,High,Excellent
330,52,Female,East,Business,Monthly,4,32.76,880.72,Debit Card,Premium,1,3.7,4.3,15.0,802.9,814.27,2026-07-15 19:48:51.385231,Low,Excellent
331,36,Female,North,Business,Monthly,1,69.64,1986.1,Credit Card,Premium,0,1.0,2.7,31.0,827.72,213.7,2026-07-24 19:48:51.385235,Medium,Excellent
332,65,Female,West,Premium,Monthly,11,71.53,2095.61,Debit Card,Standard,1,14.5,4.8,14.000000000000002,1211.76,2029.66,2026-06-03 19:48:51.385238,Low,Excellent
333,33,Male,North,Basic,Monthly,11,80.21,1633.89,Cash,Basic,1,48.0,2.4,21.0,1396.24,355.93,2026-08-23 19:48:51.385242,Low,Excellent
334,20,Female,South,Basic,Monthly,6,63.73,50.0,Mobile Money,Basic,2,20.3,2.0,32.0,919.87,100.0,2026-08-16 19:48:51.385245,Medium,Good
335,37,Male,West,Basic,Monthly,5,64.88,1740.08,Bank Transfer,Basic,5,21.6,4.5,20.0,2315.63,770.97,2026-07-29 19:48:51.385248,Low,Needs Improvement
336,41,Female,North,Basic,Monthly,12,73.58,2226.75,Debit Card,Standard,2,3.2,3.0,5.0,1615.27,1293.39,2026-08-27 19:48:51.385252,Low,Good
337,71,Male,West,Standard,Monthly,12,56.35,1686.58,Debit Card,Basic,2,1.0,3.1,20.0,824.55,1120.37,2026-06-04 19:48:51.385256,Low,Good
338,73,Male,East,Basic,2 Year,14,20.0,1988.1,Credit Card,Basic,2,16.4,3.1,4.0,1108.54,2455.21,2026-05-30 19:48:51.385259,Low,Good
339,50,Female,North,Basic,2 Year,48,64.96,616.53,Credit Card,Premium,2,11.5,4.0,23.0,1593.43,1036.46,2026-06-28 19:48:51.385264,Low,Good
340,41,Female,South,Standard,Monthly,22,46.28,820.68,Credit Card,Premium,1,4.0,3.3,17.0,1257.1,937.81,2026-08-01 19:48:51.385267,Low,Excellent
341,69,Male,West,Business,Monthly,1,44.14,2248.25,Debit Card,Basic,2,14.3,3.8,18.0,892.6,2351.28,2026-06-20 19:48:51.385271,Low,Good
342,28,Female,Central,Standard,1 Year,17,41.71,1732.6,Debit Card,Basic,1,1.2,4.7,30.0,1994.57,1453.7,2026-08-26 19:48:51.385274,Low,Excellent
343,66,Male,West,Basic,1 Year,34,20.0,1002.22,Credit Card,Basic,3,8.4,3.2,32.0,2496.78,2779.26,2026-08-25 19:48:51.385278,Medium,Good
344,25,Male,Central,Basic,2 Year,1,55.01,982.46,Cash,Premium,3,24.5,4.3,31.0,1368.14,1126.55,2026-08-13 19:48:51.385281,Medium,Good
345,53,Male,South,Basic,Monthly,13,65.02,1215.52,Credit Card,Standard,3,19.3,5.0,14.000000000000002,1647.02,1531.71,2026-08-26 19:48:51.385285,Low,Good
346,55,Male,East,Basic,1 Year,14,84.2,961.45,Credit Card,Basic,2,11.4,2.4,22.0,2141.05,100.0,2026-08-23 19:48:51.385288,Low,Good
347,57,Female,Central,Basic,2 Year,73,50.23,1204.51,Bank Transfer,Basic,3,2.5,5.0,20.0,969.91,1329.23,2026-07-10 19:48:51.385292,Low,Good
348,37,Male,East,Basic,Monthly,15,104.44,3714.61,Mobile Money,Basic,0,1.0,2.7,28.999999999999996,2469.69,1216.66,2026-07-13 19:48:51.385295,Low,Excellent
349,52,Female,West,Basic,Monthly,33,79.59,637.0,Cash,Basic,2,3.1,2.9,45.0,684.32,100.0,2026-07-06 19:48:51.385298,Medium,Good
350,65,Female,South,Business,Monthly,8,36.97,50.0,Debit Card,Standard,5,7.7,2.0,20.0,1664.1,1049.52,2026-07-16 19:48:51.385302,Low,Needs Improvement
351,42,Male,Central,Standard,Monthly,36,52.79,669.93,Credit Card,Standard,1,3.0,3.1,50.0,960.13,1699.56,2026-07-19 19:48:51.385306,Medium,Excellent
352,52,Female,West,Standard,Monthly,9,115.54,1643.5,Cash,Basic,4,4.3,4.2,26.0,682.5,100.0,2026-07-15 19:48:51.385309,Low,Needs Improvement
353,42,Male,North,Basic,1 Year,13,84.0,1681.47,Cash,Premium,0,4.1,4.6,27.0,1013.26,2245.39,2026-08-07 19:48:51.385313,Low,Excellent
354,46,Female,West,Standard,Monthly,15,51.83,339.44,Cash,Standard,2,3.3,4.9,19.0,1157.91,384.82,2026-06-07 19:48:51.385317,Low,Good
355,35,Male,East,Premium,Monthly,62,87.32,898.7,Mobile Money,Standard,1,20.6,1.3,14.000000000000002,1035.21,1636.66,2026-07-29 19:48:51.385320,Low,Excellent
356,63,Male,South,Premium,2 Year,1,33.47,1892.63,Credit Card,Standard,2,3.1,1.8,20.0,1980.38,3121.99,2026-08-24 19:48:51.385324,Low,Good
357,35,Male,South,Standard,Monthly,5,51.18,1114.01,Mobile Money,Basic,2,40.3,4.1,18.0,1415.39,1741.09,2026-05-30 19:48:51.385327,Low,Good
358,19,Male,West,Standard,Monthly,29,20.0,380.74,Cash,Basic,3,1.9,4.4,72.0,1809.22,1116.48,2026-06-28 19:48:51.385331,High,Good
359,71,Male,North,Business,Monthly,20,80.09,549.0,Bank Transfer,Basic,3,16.5,5.0,7.000000000000001,1807.86,1505.44,2026-07-19 19:48:51.385334,Low,Good
360,52,Female,East,Business,Monthly,6,35.86,2326.4,Mobile Money,Basic,1,10.5,4.2,19.0,1316.83,2564.3,2026-07-26 19:48:51.385338,Low,Excellent
361,33,Female,West,Standard,Monthly,8,62.99,837.09,Bank Transfer,Basic,3,8.8,2.3,41.0,665.59,1289.84,2026-07-22 19:48:51.385341,Medium,Good
362,58,Female,West,Premium,2 Year,10,26.34,1242.15,Credit Card,Standard,3,4.7,2.6,19.0,1899.1,214.65,2026-06-17 19:48:51.385345,Low,Good
363,53,Female,South,Business,Monthly,14,70.01,50.0,Bank Transfer,Premium,4,13.6,3.9,55.00000000000001,894.52,865.52,2026-08-20 19:48:51.385348,Medium,Needs Improvement
364,50,Male,East,Standard,1 Year,40,63.15,1010.38,Mobile Money,Standard,1,5.4,2.0,13.0,2323.74,965.08,2026-07-27 19:48:51.385352,Low,Excellent
365,21,Male,North,Standard,Monthly,1,28.15,3459.18,Debit Card,Standard,0,1.2,2.6,27.0,2011.29,1216.97,2026-08-03 19:48:51.385355,Low,Excellent
366,50,Male,South,Standard,2 Year,54,53.07,2631.5,Bank Transfer,Premium,2,2.6,3.7,23.0,1388.59,2679.63,2026-08-21 19:48:51.385359,Low,Good
367,31,Male,West,Business,1 Year,12,68.33,1403.36,Debit Card,Premium,1,1.6,3.5,9.0,300.0,1007.36,2026-08-11 19:48:51.385362,Low,Excellent
368,38,Female,South,Basic,2 Year,6,76.13,2492.15,Credit Card,Basic,4,6.7,3.8,22.0,1583.0,3311.11,2026-07-20 19:48:51.385366,Low,Needs Improvement
369,65,Female,South,Standard,Monthly,17,104.58,1682.75,Bank Transfer,Standard,2,8.5,4.1,40.0,2595.61,934.17,2026-06-23 19:48:51.385369,Medium,Good
370,37,Male,Central,Business,2 Year,25,95.45,3060.71,Debit Card,Basic,2,3.3,2.1,5.0,1275.19,241.67,2026-07-31 19:48:51.385373,Low,Good
371,73,Male,South,Business,2 Year,1,47.62,1733.63,Credit Card,Standard,4,1.0,3.9,6.0,1015.23,816.01,2026-08-12 19:48:51.385376,Low,Needs Improvement
372,25,Female,South,Business,1 Year,30,47.32,2271.99,Mobile Money,Standard,1,8.6,2.2,7.000000000000001,1400.86,1442.72,2026-07-23 19:48:51.385380,Low,Excellent
373,24,Female,East,Premium,Monthly,34,29.23,50.0,Cash,Basic,2,1.0,3.7,30.0,1692.36,683.55,2026-06-04 19:48:51.385383,Low,Good
374,20,Male,South,Premium,Monthly,4,39.76,1508.88,Credit Card,Basic,2,27.0,4.5,11.0,1953.86,2979.77,2026-07-14 19:48:51.385386,Low,Good
375,34,Female,North,Standard,Monthly,4,86.5,709.4,Bank Transfer,Standard,4,17.5,4.3,26.0,1272.7,100.0,2026-07-30 19:48:51.385390,Low,Needs Improvement
376,50,Female,West,Standard,Monthly,5,25.27,1648.84,Debit Card,Standard,1,14.2,2.6,37.0,902.21,461.82,2026-06-18 19:48:51.385393,Medium,Excellent
377,65,Male,East,Standard,1 Year,38,61.13,1618.14,Debit Card,Standard,0,3.7,2.5,42.0,2507.88,100.0,2026-07-30 19:48:51.385397,Medium,Excellent
378,29,Male,South,Basic,1 Year,7,57.46,2306.99,Debit Card,Basic,2,10.9,5.0,70.0,375.89,1154.68,2026-05-31 19:48:51.385400,High,Good
379,68,Female,North,Premium,1 Year,38,46.05,2035.83,Debit Card,Premium,1,1.0,4.7,32.0,1994.86,1766.73,2026-08-09 19:48:51.385404,Medium,Excellent
380,39,Female,West,Basic,Monthly,18,32.44,72.51,Debit Card,Basic,1,1.0,3.6,56.00000000000001,1777.8,551.99,2026-07-01 19:48:51.385407,Medium,Excellent
381,72,Female,East,Premium,Monthly,34,20.0,50.0,Credit Card,Premium,4,5.5,5.0,23.0,1928.91,1257.33,2026-06-01 19:48:51.385411,Low,Needs Improvement
382,39,Male,North,Standard,Monthly,19,32.67,1035.93,Debit Card,Premium,1,7.1,3.6,31.0,983.62,659.38,2026-06-21 19:48:51.385414,Medium,Excellent
383,63,Male,South,Premium,Monthly,9,62.92,1800.75,Bank Transfer,Basic,1,11.7,5.0,31.0,788.48,1428.5,2026-08-13 19:48:51.385418,Medium,Excellent
384,47,Female,Central,Basic,1 Year,57,79.94,1707.34,Credit Card,Basic,1,2.8,3.5,68.0,1489.35,2039.66,2026-06-04 19:48:51.385421,High,Excellent
385,55,Female,Central,Standard,Monthly,30,105.3,1253.74,Debit Card,Basic,0,6.3,5.0,28.000000000000004,893.4,1407.84,2026-08-06 19:48:51.385425,Low,Excellent
386,55,Male,East,Premium,1 Year,15,73.36,1691.35,Credit Card,Premium,2,1.0,4.0,39.0,814.28,2666.6,2026-07-06 19:48:51.385428,Medium,Good
387,62,Female,North,Standard,Monthly,24,79.82,1857.89,Debit Card,Premium,4,5.1,2.3,40.0,1065.0,417.6,2026-08-05 19:48:51.385432,Medium,Needs Improvement
388,68,Female,West,Premium,2 Year,22,105.21,1254.59,Credit Card,Basic,3,8.9,3.8,28.999999999999996,1378.95,2558.0,2026-06-07 19:48:51.385435,Low,Good
389,71,Female,North,Basic,Monthly,10,73.46,1697.33,Debit Card,Basic,4,36.6,4.6,42.0,1841.19,100.0,2026-06-25 19:48:51.385438,Medium,Needs Improvement
390,25,Female,Central,Standard,Monthly,13,89.58,1767.99,Mobile Money,Basic,0,11.7,3.8,31.0,757.31,2042.5,2026-07-06 19:48:51.385442,Medium,Excellent
391,44,Female,East,Business,Monthly,9,55.51,1172.09,Bank Transfer,Basic,4,43.2,3.1,1.0,2497.58,325.24,2026-07-18 19:48:51.385445,Low,Needs Improvement
392,44,Male,South,Standard,Monthly,120,83.03,2383.49,Bank Transfer,Premium,2,5.5,4.1,26.0,300.0,100.0,2026-06-18 19:48:51.385451,Low,Good
393,51,Female,North,Premium,1 Year,20,70.25,241.22,Debit Card,Premium,3,4.5,4.6,56.99999999999999,1848.76,1634.07,2026-07-14 19:48:51.385454,Medium,Good
394,38,Male,Central,Standard,1 Year,2,58.95,2520.35,Cash,Standard,1,14.4,3.0,16.0,2061.84,1469.26,2026-06-03 19:48:51.385458,Low,Excellent
395,47,Female,West,Business,Monthly,17,103.68,2036.09,Debit Card,Basic,5,5.0,3.7,43.0,2151.79,100.0,2026-07-13 19:48:51.385461,Medium,Needs Improvement
396,50,Male,East,Standard,Monthly,1,34.92,2927.43,Credit Card,Standard,2,11.3,2.6,25.0,1269.07,859.18,2026-08-18 19:48:51.385465,Low,Good
397,45,Female,South,Basic,1 Year,8,43.5,50.0,Cash,Basic,1,41.6,4.2,10.0,1152.05,1374.85,2026-07-29 19:48:51.385468,Low,Excellent
398,64,Male,North,Business,Monthly,14,94.44,918.98,Credit Card,Premium,3,10.3,2.7,4.0,2518.34,2073.5,2026-06-19 19:48:51.385472,Low,Good
399,50,Male,West,Basic,Monthly,18,89.28,1585.81,Cash,Premium,3,1.0,4.1,69.0,300.0,2503.27,2026-07-24 19:48:51.385475,High,Good
400,22,Male,South,Standard,2 Year,89,65.32,1406.52,Debit Card,Basic,2,1.6,5.0,7.000000000000001,1049.23,1196.39,2026-07-10 19:48:51.385478,Low,Good
401,65,Male,Central,Business,Monthly,96,73.49,854.41,Credit Card,Basic,2,2.6,4.6,15.0,799.04,1622.62,2026-08-02 19:48:51.385482,Low,Good
402,36,Female,Central,Standard,1 Year,2,77.93,1445.54,Mobile Money,Premium,2,13.8,3.5,26.0,1963.95,2144.51,2026-06-14 19:48:51.385486,Low,Good
403,21,Female,West,Basic,1 Year,18,74.13,2196.7,Credit Card,Standard,1,21.5,2.2,41.0,1406.01,2137.25,2026-06-21 19:48:51.385490,Medium,Excellent
404,52,Female,Central,Standard,2 Year,40,71.03,1312.79,Credit Card,Standard,1,8.4,3.8,23.0,481.6,1941.98,2026-08-19 19:48:51.385493,Low,Excellent
405,66,Male,East,Premium,1 Year,6,43.99,108.15,Debit Card,Basic,3,1.0,3.4,20.0,899.77,2635.78,2026-06-16 19:48:51.385497,Low,Good
406,34,Male,West,Business,Monthly,33,95.96,2843.83,Bank Transfer,Basic,4,5.5,3.8,64.0,1148.06,2473.62,2026-05-30 19:48:51.385500,High,Needs Improvement
407,61,Male,Central,Basic,Monthly,50,59.9,432.92,Credit Card,Basic,1,15.7,3.9,45.0,1731.38,1537.84,2026-08-25 19:48:51.385504,Medium,Excellent
408,45,Male,North,Standard,2 Year,26,40.24,225.59,Bank Transfer,Basic,3,3.6,3.3,63.0,525.28,740.68,2026-07-24 19:48:51.385507,High,Good
409,47,Female,Central,Standard,Monthly,9,68.35,619.61,Mobile Money,Standard,2,1.0,3.0,21.0,2456.5,1653.76,2026-06-06 19:48:51.385510,Low,Good
410,46,Male,East,Business,1 Year,61,73.58,708.17,Credit Card,Standard,1,12.1,4.3,42.0,1566.25,2681.1,2026-05-30 19:48:51.385514,Medium,Excellent
411,63,Male,South,Basic,2 Year,51,74.88,1420.5,Bank Transfer,Premium,3,8.6,5.0,44.0,1762.34,660.46,2026-06-03 19:48:51.385518,Medium,Good
412,70,Male,South,Basic,1 Year,30,89.32,3287.95,Cash,Basic,3,5.0,4.0,62.0,1592.24,2680.58,2026-07-17 19:48:51.385521,High,Good
413,23,Male,Central,Premium,Monthly,10,55.5,483.98,Cash,Basic,3,15.2,3.7,35.0,1864.62,1150.38,2026-06-02 19:48:51.385525,Medium,Good
414,52,Female,South,Premium,Monthly,37,63.37,2075.43,Credit Card,Standard,2,15.2,5.0,20.0,300.0,100.0,2026-06-06 19:48:51.385528,Low,Good
415,58,Female,Central,Basic,Monthly,9,43.9,2760.84,Mobile Money,Standard,0,9.7,3.5,31.0,2299.61,908.44,2026-08-01 19:48:51.385531,Medium,Excellent
416,54,Male,East,Basic,Monthly,6,70.84,860.99,Mobile Money,Premium,2,22.8,5.0,64.0,2177.07,299.37,2026-06-18 19:48:51.385535,High,Good
417,41,Male,South,Standard,2 Year,17,43.53,1120.28,Mobile Money,Standard,2,4.8,4.8,25.0,1704.13,522.57,2026-07-27 19:48:51.385538,Low,Good
418,46,Male,North,Basic,1 Year,120,50.25,1444.34,Debit Card,Standard,3,10.4,1.0,39.0,2564.58,3726.21,2026-08-19 19:48:51.385542,Medium,Good
419,66,Male,Central,Standard,1 Year,39,89.59,834.85,Credit Card,Standard,2,14.2,4.3,55.00000000000001,822.28,1036.36,2026-06-22 19:48:51.385545,Medium,Good
420,63,Male,South,Business,Monthly,31,68.41,50.0,Credit Card,Premium,3,8.1,3.1,19.0,863.15,1655.91,2026-08-19 19:48:51.385549,Low,Good
421,70,Female,East,Basic,Monthly,14,100.61,2281.81,Debit Card,Basic,5,6.4,4.7,42.0,1324.78,1785.75,2026-08-01 19:48:51.385552,Medium,Needs Improvement
422,48,Female,East,Standard,Monthly,8,94.42,1326.51,Credit Card,Premium,3,10.5,1.9,30.0,972.68,1291.74,2026-07-27 19:48:51.385556,Low,Good
423,52,Female,North,Basic,Monthly,46,70.39,748.55,Mobile Money,Standard,2,3.5,3.7,26.0,1460.51,197.36,2026-06-12 19:48:51.385559,Low,Good
424,50,Male,East,Business,Monthly,20,73.84,1165.07,Credit Card,Premium,0,3.7,3.6,20.0,2080.97,544.94,2026-06-24 19:48:51.385563,Low,Excellent
425,69,Male,East,Standard,Monthly,40,59.04,947.36,Mobile Money,Premium,3,30.0,3.3,32.0,1594.99,781.73,2026-08-06 19:48:51.385566,Medium,Good
426,38,Female,South,Basic,Monthly,16,91.1,1673.98,Credit Card,Basic,2,1.0,5.0,37.0,1587.08,796.66,2026-07-09 19:48:51.385570,Medium,Good
427,49,Female,Central,Business,Monthly,33,74.08,480.66,Debit Card,Standard,4,14.8,5.0,38.0,730.75,1787.37,2026-08-26 19:48:51.385573,Medium,Needs Improvement
428,40,Female,West,Standard,2 Year,48,87.74,897.98,Debit Card,Standard,2,12.4,4.1,25.0,1356.56,1437.88,2026-08-02 19:48:51.385576,Low,Good
429,50,Male,East,Basic,Monthly,11,48.83,1315.58,Bank Transfer,Standard,3,1.0,5.0,31.0,1316.27,1159.32,2026-08-15 19:48:51.385580,Medium,Good
430,20,Female,East,Standard,1 Year,1,30.97,50.0,Debit Card,Basic,3,9.7,5.0,69.0,1224.32,1530.66,2026-08-20 19:48:51.385584,High,Good
431,35,Male,West,Standard,Monthly,7,77.56,1003.27,Bank Transfer,Premium,3,1.0,5.0,22.0,2073.94,480.98,2026-06-26 19:48:51.385587,Low,Good
432,42,Female,East,Basic,Monthly,59,82.57,649.99,Credit Card,Premium,4,1.9,4.7,13.0,1633.9,385.92,2026-07-07 19:48:51.385591,Low,Needs Improvement
433,59,Female,South,Business,Monthly,27,66.88,1686.76,Credit Card,Standard,0,25.4,4.8,9.0,797.06,1666.83,2026-08-07 19:48:51.385594,Low,Excellent
434,48,Female,South,Basic,1 Year,32,79.47,1397.61,Debit Card,Basic,2,3.6,3.7,41.0,1402.16,892.68,2026-06-10 19:48:51.385597,Medium,Good
435,71,Male,West,Basic,Monthly,9,43.7,2214.75,Credit Card,Premium,4,1.0,2.7,13.0,1962.66,1809.45,2026-07-02 19:48:51.385601,Low,Needs Improvement
436,20,Female,East,Standard,Monthly,28,88.48,50.0,Credit Card,Standard,2,5.9,5.0,41.0,1594.95,2888.94,2026-06-16 19:48:51.385604,Medium,Good
437,57,Male,East,Standard,2 Year,24,94.29,706.47,Credit Card,Standard,2,1.8,3.1,18.0,1587.35,2622.01,2026-08-03 19:48:51.385608,Low,Good
438,63,Male,Central,Basic,Monthly,4,90.52,1356.44,Mobile Money,Basic,2,4.4,1.4,57.99999999999999,895.42,1635.54,2026-08-04 19:48:51.385611,Medium,Good
439,41,Male,East,Business,Monthly,83,68.1,2233.59,Debit Card,Basic,2,1.0,5.0,10.0,1961.53,1608.4,2026-07-07 19:48:51.385615,Low,Good
440,67,Female,South,Business,Monthly,10,94.66,314.94,Credit Card,Standard,3,1.0,3.6,25.0,703.61,2473.35,2026-06-13 19:48:51.385618,Low,Good
441,49,Male,North,Business,Monthly,9,36.43,557.15,Credit Card,Basic,3,5.6,4.2,28.000000000000004,1336.74,2872.35,2026-07-13 19:48:51.385622,Low,Good
442,64,Male,North,Business,1 Year,11,79.34,2251.7,Debit Card,Standard,2,3.3,2.5,10.0,1538.56,1778.37,2026-06-09 19:48:51.385625,Low,Good
443,39,Female,North,Standard,1 Year,2,82.91,3043.27,Debit Card,Basic,3,1.3,4.8,53.0,1767.71,3300.78,2026-07-21 19:48:51.385629,Medium,Good
444,40,Male,North,Basic,Monthly,23,77.53,2564.75,Bank Transfer,Premium,3,6.9,3.5,14.000000000000002,1415.95,2210.08,2026-06-14 19:48:51.385632,Low,Good
445,19,Female,East,Basic,Monthly,6,41.49,2572.62,Cash,Premium,1,1.0,4.0,36.0,1331.04,1704.45,2026-06-26 19:48:51.385636,Medium,Excellent
446,44,Male,East,Business,1 Year,39,70.73,1544.89,Debit Card,Basic,2,11.2,4.5,13.0,553.47,513.95,2026-07-22 19:48:51.385639,Low,Good
447,59,Male,Central,Standard,Monthly,12,58.6,1305.92,Bank Transfer,Basic,1,1.0,3.7,45.0,1225.81,2464.0,2026-06-19 19:48:51.385643,Medium,Excellent
448,19,Female,East,Standard,2 Year,14,20.0,2721.41,Bank Transfer,Standard,2,28.2,2.9,49.0,1952.94,1054.52,2026-07-12 19:48:51.385646,Medium,Good
449,43,Male,North,Premium,Monthly,24,35.56,939.23,Debit Card,Standard,3,10.6,3.8,3.0,1765.08,1733.95,2026-07-30 19:48:51.385649,Low,Good
450,34,Male,West,Basic,1 Year,34,94.03,391.73,Credit Card,Basic,3,18.2,3.4,35.0,1328.08,100.0,2026-08-13 19:48:51.385653,Medium,Good
451,57,Female,West,Basic,2 Year,6,55.05,1426.71,Debit Card,Standard,0,4.6,1.0,66.0,1906.34,627.93,2026-08-21 19:48:51.385657,High,Excellent
452,50,Female,South,Basic,1 Year,81,91.4,911.46,Debit Card,Premium,7,1.0,3.9,47.0,1701.98,2510.67,2026-08-06 19:48:51.385660,Medium,Needs Improvement
453,26,Female,South,Standard,Monthly,23,93.59,585.28,Bank Transfer,Basic,0,2.1,4.9,59.0,2712.02,142.16,2026-07-27 19:48:51.385664,Medium,Excellent
454,60,Male,East,Standard,1 Year,1,78.66,1880.5,Credit Card,Basic,3,28.3,1.6,35.0,1138.66,2275.62,2026-07-17 19:48:51.385667,Medium,Good
455,71,Male,West,Premium,1 Year,12,49.64,999.93,Bank Transfer,Standard,2,7.7,4.6,13.0,1289.82,528.39,2026-06-06 19:48:51.385670,Low,Good
456,65,Female,North,Standard,1 Year,13,88.61,1347.64,Mobile Money,Premium,3,2.1,4.6,37.0,1117.95,248.89,2026-06-26 19:48:51.385674,Medium,Good
457,56,Female,North,Standard,Monthly,39,70.34,1632.92,Debit Card,Basic,2,5.3,5.0,32.0,1437.68,1236.05,2026-08-27 19:48:51.385677,Medium,Good
458,46,Female,North,Basic,1 Year,8,66.12,50.0,Credit Card,Standard,0,3.1,4.1,36.0,990.11,100.0,2026-08-24 19:48:51.385682,Medium,Excellent
459,59,Female,East,Basic,Monthly,9,42.21,2191.49,Bank Transfer,Basic,3,5.4,3.5,21.0,1433.02,562.75,2026-06-18 19:48:51.385685,Low,Good
460,72,Female,East,Basic,Monthly,1,52.48,3040.75,Cash,Premium,3,14.5,3.8,50.0,1835.66,2087.82,2026-08-21 19:48:51.385689,Medium,Good
461,43,Female,Central,Basic,1 Year,8,42.57,2224.53,Bank Transfer,Standard,1,2.0,3.6,44.0,2370.5,2539.02,2026-06-25 19:48:51.385692,Medium,Excellent
462,52,Male,North,Premium,Monthly,30,88.98,50.0,Credit Card,Standard,6,4.1,2.4,53.0,1707.65,1218.03,2026-06-22 19:48:51.385696,Medium,Needs Improvement
463,67,Female,North,Standard,1 Year,24,103.36,1380.35,Debit Card,Premium,2,4.7,3.4,32.0,2417.39,2562.77,2026-08-16 19:48:51.385699,Medium,Good
464,42,Male,East,Premium,2 Year,2,88.09,50.0,Cash,Standard,1,7.1,4.4,34.0,962.34,776.47,2026-08-24 19:48:51.385703,Medium,Excellent
465,41,Male,East,Business,2 Year,2,69.97,2154.97,Bank Transfer,Premium,1,1.0,3.7,60.0,2204.27,909.96,2026-08-17 19:48:51.385706,Medium,Excellent
466,30,Female,Central,Standard,1 Year,11,57.33,2157.87,Credit Card,Basic,1,1.9,3.3,12.0,1357.66,336.15,2026-06-07 19:48:51.385710,Low,Excellent
467,24,Female,Central,Basic,Monthly,32,76.91,1498.09,Bank Transfer,Standard,3,4.1,3.9,19.0,300.0,339.31,2026-06-23 19:48:51.385713,Low,Good
468,74,Male,South,Standard,Monthly,42,54.57,50.0,Debit Card,Basic,1,13.3,2.9,22.0,300.0,1763.45,2026-07-01 19:48:51.385717,Low,Excellent
469,53,Male,West,Premium,Monthly,1,64.22,1208.31,Debit Card,Premium,2,1.7,4.0,59.0,1436.62,552.86,2026-06-04 19:48:51.385720,Medium,Good
470,62,Male,North,Premium,Monthly,9,44.46,303.21,Debit Card,Standard,3,17.1,4.3,25.0,508.69,1500.31,2026-06-07 19:48:51.385724,Low,Good
471,37,Female,North,Premium,Monthly,13,81.27,1310.92,Bank Transfer,Premium,1,3.3,4.0,12.0,1386.4,735.02,2026-06-13 19:48:51.385727,Low,Excellent
472,18,Female,Central,Premium,1 Year,58,82.52,1188.45,Credit Card,Basic,1,2.3,2.6,10.0,1509.1,2584.09,2026-08-11 19:48:51.385731,Low,Excellent
473,25,Male,Central,Business,Monthly,16,87.72,2034.09,Debit Card,Basic,3,4.2,4.8,20.0,1435.01,1127.39,2026-08-09 19:48:51.385734,Low,Good
474,63,Male,South,Standard,Monthly,7,78.94,1073.47,Bank Transfer,Standard,1,6.5,2.8,14.000000000000002,1053.5,1782.28,2026-08-12 19:48:51.385737,Low,Excellent
475,33,Female,West,Basic,1 Year,11,77.2,2538.08,Bank Transfer,Basic,2,10.6,3.8,27.0,2845.73,185.19,2026-08-09 19:48:51.385741,Low,Good
476,31,Male,South,Standard,Monthly,13,38.9,1518.05,Credit Card,Basic,1,5.2,5.0,31.0,1563.55,1820.22,2026-06-23 19:48:51.385744,Medium,Excellent
477,29,Female,West,Standard,Monthly,26,37.86,779.9,Debit Card,Premium,5,13.6,1.8,60.0,1817.03,936.26,2026-07-09 19:48:51.385749,Medium,Needs Improvement
478,68,Female,North,Business,Monthly,1,73.28,1130.12,Credit Card,Basic,1,13.7,2.8,28.999999999999996,1931.3,1722.99,2026-08-05 19:48:51.385753,Low,Excellent
479,40,Male,South,Basic,1 Year,11,92.52,2230.04,Debit Card,Basic,3,1.0,3.9,17.0,506.14,1414.97,2026-07-24 19:48:51.385756,Low,Good
480,32,Female,Central,Business,1 Year,24,58.32,2336.21,Credit Card,Premium,2,12.5,3.2,28.999999999999996,1896.85,1457.36,2026-08-18 19:48:51.385760,Low,Good
481,45,Male,South,Basic,1 Year,7,65.14,50.0,Credit Card,Basic,2,4.7,2.0,24.0,1850.59,2313.08,2026-07-24 19:48:51.385763,Low,Good
482,51,Male,South,Basic,Monthly,21,65.4,243.68,Debit Card,Standard,1,27.3,3.9,9.0,1089.32,1255.38,2026-06-03 19:48:51.385767,Low,Excellent
483,19,Female,North,Basic,1 Year,10,20.0,698.19,Cash,Premium,3,13.7,1.2,42.0,1686.09,2818.03,2026-07-09 19:48:51.385770,Medium,Good
484,49,Male,Central,Premium,1 Year,34,71.01,2325.06,Cash,Premium,1,3.9,5.0,21.0,1676.32,1257.26,2026-07-08 19:48:51.385774,Low,Excellent
485,40,Female,Central,Standard,Monthly,1,51.25,2206.03,Debit Card,Standard,3,8.1,4.9,26.0,1857.04,1056.08,2026-06-30 19:48:51.385777,Low,Good
486,39,Female,East,Premium,Monthly,60,80.28,2003.65,Debit Card,Premium,4,1.7,2.8,25.0,2197.66,2458.39,2026-07-19 19:48:51.385781,Low,Needs Improvement
487,68,Male,East,Premium,1 Year,4,64.22,2108.35,Credit Card,Basic,1,2.7,3.4,36.0,1754.38,612.73,2026-06-13 19:48:51.385784,Medium,Excellent
488,42,Male,East,Premium,Monthly,4,60.52,2570.23,Credit Card,Basic,3,1.8,1.9,54.0,1005.97,1654.25,2026-07-19 19:48:51.385788,Medium,Good
489,39,Male,North,Basic,1 Year,44,61.06,1647.79,Bank Transfer,Standard,0,11.1,5.0,63.0,1118.57,2826.07,2026-07-30 19:48:51.385791,High,Excellent
490,39,Male,South,Basic,Monthly,48,56.82,2071.27,Mobile Money,Premium,1,1.0,4.0,23.0,1331.36,657.12,2026-08-15 19:48:51.385795,Low,Excellent
491,66,Male,Central,Business,1 Year,2,30.96,1545.61,Mobile Money,Standard,0,4.2,2.2,35.0,961.87,100.0,2026-06-29 19:48:51.385798,Medium,Excellent
492,69,Male,Central,Standard,Monthly,57,88.83,2045.0,Cash,Standard,0,14.5,3.4,5.0,822.06,2813.87,2026-08-12 19:48:51.385802,Low,Excellent
493,59,Male,South,Basic,Monthly,7,49.15,812.29,Cash,Premium,1,9.9,4.7,19.0,1409.26,2748.53,2026-08-02 19:48:51.385805,Low,Excellent
494,23,Female,Central,Standard,Monthly,23,53.31,506.13,Credit Card,Standard,4,4.4,4.5,47.0,505.01,1502.2,2026-07-13 19:48:51.385808,Medium,Needs Improvement
495,32,Female,South,Standard,2 Year,1,66.98,672.6,Cash,Premium,2,8.0,4.5,32.0,1021.32,292.92,2026-06-10 19:48:51.385812,Medium,Good
496,71,Female,North,Standard,2 Year,11,37.11,979.67,Debit Card,Standard,2,4.5,4.0,3.0,1510.02,2911.51,2026-06-19 19:48:51.385815,Low,Good
497,60,Male,North,Basic,1 Year,14,52.52,1852.46,Mobile Money,Standard,2,14.9,1.1,24.0,1983.37,1880.96,2026-08-04 19:48:51.385819,Low,Good
498,54,Male,North,Standard,1 Year,21,112.91,2519.22,Debit Card,Standard,4,6.8,5.0,22.0,1364.19,2153.76,2026-08-06 19:48:51.385822,Low,Needs Improvement
499,50,Female,South,Basic,Monthly,17,73.42,715.88,Debit Card,Premium,4,8.0,3.4,35.0,615.1,1450.77,2026-07-09 19:48:51.385826,Medium,Needs Improvement
500,25,Female,South,Standard,1 Year,14,43.55,3222.67,Credit Card,Standard,2,35.8,4.2,15.0,1362.44,2608.76,2026-07-27 19:48:51.385829,Low,Good
501,70,Male,West,Business,Monthly,77,20.0,1021.95,Credit Card,Premium,5,11.8,5.0,23.0,1062.18,2326.58,2026-07-04 19:48:51.385833,Low,Needs Improvement
502,61,Female,Central,Business,Monthly,4,90.03,1215.61,Bank Transfer,Premium,3,2.7,4.1,4.0,1427.37,2517.32,2026-08-06 19:48:51.385836,Low,Good
503,61,Female,Central,Premium,Monthly,4,39.7,1429.23,Cash,Standard,1,11.9,5.0,71.0,1959.86,1754.49,2026-07-02 19:48:51.385840,High,Excellent
504,22,Female,West,Standard,Monthly,29,51.43,695.22,Credit Card,Premium,2,21.1,5.0,9.0,1342.6,1237.93,2026-08-11 19:48:51.385843,Low,Good
505,56,Male,West,Premium,Monthly,1,54.59,799.9,Credit Card,Standard,4,2.8,5.0,49.0,1512.48,1421.36,2026-08-27 19:48:51.385847,Medium,Needs Improvement
506,21,Female,North,Basic,Monthly,15,42.17,956.59,Credit Card,Basic,2,13.6,4.5,28.999999999999996,1850.88,1337.85,2026-08-07 19:48:51.385850,Low,Good
507,23,Female,West,Standard,Monthly,15,63.09,260.39,Credit Card,Standard,5,2.2,3.4,34.0,1969.96,627.33,2026-08-14 19:48:51.385854,Medium,Needs Improvement
508,62,Female,South,Basic,1 Year,8,51.21,544.25,Credit Card,Basic,0,4.6,3.2,38.0,1037.44,551.0,2026-06-06 19:48:51.385857,Medium,Excellent
509,49,Female,East,Basic,Monthly,63,80.28,1138.2,Credit Card,Standard,1,9.4,5.0,47.0,1686.94,100.0,2026-06-22 19:48:51.385861,Medium,Excellent
510,69,Female,South,Basic,Monthly,7,68.51,874.81,Credit Card,Premium,3,2.2,3.6,20.0,1337.88,100.0,2026-06-06 19:48:51.385864,Low,Good
511,47,Female,West,Basic,2 Year,8,100.8,681.14,Cash,Premium,2,1.7,5.0,57.99999999999999,1131.15,2388.71,2026-08-08 19:48:51.385868,Medium,Good
512,64,Male,Central,Standard,Monthly,6,101.31,2020.16,Mobile Money,Standard,0,5.0,3.1,13.0,300.0,1613.21,2026-07-08 19:48:51.385871,Low,Excellent
513,52,Female,South,Business,2 Year,3,41.13,50.0,Debit Card,Premium,0,12.2,3.3,49.0,2230.23,2122.74,2026-06-25 19:48:51.385875,Medium,Excellent
514,72,Female,Central,Basic,1 Year,10,56.82,1668.13,Cash,Standard,0,7.2,4.0,17.0,3080.48,593.43,2026-08-19 19:48:51.385878,Low,Excellent
515,57,Female,South,Basic,Monthly,27,118.86,1320.79,Credit Card,Standard,3,9.7,3.3,18.0,996.31,1424.77,2026-07-28 19:48:51.385882,Low,Good
516,69,Male,Central,Basic,Monthly,32,36.04,1426.64,Bank Transfer,Premium,1,9.4,3.0,19.0,1703.34,1309.54,2026-07-13 19:48:51.385885,Low,Excellent
517,33,Male,South,Standard,Monthly,40,84.94,217.77,Bank Transfer,Standard,3,6.3,3.4,6.0,1143.93,2082.67,2026-07-13 19:48:51.385889,Low,Good
518,30,Female,Central,Standard,Monthly,5,78.7,755.92,Credit Card,Basic,0,3.0,4.7,32.0,1870.53,911.34,2026-06-17 19:48:51.385892,Medium,Excellent
519,67,Female,East,Premium,Monthly,1,43.78,1513.4,Debit Card,Premium,0,4.4,3.2,41.0,1432.35,2028.72,2026-07-27 19:48:51.385895,Medium,Excellent
520,59,Female,North,Basic,Monthly,88,44.98,767.45,Cash,Basic,3,3.8,3.8,2.0,2273.13,1737.17,2026-08-03 19:48:51.385899,Low,Good
521,47,Female,South,Premium,Monthly,1,111.12,50.0,Credit Card,Premium,1,1.0,5.0,34.0,1575.85,1957.51,2026-08-06 19:48:51.385902,Medium,Excellent
522,36,Female,East,Business,1 Year,77,110.62,984.62,Credit Card,Basic,4,18.3,4.5,34.0,300.0,2478.94,2026-06-03 19:48:51.385907,Medium,Needs Improvement
523,34,Female,North,Standard,Monthly,42,75.75,1047.2,Cash,Standard,2,8.2,5.0,38.0,300.0,793.2,2026-07-18 19:48:51.385911,Medium,Good
524,73,Female,South,Standard,1 Year,58,30.34,1783.4,Credit Card,Standard,1,15.6,4.1,31.0,1241.98,599.22,2026-08-22 19:48:51.385914,Medium,Excellent
525,36,Female,East,Premium,Monthly,11,96.42,2108.68,Debit Card,Basic,1,12.0,3.7,30.0,300.0,881.99,2026-06-29 19:48:51.385918,Low,Excellent
526,45,Female,East,Basic,1 Year,5,30.24,1310.46,Cash,Premium,1,1.0,5.0,56.00000000000001,1486.87,976.1,2026-08-15 19:48:51.385921,Medium,Excellent
527,72,Male,East,Basic,Monthly,22,82.88,1549.47,Cash,Standard,2,1.9,2.2,14.000000000000002,1486.78,3055.69,2026-08-19 19:48:51.385925,Low,Good
528,43,Male,West,Standard,1 Year,32,24.52,2044.52,Cash,Basic,1,24.1,4.8,9.0,794.08,100.0,2026-06-04 19:48:51.385928,Low,Excellent
529,54,Female,Central,Standard,Monthly,3,65.19,1049.66,Debit Card,Premium,0,5.0,5.0,22.0,1753.06,1778.23,2026-08-12 19:48:51.385932,Low,Excellent
530,43,Male,North,Basic,1 Year,38,87.12,1633.24,Credit Card,Standard,2,13.4,2.0,17.0,1561.94,1639.32,2026-06-28 19:48:51.385935,Low,Good
531,70,Male,Central,Premium,Monthly,5,20.0,64.31,Mobile Money,Premium,1,6.9,3.0,19.0,1514.92,1840.7,2026-06-08 19:48:51.385939,Low,Excellent
532,40,Male,Central,Basic,Monthly,16,51.79,749.97,Bank Transfer,Premium,2,13.9,4.1,5.0,2028.8,528.19,2026-07-07 19:48:51.385942,Low,Good
533,26,Male,Central,Premium,Monthly,46,68.83,2571.33,Bank Transfer,Basic,2,10.6,4.4,26.0,1608.67,2177.19,2026-06-20 19:48:51.385946,Low,Good
534,29,Male,East,Standard,Monthly,5,56.4,2019.47,Mobile Money,Standard,0,2.6,5.0,4.0,796.69,3241.36,2026-08-22 19:48:51.385949,Low,Excellent
535,70,Male,Central,Standard,Monthly,6,48.22,1868.62,Cash,Premium,2,37.9,2.5,46.0,1210.12,992.33,2026-08-08 19:48:51.385952,Medium,Good
536,18,Female,West,Basic,Monthly,1,61.66,491.04,Bank Transfer,Premium,1,5.4,3.0,21.0,975.55,100.0,2026-08-08 19:48:51.385956,Low,Excellent
537,18,Female,South,Premium,Monthly,3,90.94,50.0,Credit Card,Standard,3,7.0,5.0,40.0,300.0,279.15,2026-07-02 19:48:51.385959,Medium,Good
538,64,Male,East,Business,Monthly,3,99.22,433.22,Credit Card,Premium,3,6.2,4.8,34.0,1992.11,373.19,2026-07-10 19:48:51.385963,Medium,Good
539,51,Male,North,Standard,1 Year,5,82.63,1282.62,Debit Card,Standard,3,17.3,4.5,5.0,2132.03,1230.24,2026-08-13 19:48:51.385966,Low,Good
540,49,Female,South,Standard,2 Year,8,103.83,1624.93,Credit Card,Basic,2,2.6,3.8,51.0,1688.05,731.87,2026-06-02 19:48:51.385970,Medium,Good
541,71,Male,South,Standard,Monthly,40,51.63,2467.23,Credit Card,Basic,5,1.0,3.7,42.0,963.38,513.06,2026-07-02 19:48:51.385973,Medium,Needs Improvement
542,65,Female,South,Business,1 Year,59,79.92,236.05,Bank Transfer,Standard,2,4.5,4.9,33.0,954.48,1512.9,2026-08-20 19:48:51.385977,Medium,Good
543,42,Female,Central,Standard,1 Year,12,39.53,746.6,Bank Transfer,Premium,3,20.0,4.8,17.0,1647.81,1995.43,2026-05-31 19:48:51.385980,Low,Good
544,57,Female,Central,Business,Monthly,3,138.28,2506.16,Bank Transfer,Basic,1,4.6,3.9,16.0,1088.19,831.32,2026-08-22 19:48:51.385984,Low,Excellent
545,62,Male,East,Business,Monthly,6,67.5,50.0,Credit Card,Premium,2,2.6,2.3,38.0,2031.08,2216.29,2026-07-10 19:48:51.385987,Medium,Good
546,70,Female,Central,Standard,Monthly,31,85.1,1375.51,Debit Card,Standard,4,7.7,2.2,47.0,2569.54,3018.71,2026-06-10 19:48:51.385991,Medium,Needs Improvement
547,18,Male,Central,Standard,2 Year,27,20.94,50.0,Credit Card,Basic,1,10.7,4.8,31.0,1219.29,291.2,2026-07-19 19:48:51.385994,Medium,Excellent
548,33,Female,Central,Premium,Monthly,82,84.53,921.93,Bank Transfer,Premium,2,5.0,4.3,46.0,2369.93,916.07,2026-07-28 19:48:51.385998,Medium,Good
549,56,Female,East,Premium,1 Year,1,67.84,2772.95,Bank Transfer,Standard,4,3.8,3.5,33.0,2021.49,235.73,2026-06-18 19:48:51.386001,Medium,Needs Improvement
550,22,Male,East,Standard,1 Year,33,76.6,1639.39,Debit Card,Standard,3,3.6,2.0,40.0,1192.79,2605.2,2026-08-10 19:48:51.386004,Medium,Good
551,39,Male,West,Business,Monthly,16,65.34,2259.81,Credit Card,Basic,2,4.4,5.0,50.0,1023.28,1422.25,2026-07-07 19:48:51.386008,Medium,Good
552,46,Male,West,Standard,Monthly,55,62.01,1636.63,Credit Card,Basic,1,14.8,3.1,10.0,1692.26,1979.05,2026-06-15 19:48:51.386011,Low,Excellent
553,72,Female,West,Standard,1 Year,20,57.3,1623.08,Mobile Money,Standard,1,5.3,3.3,21.0,1345.34,1721.67,2026-06-01 19:48:51.386015,Low,Excellent
554,20,Male,West,Business,Monthly,14,62.76,50.0,Credit Card,Premium,0,3.0,3.6,31.0,1521.04,1472.96,2026-07-24 19:48:51.386019,Medium,Excellent
555,29,Female,South,Premium,Monthly,26,101.71,2852.12,Bank Transfer,Basic,2,1.6,2.4,76.0,2384.9,1964.05,2026-07-29 19:48:51.386022,High,Good
556,43,Male,South,Basic,Monthly,43,55.82,2504.34,Credit Card,Premium,3,2.7,2.2,26.0,987.44,2876.85,2026-07-09 19:48:51.386025,Low,Good
557,33,Female,West,Basic,2 Year,7,121.47,602.98,Credit Card,Standard,3,5.0,4.0,15.0,917.7,100.0,2026-08-25 19:48:51.386029,Low,Good
558,68,Female,West,Standard,Monthly,2,66.53,2425.16,Credit Card,Standard,2,6.3,5.0,49.0,1545.21,2043.0,2026-06-16 19:48:51.386032,Medium,Good
559,54,Female,North,Standard,1 Year,13,100.0,2051.37,Mobile Money,Premium,1,7.8,5.0,4.0,1258.77,1068.9,2026-06-09 19:48:51.386036,Low,Excellent
560,39,Female,South,Basic,Monthly,5,93.6,1723.06,Credit Card,Basic,4,1.0,4.5,30.0,1488.3,2640.73,2026-06-24 19:48:51.386039,Low,Needs Improvement
561,74,Male,North,Basic,Monthly,13,25.91,1370.11,Cash,Premium,2,7.6,5.0,12.0,1419.15,1575.5,2026-08-25 19:48:51.386044,Low,Good
562,46,Male,North,Standard,2 Year,113,31.2,1119.5,Mobile Money,Premium,0,3.5,4.6,7.000000000000001,819.34,2476.05,2026-08-23 19:48:51.386048,Low,Excellent
563,31,Female,Central,Business,1 Year,20,48.04,2592.13,Bank Transfer,Basic,2,2.4,5.0,17.0,994.68,1972.62,2026-05-31 19:48:51.386051,Low,Good
564,45,Male,East,Standard,Monthly,28,26.41,1307.94,Debit Card,Standard,3,3.2,3.8,10.0,1280.27,1357.2,2026-07-06 19:48:51.386055,Low,Good
565,22,Male,South,Standard,1 Year,27,54.67,1577.79,Cash,Basic,2,12.3,4.2,25.0,1164.58,1476.22,2026-07-22 19:48:51.386058,Low,Good
566,64,Male,West,Standard,Monthly,41,65.7,2525.6,Debit Card,Standard,3,13.0,4.3,21.0,1292.37,1468.54,2026-08-16 19:48:51.386061,Low,Good
567,66,Male,West,Standard,1 Year,69,81.22,2130.22,Debit Card,Standard,2,1.0,3.9,7.000000000000001,1495.33,3348.96,2026-08-26 19:48:51.386065,Low,Good
568,47,Male,East,Basic,Monthly,25,69.51,211.96,Bank Transfer,Premium,1,5.5,3.4,32.0,1325.97,148.05,2026-06-11 19:48:51.386068,Medium,Excellent
569,63,Female,South,Standard,1 Year,15,65.13,732.47,Credit Card,Basic,2,6.0,4.7,2.0,795.66,2312.98,2026-07-30 19:48:51.386072,Low,Good
570,69,Male,West,Business,1 Year,9,90.59,542.13,Credit Card,Standard,0,1.0,3.3,33.0,1305.29,783.15,2026-07-02 19:48:51.386075,Medium,Excellent
571,22,Female,West,Premium,Monthly,10,87.25,1556.05,Cash,Standard,3,10.1,4.3,6.0,2167.57,1503.95,2026-07-31 19:48:51.386079,Low,Good
572,29,Male,Central,Standard,2 Year,9,112.7,814.29,Mobile Money,Standard,0,3.7,3.5,37.0,2765.72,731.02,2026-06-05 19:48:51.386082,Medium,Excellent
573,33,Female,North,Premium,2 Year,9,69.67,894.36,Debit Card,Basic,3,4.3,5.0,11.0,2236.23,1484.52,2026-07-16 19:48:51.386086,Low,Good
574,43,Male,West,Business,Monthly,28,20.0,1012.43,Debit Card,Basic,3,7.5,5.0,24.0,458.16,100.0,2026-06-17 19:48:51.386089,Low,Good
575,43,Female,South,Standard,2 Year,21,75.68,1496.75,Mobile Money,Basic,4,5.1,3.1,28.000000000000004,728.93,2066.73,2026-08-21 19:48:51.386093,Low,Needs Improvement
576,65,Female,East,Standard,1 Year,5,121.73,991.13,Bank Transfer,Basic,0,11.0,3.5,8.0,540.71,694.22,2026-06-14 19:48:51.386096,Low,Excellent
577,38,Male,Central,Basic,1 Year,83,90.65,1974.68,Debit Card,Basic,0,7.2,3.4,22.0,2161.54,1868.2,2026-06-08 19:48:51.386100,Low,Excellent
578,56,Female,South,Business,2 Year,13,96.38,327.54,Debit Card,Standard,2,2.0,4.0,11.0,2121.16,1263.06,2026-08-23 19:48:51.386103,Low,Good
579,53,Female,Central,Business,Monthly,20,67.37,50.0,Credit Card,Basic,3,16.4,1.3,31.0,1589.98,3462.86,2026-06-24 19:48:51.386107,Medium,Good
580,50,Female,North,Premium,1 Year,29,87.83,678.06,Credit Card,Premium,2,1.9,4.4,34.0,2717.67,2554.1,2026-06-12 19:48:51.386110,Medium,Good
581,47,Female,West,Standard,2 Year,22,97.7,386.59,Cash,Basic,2,10.0,2.1,39.0,1191.0,1114.1,2026-07-18 19:48:51.386114,Medium,Good
582,54,Male,South,Business,Monthly,8,56.64,1244.58,Cash,Standard,1,12.6,3.1,48.0,1496.51,684.52,2026-06-30 19:48:51.386117,Medium,Excellent
583,40,Female,East,Standard,Monthly,38,52.48,880.21,Debit Card,Standard,2,9.3,4.6,75.0,1562.71,1801.41,2026-06-03 19:48:51.386121,High,Good
584,27,Male,North,Business,Monthly,2,76.37,161.02,Debit Card,Basic,0,4.4,5.0,16.0,596.21,3661.73,2026-06-09 19:48:51.386124,Low,Excellent
585,71,Male,North,Standard,1 Year,20,89.23,145.93,Mobile Money,Basic,1,16.8,3.6,28.000000000000004,701.16,2565.8,2026-06-28 19:48:51.386128,Low,Excellent
586,22,Female,Central,Basic,1 Year,7,20.0,1346.32,Bank Transfer,Basic,2,3.2,4.3,37.0,1288.41,1953.73,2026-06-22 19:48:51.386131,Medium,Good
587,53,Male,North,Premium,Monthly,22,60.13,1920.63,Credit Card,Standard,4,9.3,2.4,34.0,344.97,2381.04,2026-07-05 19:48:51.386135,Medium,Needs Improvement
588,51,Female,South,Standard,Monthly,5,20.0,635.41,Debit Card,Premium,1,16.8,3.4,45.0,976.81,1739.81,2026-07-05 19:48:51.386138,Medium,Excellent
589,69,Female,Central,Standard,Monthly,35,61.94,1130.13,Credit Card,Premium,1,1.4,2.8,31.0,2147.52,2526.82,2026-06-30 19:48:51.386142,Medium,Excellent
590,48,Female,North,Basic,Monthly,6,107.24,686.3,Cash,Basic,2,8.5,4.1,22.0,1231.08,1858.2,2026-07-10 19:48:51.386145,Low,Good
591,27,Female,East,Standard,1 Year,53,49.4,1078.64,Bank Transfer,Premium,3,18.5,2.5,30.0,2192.02,976.21,2026-06-16 19:48:51.386149,Low,Good
592,36,Male,South,Standard,Monthly,47,57.85,2609.78,Credit Card,Standard,2,1.0,5.0,26.0,1862.16,231.07,2026-07-07 19:48:51.386152,Low,Good
593,49,Male,East,Basic,1 Year,10,81.55,3199.63,Cash,Basic,1,1.3,3.0,31.0,1703.77,2638.08,2026-07-25 19:48:51.386156,Medium,Excellent
594,18,Male,East,Standard,1 Year,11,89.84,842.94,Cash,Basic,3,3.8,3.5,1.0,2436.9,1562.38,2026-07-31 19:48:51.386160,Low,Good
595,73,Male,Central,Standard,2 Year,29,88.9,790.92,Debit Card,Basic,3,41.4,2.9,40.0,1267.45,1552.02,2026-07-01 19:48:51.386163,Medium,Good
596,22,Male,West,Premium,Monthly,2,65.93,1545.71,Bank Transfer,Standard,1,2.0,2.3,32.0,1288.55,1393.17,2026-08-13 19:48:51.386167,Medium,Excellent
597,62,Male,Central,Basic,2 Year,2,79.26,1296.43,Bank Transfer,Premium,3,3.1,1.8,16.0,1161.98,3062.86,2026-08-09 19:48:51.386171,Low,Good
598,21,Female,South,Basic,Monthly,3,78.16,1744.99,Bank Transfer,Basic,2,14.4,1.0,14.000000000000002,1234.48,556.55,2026-07-27 19:48:51.386174,Low,Good
599,33,Female,South,Basic,1 Year,19,47.41,1100.11,Bank Transfer,Standard,3,1.1,3.6,66.0,300.0,837.15,2026-06-01 19:48:51.386177,High,Good
600,41,Male,Central,Basic,1 Year,3,21.22,1054.34,Bank Transfer,Basic,2,44.6,5.0,36.0,1137.52,1922.04,2026-05-30 19:48:51.386181,Medium,Good
601,33,Female,West,Basic,Monthly,7,42.57,1553.26,Cash,Basic,0,10.7,3.2,59.0,2690.8,2425.3,2026-06-09 19:48:51.386184,Medium,Excellent
602,72,Male,Central,Standard,Monthly,24,100.97,1393.74,Debit Card,Premium,5,25.6,2.3,16.0,1110.98,453.53,2026-08-26 19:48:51.386188,Low,Needs Improvement
603,19,Male,South,Basic,Monthly,1,120.33,814.38,Credit Card,Basic,0,1.2,2.8,18.0,1810.15,1991.66,2026-07-03 19:48:51.386192,Low,Excellent
604,66,Female,West,Standard,1 Year,4,62.72,1299.11,Credit Card,Basic,4,2.1,3.4,6.0,1197.75,1745.47,2026-06-09 19:48:51.386195,Low,Needs Improvement
605,45,Female,South,Standard,Monthly,63,100.0,1301.25,Credit Card,Premium,4,3.7,2.9,56.00000000000001,828.28,1528.01,2026-07-13 19:48:51.386199,Medium,Needs Improvement
606,49,Female,West,Business,2 Year,26,57.57,50.0,Debit Card,Basic,4,1.0,4.9,9.0,1717.58,3230.1,2026-07-30 19:48:51.386202,Low,Needs Improvement
607,44,Male,West,Business,Monthly,8,73.73,1154.32,Credit Card,Basic,4,1.0,5.0,2.0,525.11,100.0,2026-06-12 19:48:51.386205,Low,Needs Improvement
608,37,Female,Central,Basic,2 Year,1,49.64,1922.48,Mobile Money,Standard,0,18.7,3.5,31.0,2365.97,347.14,2026-06-25 19:48:51.386209,Medium,Excellent
609,41,Female,Central,Standard,Monthly,21,90.36,849.13,Mobile Money,Standard,2,1.0,1.9,15.0,1686.72,2642.23,2026-08-26 19:48:51.386212,Low,Good
610,29,Female,Central,Business,Monthly,6,49.03,604.77,Mobile Money,Premium,1,11.1,2.6,16.0,1123.37,1437.6,2026-07-22 19:48:51.386216,Low,Excellent
611,67,Female,West,Business,Monthly,77,42.68,607.86,Mobile Money,Standard,0,10.1,3.6,49.0,1620.98,2923.9,2026-06-27 19:48:51.386219,Medium,Excellent
612,52,Female,West,Basic,2 Year,27,66.17,1462.87,Credit Card,Basic,0,1.0,2.2,42.0,1031.09,3385.76,2026-07-07 19:48:51.386223,Medium,Excellent
613,50,Female,South,Standard,1 Year,87,85.42,410.62,Debit Card,Basic,2,1.7,3.8,1.0,1263.83,2158.91,2026-06-26 19:48:51.386226,Low,Good
614,50,Female,East,Standard,Monthly,45,69.09,1390.44,Debit Card,Premium,3,4.9,4.3,23.0,2013.25,1384.77,2026-06-05 19:48:51.386230,Low,Good
615,68,Female,Central,Standard,Monthly,15,53.27,1327.16,Credit Card,Basic,2,8.2,3.6,56.99999999999999,1765.65,2748.68,2026-08-17 19:48:51.386236,Medium,Good
616,60,Female,South,Standard,Monthly,26,42.51,132.91,Cash,Premium,1,18.1,3.8,48.0,2217.11,2106.38,2026-06-22 19:48:51.386242,Medium,Excellent
617,54,Male,South,Premium,1 Year,40,22.83,1956.42,Bank Transfer,Basic,1,6.0,2.6,38.0,1850.02,202.37,2026-07-10 19:48:51.386247,Medium,Excellent
618,29,Female,North,Standard,Monthly,20,53.59,2201.33,Credit Card,Premium,3,22.0,2.9,23.0,1632.76,2173.59,2026-06-19 19:48:51.386253,Low,Good
619,20,Male,Central,Basic,1 Year,1,61.18,1401.12,Credit Card,Premium,1,1.7,3.7,12.0,582.92,4205.43,2026-07-23 19:48:51.386260,Low,Excellent
620,18,Male,South,Standard,1 Year,15,78.85,1230.91,Debit Card,Standard,3,7.8,3.2,32.0,959.21,1903.52,2026-08-03 19:48:51.386266,Medium,Good
621,50,Female,North,Standard,2 Year,3,35.82,799.33,Credit Card,Standard,2,14.9,3.8,55.00000000000001,1209.27,1327.81,2026-06-05 19:48:51.386272,Medium,Good
622,57,Female,Central,Premium,1 Year,30,81.7,830.11,Credit Card,Standard,1,2.1,2.5,44.0,300.0,1049.24,2026-06-04 19:48:51.386275,Medium,Excellent
623,27,Female,West,Standard,Monthly,27,50.15,853.57,Bank Transfer,Standard,3,12.4,2.0,38.0,1206.55,1194.28,2026-08-19 19:48:51.386279,Medium,Good
624,60,Male,North,Premium,2 Year,118,52.16,1794.65,Cash,Standard,3,4.1,3.5,34.0,1444.12,1272.72,2026-06-07 19:48:51.386282,Medium,Good
625,61,Female,West,Standard,Monthly,23,96.22,1658.22,Cash,Standard,4,48.0,5.0,47.0,1742.76,1344.1,2026-08-18 19:48:51.386286,Medium,Needs Improvement
626,46,Male,East,Standard,Monthly,38,20.0,50.0,Debit Card,Standard,5,1.0,1.9,49.0,448.76,1217.08,2026-08-27 19:48:51.386289,Medium,Needs Improvement
627,30,Female,East,Basic,2 Year,7,34.33,50.0,Debit Card,Basic,2,6.4,5.0,30.0,895.7,2493.93,2026-08-24 19:48:51.386293,Low,Good
628,29,Female,East,Standard,Monthly,9,66.14,537.33,Cash,Basic,3,12.2,5.0,14.000000000000002,1244.99,1900.16,2026-08-02 19:48:51.386297,Low,Good
629,48,Female,East,Business,Monthly,59,64.88,828.04,Mobile Money,Basic,1,9.0,1.5,18.0,2549.81,2459.05,2026-06-14 19:48:51.386300,Low,Excellent
630,63,Female,South,Standard,Monthly,33,22.45,1544.89,Bank Transfer,Standard,2,5.6,5.0,24.0,2177.66,644.3,2026-07-06 19:48:51.386304,Low,Good
631,19,Female,East,Standard,Monthly,25,52.64,768.57,Mobile Money,Premium,1,5.8,2.1,26.0,1059.98,1445.23,2026-08-05 19:48:51.386307,Low,Excellent
632,68,Female,South,Premium,Monthly,7,88.95,1535.16,Debit Card,Standard,1,4.2,4.3,24.0,1866.62,1558.38,2026-06-21 19:48:51.386311,Low,Excellent
633,67,Male,South,Standard,Monthly,28,35.93,2477.12,Credit Card,Standard,1,3.4,5.0,36.0,753.47,1028.85,2026-08-26 19:48:51.386314,Medium,Excellent
634,52,Male,Central,Basic,Monthly,52,92.02,734.0,Cash,Standard,4,7.2,4.3,16.0,531.92,1264.16,2026-08-27 19:48:51.386318,Low,Needs Improvement
635,40,Female,South,Business,2 Year,6,47.1,467.96,Debit Card,Basic,6,11.0,4.4,22.0,991.24,258.05,2026-08-19 19:48:51.386321,Low,Needs Improvement
636,34,Female,South,Standard,1 Year,29,20.0,298.37,Bank Transfer,Premium,0,2.6,4.8,17.0,1378.08,641.76,2026-06-30 19:48:51.386325,Low,Excellent
637,43,Male,East,Basic,1 Year,12,85.48,372.26,Debit Card,Standard,2,23.4,5.0,10.0,1437.48,2115.74,2026-06-16 19:48:51.386331,Low,Good
638,25,Female,South,Standard,1 Year,3,71.27,1643.49,Credit Card,Premium,3,3.6,3.1,35.0,2321.28,2119.18,2026-06-05 19:48:51.386334,Medium,Good
639,46,Male,West,Basic,2 Year,34,28.35,1806.86,Credit Card,Basic,2,4.6,5.0,38.0,539.02,342.98,2026-07-06 19:48:51.386338,Medium,Good
640,43,Female,East,Business,2 Year,4,51.43,1701.36,Credit Card,Standard,4,4.2,2.3,42.0,2143.85,1233.21,2026-06-12 19:48:51.386341,Medium,Needs Improvement
641,27,Female,North,Business,2 Year,6,108.12,360.61,Credit Card,Premium,4,1.0,2.3,39.0,2451.77,623.29,2026-07-17 19:48:51.386345,Medium,Needs Improvement
642,43,Female,East,Standard,2 Year,36,81.46,893.24,Credit Card,Standard,1,1.0,4.2,18.0,2313.41,765.38,2026-08-03 19:48:51.386348,Low,Excellent
643,51,Female,South,Basic,Monthly,32,92.88,895.7,Bank Transfer,Standard,0,12.7,5.0,37.0,2406.34,100.0,2026-08-18 19:48:51.386352,Medium,Excellent
644,68,Male,West,Basic,1 Year,7,36.54,2573.15,Cash,Basic,2,3.8,4.5,34.0,1109.27,464.2,2026-08-11 19:48:51.386356,Medium,Good
645,58,Male,East,Business,1 Year,67,95.63,1436.79,Mobile Money,Basic,4,1.9,3.3,37.0,1973.65,670.47,2026-08-23 19:48:51.386359,Medium,Needs Improvement
646,24,Female,West,Standard,1 Year,5,29.4,1288.34,Credit Card,Standard,1,9.8,3.3,15.0,2253.7,1705.48,2026-06-12 19:48:51.386363,Low,Excellent
647,21,Female,North,Business,Monthly,120,30.19,1422.38,Mobile Money,Basic,2,25.7,2.8,30.0,1575.71,1712.42,2026-08-15 19:48:51.386366,Low,Good
648,70,Male,North,Premium,Monthly,32,85.88,856.45,Debit Card,Basic,5,22.1,4.2,17.0,1302.96,1410.74,2026-07-26 19:48:51.386370,Low,Needs Improvement
649,67,Female,Central,Standard,Monthly,11,31.72,1522.43,Bank Transfer,Premium,3,10.3,4.4,34.0,576.53,2249.78,2026-06-26 19:48:51.386373,Medium,Good
650,62,Male,Central,Standard,2 Year,3,102.94,817.24,Credit Card,Premium,2,1.7,5.0,41.0,2748.41,2266.75,2026-06-28 19:48:51.386377,Medium,Good
651,28,Female,East,Business,1 Year,9,33.69,2342.17,Debit Card,Premium,1,1.3,2.1,45.0,750.56,1900.53,2026-08-06 19:48:51.386380,Medium,Excellent
652,46,Female,Central,Business,Monthly,5,40.7,502.9,Mobile Money,Standard,1,16.4,5.0,68.0,2228.35,1753.16,2026-07-09 19:48:51.386384,High,Excellent
653,73,Male,West,Standard,Monthly,23,93.83,1351.16,Debit Card,Standard,4,26.3,2.4,39.0,959.77,257.13,2026-08-16 19:48:51.386388,Medium,Needs Improvement
654,53,Male,Central,Basic,1 Year,10,49.48,1736.34,Credit Card,Basic,2,7.8,2.6,31.0,2033.64,2126.71,2026-08-09 19:48:51.386391,Medium,Good
655,42,Female,West,Basic,Monthly,8,84.88,1136.01,Debit Card,Premium,3,18.5,3.6,30.0,908.91,2132.71,2026-06-03 19:48:51.386395,Low,Good
656,38,Female,Central,Premium,Monthly,33,37.17,1301.6,Credit Card,Standard,0,13.5,3.8,62.0,1467.66,1622.64,2026-08-22 19:48:51.386398,High,Excellent
657,74,Female,Central,Basic,Monthly,6,58.08,1039.06,Bank Transfer,Standard,0,1.3,4.5,17.0,1744.21,2355.37,2026-07-03 19:48:51.386402,Low,Excellent
658,53,Female,Central,Standard,Monthly,21,83.52,469.52,Cash,Basic,0,2.0,4.6,14.000000000000002,1738.97,786.21,2026-05-31 19:48:51.386405,Low,Excellent
659,27,Female,South,Basic,Monthly,5,43.86,2587.21,Bank Transfer,Standard,2,1.0,4.6,65.0,511.63,1601.96,2026-08-24 19:48:51.386409,High,Good
660,54,Female,South,Business,1 Year,30,90.57,913.14,Mobile Money,Premium,1,5.1,5.0,53.0,871.97,1395.59,2026-08-03 19:48:51.386412,Medium,Excellent
661,26,Female,Central,Standard,Monthly,23,55.99,155.48,Mobile Money,Standard,0,3.1,5.0,8.0,1085.87,2926.21,2026-08-09 19:48:51.386416,Low,Excellent
662,41,Female,West,Basic,Monthly,38,68.0,621.55,Credit Card,Premium,4,4.4,2.3,24.0,1769.46,1176.61,2026-07-05 19:48:51.386419,Low,Needs Improvement
663,52,Male,East,Business,1 Year,1,39.93,2263.0,Credit Card,Standard,2,1.0,3.3,48.0,2063.69,1248.73,2026-08-18 19:48:51.386423,Medium,Good
664,66,Male,North,Basic,1 Year,5,45.74,3021.7,Debit Card,Standard,2,10.2,3.1,39.0,908.38,1666.9,2026-05-31 19:48:51.386426,Medium,Good
665,52,Female,South,Basic,Monthly,4,43.9,1497.37,Credit Card,Basic,0,1.8,3.6,18.0,1218.12,2350.12,2026-08-10 19:48:51.386430,Low,Excellent
666,65,Male,Central,Basic,1 Year,5,49.78,1831.79,Bank Transfer,Basic,5,3.7,5.0,16.0,300.0,271.74,2026-06-15 19:48:51.386433,Low,Needs Improvement
667,53,Female,North,Business,2 Year,2,103.66,2677.17,Credit Card,Premium,3,4.1,4.7,26.0,1145.53,2060.02,2026-08-25 19:48:51.386437,Low,Good
668,35,Female,South,Business,2 Year,19,93.02,431.24,Debit Card,Basic,3,1.0,3.7,48.0,2019.33,413.84,2026-07-22 19:48:51.386441,Medium,Good
669,66,Female,East,Business,1 Year,21,76.29,1513.87,Debit Card,Premium,2,3.6,5.0,8.0,1640.7,1660.27,2026-06-27 19:48:51.386444,Low,Good
670,56,Male,West,Basic,1 Year,44,48.53,2661.33,Debit Card,Premium,1,18.4,5.0,18.0,809.2,140.13,2026-06-22 19:48:51.386448,Low,Excellent
671,49,Male,Central,Business,Monthly,12,43.95,1871.39,Bank Transfer,Basic,3,17.9,2.2,41.0,1564.74,1065.5,2026-07-25 19:48:51.386451,Medium,Good
672,41,Male,East,Standard,1 Year,18,40.76,982.16,Cash,Basic,3,1.0,2.7,28.999999999999996,740.22,1897.83,2026-08-21 19:48:51.386455,Low,Good
673,40,Male,South,Standard,1 Year,113,57.4,1489.37,Credit Card,Standard,3,1.0,4.3,28.999999999999996,934.29,1057.03,2026-08-03 19:48:51.386458,Low,Good
674,49,Male,Central,Standard,Monthly,18,72.0,2690.12,Bank Transfer,Basic,3,7.2,3.6,24.0,2293.26,2482.09,2026-06-20 19:48:51.386462,Low,Good
675,54,Female,North,Business,Monthly,20,80.36,1321.11,Credit Card,Basic,2,1.8,4.7,22.0,1408.82,2030.06,2026-08-08 19:48:51.386466,Low,Good
676,29,Female,West,Standard,1 Year,120,65.36,461.03,Credit Card,Standard,3,18.3,3.3,19.0,1356.54,1169.55,2026-08-27 19:48:51.386470,Low,Good
677,66,Female,South,Basic,2 Year,120,79.14,1689.24,Credit Card,Standard,1,5.3,4.8,32.0,1729.55,2506.91,2026-08-12 19:48:51.386473,Medium,Excellent
678,72,Female,West,Premium,Monthly,13,88.4,477.25,Debit Card,Standard,0,3.2,3.8,26.0,1741.27,2233.76,2026-06-10 19:48:51.386477,Low,Excellent
679,30,Male,Central,Basic,Monthly,24,55.71,612.57,Bank Transfer,Premium,5,24.5,4.5,12.0,1618.04,2303.55,2026-07-30 19:48:51.386480,Low,Needs Improvement
680,40,Female,East,Standard,1 Year,15,92.46,827.81,Credit Card,Basic,1,3.1,4.3,33.0,1928.88,2229.09,2026-06-30 19:48:51.386484,Medium,Excellent
681,42,Female,West,Standard,Monthly,30,40.41,1185.11,Debit Card,Basic,2,3.1,3.5,32.0,300.0,523.48,2026-08-03 19:48:51.386487,Medium,Good
682,52,Male,North,Standard,1 Year,66,79.66,523.57,Credit Card,Basic,4,1.1,5.0,7.000000000000001,1566.02,1688.12,2026-06-12 19:48:51.386491,Low,Needs Improvement
683,58,Female,South,Business,Monthly,8,65.8,1528.52,Bank Transfer,Standard,1,2.0,3.5,30.0,2009.83,1933.44,2026-08-13 19:48:51.386494,Low,Excellent
684,47,Male,North,Standard,Monthly,41,69.38,922.14,Bank Transfer,Premium,0,11.4,5.0,48.0,1636.5,2587.89,2026-07-24 19:48:51.386498,Medium,Excellent
685,34,Female,West,Basic,1 Year,25,55.8,1855.01,Mobile Money,Premium,1,11.4,1.6,33.0,654.34,569.92,2026-06-19 19:48:51.386501,Medium,Excellent
686,66,Female,East,Business,Monthly,7,96.18,1232.73,Debit Card,Basic,2,3.9,2.5,26.0,1554.45,2677.08,2026-07-26 19:48:51.386505,Low,Good
687,37,Male,East,Standard,Monthly,38,49.89,1076.78,Bank Transfer,Basic,0,3.4,4.1,19.0,1684.32,1812.82,2026-07-28 19:48:51.386508,Low,Excellent
688,65,Female,North,Premium,Monthly,13,99.69,1108.48,Credit Card,Basic,2,4.3,2.0,48.0,1264.83,826.04,2026-07-08 19:48:51.386512,Medium,Good
689,42,Female,Central,Basic,Monthly,3,99.85,2367.91,Credit Card,Standard,5,2.9,3.2,23.0,1975.14,1044.59,2026-08-25 19:48:51.386515,Low,Needs Improvement
690,39,Female,Central,Standard,1 Year,120,76.28,1905.95,Bank Transfer,Premium,3,7.5,4.8,38.0,914.1,3275.23,2026-06-11 19:48:51.386519,Medium,Good
691,30,Male,East,Standard,1 Year,13,57.18,56.97,Bank Transfer,Premium,2,14.5,3.6,15.0,1314.05,551.49,2026-08-27 19:48:51.386522,Low,Good
692,36,Female,North,Premium,Monthly,18,44.06,800.53,Cash,Premium,7,1.0,4.7,15.0,2093.99,1264.03,2026-07-01 19:48:51.386525,Low,Needs Improvement
693,66,Male,North,Basic,Monthly,39,20.0,1277.09,Cash,Premium,0,22.0,5.0,22.0,1105.54,1098.16,2026-07-25 19:48:51.386529,Low,Excellent
694,53,Male,North,Business,Monthly,77,78.5,50.0,Mobile Money,Standard,2,1.0,4.4,22.0,1154.82,1944.46,2026-07-19 19:48:51.386533,Low,Good
695,29,Male,West,Standard,1 Year,49,37.21,1543.03,Cash,Basic,1,18.4,2.6,30.0,821.32,952.41,2026-07-29 19:48:51.386536,Low,Excellent
696,58,Female,Central,Standard,Monthly,17,40.71,521.18,Bank Transfer,Basic,2,2.1,3.6,19.0,1053.57,2306.61,2026-07-19 19:48:51.386540,Low,Good
697,36,Female,Central,Basic,2 Year,18,78.78,612.16,Credit Card,Standard,0,19.9,3.7,35.0,1170.91,2815.02,2026-06-19 19:48:51.386544,Medium,Excellent
698,29,Female,West,Business,1 Year,7,54.25,638.48,Credit Card,Standard,2,12.4,4.0,23.0,1361.29,100.0,2026-06-15 19:48:51.386547,Low,Good
699,26,Female,South,Basic,1 Year,14,70.44,2207.16,Mobile Money,Basic,1,2.5,3.3,25.0,1675.9,100.0,2026-08-14 19:48:51.386551,Low,Excellent
700,24,Male,West,Standard,1 Year,70,76.51,1687.36,Credit Card,Basic,1,1.0,3.9,22.0,2197.07,2704.9,2026-07-02 19:48:51.386554,Low,Excellent
701,45,Male,North,Standard,2 Year,31,105.12,839.53,Credit Card,Basic,2,10.1,4.9,44.0,1462.01,1565.79,2026-08-16 19:48:51.386558,Medium,Good
702,31,Male,West,Standard,2 Year,1,69.96,750.15,Debit Card,Basic,0,13.8,1.0,31.0,1833.72,2837.82,2026-07-07 19:48:51.386562,Medium,Excellent
703,48,Male,North,Basic,1 Year,2,51.26,1331.8,Debit Card,Premium,0,9.1,4.5,27.0,1255.92,2022.1,2026-06-18 19:48:51.386566,Low,Excellent
704,69,Male,East,Standard,Monthly,61,63.12,2476.5,Bank Transfer,Standard,2,3.8,3.0,8.0,1414.59,1356.98,2026-08-23 19:48:51.386569,Low,Good
705,36,Male,North,Basic,2 Year,45,50.55,994.45,Bank Transfer,Standard,0,1.1,1.5,19.0,1116.25,100.0,2026-08-05 19:48:51.386573,Low,Excellent
706,64,Male,Central,Business,Monthly,15,111.99,50.0,Bank Transfer,Basic,2,3.4,1.8,13.0,1215.61,190.07,2026-06-28 19:48:51.386576,Low,Good
707,33,Male,West,Basic,2 Year,23,74.31,1334.6,Bank Transfer,Premium,2,2.5,4.3,16.0,1395.76,2424.01,2026-07-21 19:48:51.386580,Low,Good
708,70,Male,North,Premium,1 Year,8,79.62,1418.49,Debit Card,Standard,3,10.3,3.5,36.0,1310.03,2613.19,2026-06-12 19:48:51.386583,Medium,Good
709,22,Male,South,Standard,2 Year,37,98.81,1495.35,Credit Card,Standard,4,1.4,5.0,17.0,1214.87,1563.7,2026-08-23 19:48:51.386587,Low,Needs Improvement
710,52,Female,East,Standard,2 Year,22,43.81,1169.7,Cash,Basic,4,13.7,5.0,45.0,576.58,160.85,2026-06-21 19:48:51.386591,Medium,Needs Improvement
711,29,Female,South,Standard,Monthly,28,29.34,1309.2,Debit Card,Premium,2,7.6,2.4,28.999999999999996,1609.76,3056.77,2026-08-18 19:48:51.386594,Low,Good
712,42,Female,South,Business,1 Year,11,64.43,415.69,Debit Card,Premium,0,5.3,3.7,23.0,1227.32,3348.78,2026-07-06 19:48:51.386599,Low,Excellent
713,69,Male,South,Standard,Monthly,13,29.41,2072.77,Bank Transfer,Premium,0,3.6,5.0,43.0,1250.14,2568.85,2026-06-12 19:48:51.386603,Medium,Excellent
714,38,Male,East,Business,Monthly,5,54.72,781.02,Debit Card,Standard,1,5.7,2.8,50.0,1468.18,2078.64,2026-06-26 19:48:51.386606,Medium,Excellent
715,53,Female,East,Standard,Monthly,70,20.0,993.77,Debit Card,Basic,5,6.2,5.0,30.0,1850.84,2037.67,2026-08-08 19:48:51.386610,Low,Needs Improvement
716,70,Male,East,Premium,Monthly,70,31.21,1514.65,Credit Card,Basic,3,2.2,3.7,7.000000000000001,843.76,100.0,2026-05-30 19:48:51.386613,Low,Good
717,40,Male,East,Standard,1 Year,40,95.57,1369.54,Credit Card,Basic,3,35.9,4.2,44.0,1268.57,3011.69,2026-06-27 19:48:51.386617,Medium,Good
718,33,Male,South,Premium,2 Year,65,75.12,2461.04,Credit Card,Basic,3,19.2,3.9,8.0,300.0,3191.82,2026-08-16 19:48:51.386621,Low,Good
719,74,Male,Central,Business,1 Year,26,109.94,2247.61,Cash,Basic,1,4.0,4.0,52.0,1686.3,2723.88,2026-06-07 19:48:51.386624,Medium,Excellent
720,56,Male,Central,Premium,Monthly,6,64.22,805.36,Bank Transfer,Basic,3,2.3,4.8,33.0,2307.34,100.0,2026-07-02 19:48:51.386628,Medium,Good
721,62,Male,East,Standard,2 Year,34,63.26,2782.53,Credit Card,Premium,2,2.9,2.8,23.0,1935.94,2584.6,2026-07-06 19:48:51.386631,Low,Good
722,70,Female,West,Basic,2 Year,9,70.39,1959.47,Bank Transfer,Standard,1,31.4,4.0,15.0,785.31,1208.73,2026-07-31 19:48:51.386635,Low,Excellent
723,59,Male,North,Basic,1 Year,13,150.0,1304.04,Credit Card,Premium,2,4.2,4.0,26.0,1112.11,1468.08,2026-07-24 19:48:51.386638,Low,Good
724,56,Male,West,Premium,1 Year,7,91.32,669.68,Debit Card,Basic,0,19.4,4.2,65.0,1489.81,174.34,2026-06-20 19:48:51.386642,High,Excellent
725,31,Female,West,Standard,2 Year,13,43.98,1148.41,Mobile Money,Basic,3,1.0,5.0,28.000000000000004,300.0,100.0,2026-07-02 19:48:51.386646,Low,Good
726,48,Male,West,Standard,Monthly,27,75.18,50.0,Mobile Money,Basic,0,12.0,3.8,28.999999999999996,1089.05,100.0,2026-08-26 19:48:51.386649,Low,Excellent
727,22,Male,Central,Standard,2 Year,2,68.81,1634.53,Bank Transfer,Premium,1,11.5,4.3,17.0,1377.53,1178.04,2026-06-17 19:48:51.386653,Low,Excellent
728,52,Female,North,Standard,2 Year,2,83.02,144.79,Cash,Basic,0,8.4,5.0,44.0,1040.75,100.0,2026-08-12 19:48:51.386656,Medium,Excellent
729,40,Male,West,Business,2 Year,27,111.83,1590.46,Cash,Basic,4,1.0,4.7,62.0,2074.05,692.27,2026-06-02 19:48:51.386660,High,Needs Improvement
730,46,Male,East,Standard,Monthly,36,79.69,816.77,Bank Transfer,Basic,1,31.9,3.9,28.000000000000004,827.42,1412.19,2026-06-09 19:48:51.386663,Low,Excellent
731,60,Female,Central,Standard,2 Year,19,55.73,1302.07,Cash,Standard,0,1.9,3.3,7.000000000000001,986.26,1358.36,2026-07-04 19:48:51.386667,Low,Excellent
732,28,Male,East,Premium,Monthly,4,111.61,707.22,Debit Card,Standard,0,9.9,5.0,47.0,2444.46,1311.03,2026-06-18 19:48:51.386671,Medium,Excellent
733,35,Female,East,Standard,1 Year,13,32.35,622.6,Credit Card,Basic,2,11.1,2.4,25.0,2371.71,1219.69,2026-06-02 19:48:51.386674,Low,Good
734,64,Female,West,Standard,2 Year,34,58.22,1787.34,Mobile Money,Standard,1,11.4,4.4,47.0,2507.83,1225.23,2026-07-11 19:48:51.386678,Medium,Excellent
735,29,Male,East,Business,Monthly,27,87.54,699.71,Credit Card,Standard,2,14.0,4.0,16.0,956.47,920.46,2026-08-12 19:48:51.386681,Low,Good
736,26,Female,North,Standard,Monthly,2,45.24,478.47,Debit Card,Basic,1,36.2,4.3,37.0,1271.04,1358.17,2026-06-23 19:48:51.386685,Medium,Excellent
737,27,Female,East,Basic,2 Year,83,63.71,359.97,Debit Card,Standard,2,1.0,4.9,28.999999999999996,397.04,1830.99,2026-08-01 19:48:51.386688,Low,Good
738,61,Male,West,Basic,2 Year,6,47.47,1883.93,Mobile Money,Basic,3,5.1,3.2,9.0,966.78,320.94,2026-06-06 19:48:51.386692,Low,Good
739,34,Female,East,Standard,2 Year,5,64.04,304.53,Credit Card,Premium,3,29.5,2.9,24.0,1725.73,2503.33,2026-08-24 19:48:51.386695,Low,Good
740,55,Male,Central,Standard,Monthly,14,47.51,1204.34,Debit Card,Standard,4,17.1,2.2,36.0,1160.6,1025.55,2026-07-17 19:48:51.386699,Medium,Needs Improvement
741,24,Female,Central,Standard,1 Year,9,66.98,2970.02,Debit Card,Standard,2,37.4,3.9,10.0,2139.15,140.09,2026-08-02 19:48:51.386703,Low,Good
742,63,Male,Central,Standard,Monthly,99,56.76,649.33,Bank Transfer,Basic,4,7.0,5.0,17.0,1431.99,1752.34,2026-06-22 19:48:51.386707,Low,Needs Improvement
743,30,Male,South,Premium,1 Year,1,98.18,575.0,Debit Card,Standard,3,8.9,2.9,31.0,1370.93,2621.31,2026-06-20 19:48:51.386710,Medium,Good
744,57,Male,Central,Standard,Monthly,8,74.64,2069.26,Bank Transfer,Premium,1,2.5,1.8,13.0,870.63,100.0,2026-06-20 19:48:51.386714,Low,Excellent
745,59,Female,Central,Standard,1 Year,11,83.45,250.44,Cash,Standard,3,4.9,2.8,5.0,1854.88,100.0,2026-06-10 19:48:51.386717,Low,Good
746,26,Male,South,Standard,Monthly,16,68.61,2068.04,Credit Card,Premium,1,1.0,4.4,39.0,837.86,2742.14,2026-07-04 19:48:51.386721,Medium,Excellent
747,67,Male,Central,Basic,2 Year,1,54.14,895.22,Mobile Money,Basic,4,10.2,3.8,26.0,1669.96,275.68,2026-06-01 19:48:51.386725,Low,Needs Improvement
748,44,Male,West,Basic,1 Year,2,73.37,1922.31,Debit Card,Basic,3,20.8,4.5,5.0,1425.86,237.09,2026-06-02 19:48:51.386728,Low,Good
749,19,Female,Central,Business,1 Year,7,70.07,1550.79,Debit Card,Standard,1,1.0,4.7,17.0,1653.27,2000.16,2026-07-26 19:48:51.386732,Low,Excellent
750,22,Female,Central,Business,Monthly,19,20.0,1659.78,Bank Transfer,Basic,1,4.8,5.0,32.0,2270.65,100.0,2026-08-22 19:48:51.386735,Medium,Excellent
751,46,Female,South,Premium,1 Year,35,65.84,845.79,Cash,Basic,2,7.8,2.9,67.0,2178.1,1920.91,2026-06-11 19:48:51.386739,High,Good
752,54,Female,West,Basic,Monthly,27,81.8,886.44,Credit Card,Standard,1,8.0,5.0,27.0,1398.3,1874.31,2026-07-01 19:48:51.386742,Low,Excellent
753,55,Female,East,Basic,Monthly,20,47.1,782.96,Bank Transfer,Basic,2,2.9,3.8,39.0,1648.94,100.0,2026-07-28 19:48:51.386746,Medium,Good
754,36,Male,North,Basic,1 Year,12,86.69,2263.19,Credit Card,Premium,0,1.0,4.5,49.0,2160.12,100.0,2026-05-30 19:48:51.386749,Medium,Excellent
755,25,Female,West,Standard,2 Year,49,73.89,1204.68,Debit Card,Standard,0,17.5,3.9,53.0,818.11,336.62,2026-07-19 19:48:51.386753,Medium,Excellent
756,65,Female,East,Basic,Monthly,14,55.08,2759.01,Bank Transfer,Standard,1,1.0,4.5,10.0,1768.41,2779.34,2026-06-21 19:48:51.386757,Low,Excellent
757,62,Female,West,Standard,Monthly,8,78.55,1385.25,Credit Card,Standard,2,1.6,3.2,12.0,1997.25,964.18,2026-06-06 19:48:51.386760,Low,Good
758,18,Female,East,Basic,1 Year,23,55.79,1052.22,Mobile Money,Standard,0,26.3,3.0,34.0,1914.22,631.89,2026-08-27 19:48:51.386764,Medium,Excellent
759,39,Male,East,Basic,2 Year,28,71.92,1027.01,Debit Card,Standard,0,5.6,4.2,14.000000000000002,2050.62,484.76,2026-08-17 19:48:51.386768,Low,Excellent
760,69,Male,West,Standard,Monthly,12,58.5,642.27,Bank Transfer,Basic,2,16.6,5.0,42.0,1667.34,1933.42,2026-08-19 19:48:51.386771,Medium,Good
761,34,Female,South,Standard,2 Year,1,78.73,1379.43,Bank Transfer,Premium,1,18.2,5.0,55.00000000000001,1119.23,1574.05,2026-08-20 19:48:51.386775,Medium,Excellent
762,24,Female,West,Basic,2 Year,2,98.67,1129.24,Bank Transfer,Standard,4,36.4,3.3,46.0,576.62,900.47,2026-06-01 19:48:51.386785,Medium,Needs Improvement
763,42,Female,West,Standard,Monthly,44,54.1,708.59,Credit Card,Standard,2,1.0,4.9,21.0,2353.82,100.0,2026-08-20 19:48:51.386790,Low,Good
764,62,Female,East,Premium,Monthly,1,87.56,1152.69,Credit Card,Basic,4,1.0,4.2,19.0,1960.13,1805.55,2026-08-07 19:48:51.386793,Low,Needs Improvement
765,21,Female,North,Premium,1 Year,21,57.53,799.64,Mobile Money,Basic,0,1.7,3.9,5.0,1663.48,693.53,2026-08-23 19:48:51.386797,Low,Excellent
766,53,Male,East,Standard,2 Year,4,57.72,1429.58,Cash,Premium,4,8.5,4.0,62.0,1161.72,1655.83,2026-07-12 19:48:51.386801,High,Needs Improvement
767,23,Female,Central,Standard,1 Year,6,55.12,1772.07,Bank Transfer,Premium,0,2.4,3.8,11.0,1919.39,100.0,2026-06-01 19:48:51.386804,Low,Excellent
768,48,Male,West,Premium,Monthly,7,22.8,698.04,Bank Transfer,Premium,4,5.5,4.4,28.999999999999996,1229.89,2787.2,2026-07-05 19:48:51.386808,Low,Needs Improvement
769,36,Male,West,Business,Monthly,1,77.51,834.43,Mobile Money,Premium,3,12.3,1.8,8.0,1165.22,1127.03,2026-06-01 19:48:51.386811,Low,Good
770,61,Male,South,Business,Monthly,4,72.1,476.79,Debit Card,Basic,0,1.6,2.0,23.0,1626.65,1968.79,2026-07-09 19:48:51.386815,Low,Excellent
771,71,Female,East,Standard,1 Year,25,69.07,2107.12,Debit Card,Basic,2,2.7,3.0,20.0,2867.25,2157.29,2026-07-15 19:48:51.386818,Low,Good
772,56,Male,South,Business,Monthly,16,103.86,50.0,Mobile Money,Premium,1,10.4,4.7,51.0,300.0,100.0,2026-07-21 19:48:51.386822,Medium,Excellent
773,44,Male,West,Premium,1 Year,38,106.62,673.24,Credit Card,Basic,1,1.0,4.3,14.000000000000002,1366.28,342.85,2026-07-16 19:48:51.386826,Low,Excellent
774,27,Female,East,Business,Monthly,1,97.7,1767.35,Mobile Money,Basic,4,11.3,4.0,18.0,1270.39,1544.26,2026-08-26 19:48:51.386829,Low,Needs Improvement
775,43,Male,East,Business,Monthly,52,59.12,695.03,Debit Card,Premium,5,9.0,5.0,28.999999999999996,1123.66,100.0,2026-08-01 19:48:51.386832,Low,Needs Improvement
776,36,Female,Central,Basic,Monthly,120,57.85,665.76,Debit Card,Standard,2,1.1,3.3,18.0,1971.45,120.06,2026-07-20 19:48:51.386836,Low,Good
777,56,Female,Central,Business,Monthly,1,39.55,1737.89,Bank Transfer,Basic,3,2.2,4.3,23.0,2298.93,2433.27,2026-08-09 19:48:51.386840,Low,Good
778,20,Female,North,Basic,2 Year,82,66.55,50.0,Credit Card,Standard,1,1.0,3.4,18.0,1949.55,1902.6,2026-08-16 19:48:51.386843,Low,Excellent
779,62,Female,Central,Standard,Monthly,6,65.21,1223.3,Bank Transfer,Premium,4,7.0,3.4,15.0,948.56,1729.91,2026-08-19 19:48:51.386847,Low,Needs Improvement
780,30,Male,East,Basic,1 Year,28,78.46,759.88,Bank Transfer,Premium,1,4.0,5.0,41.0,1788.78,2518.73,2026-07-12 19:48:51.386850,Medium,Excellent
781,67,Female,Central,Business,Monthly,8,38.28,776.13,Credit Card,Standard,0,4.4,3.5,28.999999999999996,1789.1,2725.88,2026-07-05 19:48:51.386853,Low,Excellent
782,45,Male,North,Business,Monthly,17,55.64,2053.88,Debit Card,Premium,2,1.0,4.1,9.0,1240.32,2647.44,2026-05-31 19:48:51.386857,Low,Good
783,37,Female,West,Premium,Monthly,17,22.63,1183.59,Debit Card,Standard,1,3.5,3.8,5.0,1411.22,1354.49,2026-06-30 19:48:51.386861,Low,Excellent
784,45,Male,Central,Business,Monthly,10,47.1,276.72,Bank Transfer,Basic,1,20.1,3.8,43.0,2278.16,100.0,2026-07-08 19:48:51.386864,Medium,Excellent
785,25,Female,East,Standard,Monthly,30,87.32,50.0,Credit Card,Standard,3,1.0,4.4,22.0,300.0,546.19,2026-07-03 19:48:51.386868,Low,Good
786,58,Male,West,Premium,2 Year,21,37.46,1151.56,Bank Transfer,Basic,1,29.5,2.5,9.0,2482.55,1056.25,2026-06-27 19:48:51.386871,Low,Excellent
787,56,Male,East,Business,Monthly,17,108.6,98.21,Credit Card,Basic,1,15.1,2.5,40.0,1052.26,2062.4,2026-07-03 19:48:51.386875,Medium,Excellent
788,18,Male,West,Basic,Monthly,97,90.22,2164.96,Bank Transfer,Basic,1,1.8,3.7,30.0,1339.15,100.0,2026-08-02 19:48:51.386878,Low,Excellent
789,20,Male,East,Standard,2 Year,67,77.53,316.92,Mobile Money,Basic,1,9.8,3.5,46.0,1361.8,2018.8,2026-05-30 19:48:51.386882,Medium,Excellent
790,30,Female,Central,Premium,Monthly,74,98.34,1190.17,Mobile Money,Standard,4,1.0,4.6,21.0,1082.61,1467.01,2026-07-02 19:48:51.386885,Low,Needs Improvement
791,45,Male,Central,Premium,1 Year,51,61.97,50.0,Mobile Money,Basic,2,1.4,5.0,45.0,948.38,1227.86,2026-06-13 19:48:51.386889,Medium,Good
792,74,Female,North,Premium,Monthly,7,46.56,50.0,Debit Card,Basic,1,5.4,2.5,38.0,1451.07,4162.65,2026-07-01 19:48:51.386892,Medium,Excellent
793,66,Female,West,Basic,Monthly,10,62.6,1032.31,Cash,Basic,2,4.1,2.5,34.0,422.54,516.29,2026-07-22 19:48:51.386896,Medium,Good
794,42,Female,North,Basic,1 Year,6,22.03,3759.18,Credit Card,Basic,3,13.5,3.4,66.0,1233.82,2170.63,2026-06-02 19:48:51.386899,High,Good
795,73,Male,South,Basic,2 Year,102,94.77,750.39,Debit Card,Basic,1,22.4,3.3,24.0,1861.14,872.59,2026-08-13 19:48:51.386903,Low,Excellent
796,50,Male,Central,Basic,Monthly,3,56.28,1752.47,Credit Card,Basic,1,22.9,3.9,28.000000000000004,1406.92,2281.52,2026-06-16 19:48:51.386909,Low,Excellent
797,55,Female,West,Standard,Monthly,10,46.12,805.28,Bank Transfer,Standard,1,1.3,4.9,51.0,1184.27,100.0,2026-06-01 19:48:51.386912,Medium,Excellent
798,70,Male,North,Business,Monthly,5,49.01,2013.48,Mobile Money,Basic,2,9.3,4.2,28.999999999999996,1570.78,1100.37,2026-08-05 19:48:51.386916,Low,Good
799,23,Male,North,Standard,Monthly,6,65.41,1126.65,Mobile Money,Standard,3,6.8,4.6,66.0,2194.4,1291.03,2026-07-12 19:48:51.386919,High,Good
800,61,Female,South,Basic,2 Year,6,67.99,202.84,Credit Card,Premium,0,3.7,3.3,8.0,2056.74,2143.97,2026-07-08 19:48:51.386923,Low,Excellent
801,62,Female,North,Basic,Monthly,24,61.35,1000.5,Credit Card,Basic,4,42.1,2.9,42.0,512.88,1007.66,2026-07-28 19:48:51.386926,Medium,Needs Improvement
802,49,Female,East,Standard,2 Year,1,61.24,50.0,Bank Transfer,Basic,1,4.9,3.0,71.0,1911.78,2053.54,2026-07-29 19:48:51.386930,High,Excellent
803,62,Male,Central,Standard,Monthly,20,78.74,489.03,Cash,Standard,3,8.8,3.4,35.0,1477.28,100.0,2026-07-14 19:48:51.386933,Medium,Good
804,64,Female,North,Basic,2 Year,41,37.53,1505.18,Credit Card,Premium,1,5.6,4.0,37.0,877.34,1513.01,2026-08-15 19:48:51.386937,Medium,Excellent
805,38,Male,North,Premium,1 Year,34,70.63,676.28,Cash,Premium,2,1.0,3.7,35.0,1286.22,1212.99,2026-08-21 19:48:51.386940,Medium,Good
806,33,Male,South,Basic,2 Year,3,57.05,851.76,Bank Transfer,Basic,2,1.2,3.1,40.0,1315.68,2029.73,2026-07-29 19:48:51.386944,Medium,Good
807,71,Female,East,Business,Monthly,59,20.0,1950.93,Bank Transfer,Basic,1,11.1,3.8,24.0,978.79,2952.77,2026-08-23 19:48:51.386947,Low,Excellent
808,38,Male,North,Standard,1 Year,35,37.92,798.77,Debit Card,Basic,0,12.9,3.2,30.0,2021.58,1289.97,2026-06-13 19:48:51.386951,Low,Excellent
809,28,Male,Central,Business,1 Year,1,45.2,1609.82,Mobile Money,Standard,3,3.6,2.3,8.0,2394.56,1784.76,2026-07-17 19:48:51.386954,Low,Good
810,54,Male,Central,Standard,1 Year,32,106.76,723.35,Cash,Standard,2,1.0,4.6,12.0,1041.36,534.24,2026-08-06 19:48:51.386958,Low,Good
811,53,Female,North,Standard,2 Year,32,76.31,1933.26,Credit Card,Premium,1,25.2,3.7,35.0,869.02,423.44,2026-08-06 19:48:51.386961,Medium,Excellent
812,52,Female,East,Standard,1 Year,16,71.77,2247.64,Debit Card,Premium,2,5.5,3.9,51.0,1412.81,1814.09,2026-06-24 19:48:51.386965,Medium,Good
813,36,Female,Central,Basic,2 Year,1,52.83,50.0,Mobile Money,Standard,3,1.2,4.1,14.000000000000002,2028.49,1863.38,2026-08-06 19:48:51.386968,Low,Good
814,37,Female,Central,Standard,Monthly,20,52.19,412.02,Credit Card,Basic,3,1.8,3.6,64.0,300.0,365.63,2026-08-20 19:48:51.386972,High,Good
815,74,Male,East,Basic,1 Year,34,35.43,1011.62,Debit Card,Basic,2,1.0,4.2,45.0,1438.9,985.85,2026-08-11 19:48:51.386975,Medium,Good
816,35,Male,East,Business,2 Year,7,56.84,652.28,Credit Card,Standard,2,9.9,5.0,44.0,1820.83,1179.46,2026-07-11 19:48:51.386979,Medium,Good
817,64,Male,North,Basic,Monthly,26,99.39,1886.18,Bank Transfer,Standard,3,9.7,5.0,26.0,1144.1,1682.31,2026-08-01 19:48:51.386982,Low,Good
818,58,Male,West,Business,Monthly,10,32.05,1375.49,Credit Card,Standard,2,7.4,2.9,7.000000000000001,1710.27,2323.62,2026-06-26 19:48:51.386986,Low,Good
819,66,Female,South,Business,2 Year,20,50.34,443.42,Debit Card,Basic,3,6.3,1.7,35.0,1352.6,891.8,2026-08-14 19:48:51.386989,Medium,Good
820,31,Female,West,Premium,Monthly,11,88.15,2334.04,Debit Card,Standard,2,3.8,5.0,38.0,1841.53,687.54,2026-08-23 19:48:51.386993,Medium,Good
821,32,Male,West,Standard,Monthly,8,88.09,2319.11,Credit Card,Standard,0,24.1,4.4,48.0,2135.59,1865.92,2026-07-17 19:48:51.386997,Medium,Excellent
822,48,Male,Central,Basic,Monthly,46,46.99,135.48,Bank Transfer,Standard,1,12.9,4.4,28.000000000000004,1567.77,344.2,2026-06-01 19:48:51.387000,Low,Excellent
823,18,Male,East,Business,2 Year,33,94.09,715.5,Credit Card,Standard,2,19.1,3.1,15.0,1898.5,1748.85,2026-06-21 19:48:51.387003,Low,Good
824,70,Male,Central,Standard,2 Year,10,54.13,1867.51,Mobile Money,Basic,2,3.0,3.1,51.0,300.0,1041.77,2026-08-07 19:48:51.387007,Medium,Good
825,71,Female,South,Basic,2 Year,13,36.27,1943.06,Debit Card,Standard,4,30.6,4.0,20.0,759.81,5009.97,2026-08-03 19:48:51.387011,Low,Needs Improvement
826,71,Male,North,Standard,1 Year,28,102.46,2323.01,Bank Transfer,Premium,1,1.4,4.2,27.0,1363.05,1257.56,2026-05-31 19:48:51.387014,Low,Excellent
827,20,Male,South,Basic,1 Year,39,67.3,3177.59,Bank Transfer,Standard,1,1.0,5.0,34.0,712.77,1390.44,2026-08-08 19:48:51.387018,Medium,Excellent
828,33,Female,Central,Business,Monthly,27,60.8,1534.42,Credit Card,Basic,2,3.1,4.8,61.0,1142.93,1386.26,2026-07-16 19:48:51.387021,High,Good
829,40,Male,Central,Basic,Monthly,18,69.37,2221.33,Mobile Money,Standard,0,1.8,4.1,11.0,1605.44,2826.48,2026-06-03 19:48:51.387025,Low,Excellent
830,74,Female,Central,Business,Monthly,74,40.75,3336.77,Cash,Standard,3,5.8,1.0,37.0,1368.76,2205.83,2026-07-27 19:48:51.387028,Medium,Good
831,28,Male,Central,Basic,Monthly,35,50.95,1188.33,Debit Card,Basic,5,3.4,4.1,15.0,1732.67,1838.26,2026-06-06 19:48:51.387032,Low,Needs Improvement
832,29,Female,West,Standard,2 Year,2,100.92,572.71,Debit Card,Basic,0,1.5,4.0,17.0,2033.78,1949.89,2026-08-27 19:48:51.387035,Low,Excellent
833,27,Female,North,Standard,2 Year,19,111.48,1403.92,Mobile Money,Premium,0,14.9,2.5,42.0,1730.71,101.35,2026-08-11 19:48:51.387039,Medium,Excellent
834,49,Female,West,Premium,1 Year,12,37.17,2474.58,Bank Transfer,Standard,2,5.7,4.5,27.0,1431.99,1694.95,2026-06-03 19:48:51.387042,Low,Good
835,33,Male,Central,Business,2 Year,38,55.27,2650.54,Bank Transfer,Standard,2,1.0,5.0,9.0,1072.01,2087.24,2026-07-21 19:48:51.387046,Low,Good
836,25,Female,East,Premium,2 Year,1,65.11,1317.25,Cash,Basic,1,1.0,5.0,48.0,2240.01,1330.3,2026-06-08 19:48:51.387049,Medium,Excellent
837,55,Male,West,Standard,1 Year,12,70.02,1067.91,Bank Transfer,Basic,5,3.9,4.0,18.0,1442.93,2416.09,2026-06-07 19:48:51.387053,Low,Needs Improvement
838,29,Male,Central,Business,Monthly,9,41.24,180.54,Credit Card,Premium,2,19.1,3.2,69.0,323.42,1754.46,2026-07-18 19:48:51.387056,High,Good
839,41,Male,Central,Basic,Monthly,3,81.26,1263.86,Credit Card,Basic,3,5.7,5.0,36.0,1940.63,2231.87,2026-08-17 19:48:51.387060,Medium,Good
840,45,Male,North,Premium,1 Year,11,83.15,257.18,Debit Card,Basic,3,1.2,2.9,56.00000000000001,1748.52,1817.99,2026-06-12 19:48:51.387063,Medium,Good
841,70,Female,South,Basic,Monthly,26,86.26,422.38,Bank Transfer,Basic,1,2.3,4.0,21.0,1462.04,2713.48,2026-06-17 19:48:51.387067,Low,Excellent
842,25,Female,West,Premium,Monthly,10,83.81,1388.98,Credit Card,Basic,4,1.0,2.4,5.0,1606.9,2012.71,2026-07-03 19:48:51.387070,Low,Needs Improvement
843,45,Female,West,Business,2 Year,20,67.03,178.03,Credit Card,Standard,2,14.3,5.0,37.0,901.89,100.0,2026-06-24 19:48:51.387074,Medium,Good
844,53,Female,West,Basic,Monthly,21,89.76,1484.28,Cash,Standard,2,23.4,3.1,52.0,1125.84,2311.12,2026-07-14 19:48:51.387077,Medium,Good
845,43,Female,Central,Basic,Monthly,21,78.6,1959.16,Debit Card,Standard,3,1.0,4.9,24.0,1092.04,2592.35,2026-08-16 19:48:51.387081,Low,Good
846,25,Male,North,Standard,1 Year,18,27.9,357.59,Debit Card,Standard,4,1.5,3.9,27.0,2266.86,1136.79,2026-06-29 19:48:51.387084,Low,Needs Improvement
847,67,Male,Central,Premium,1 Year,2,28.08,728.79,Credit Card,Standard,4,1.5,4.5,14.000000000000002,1117.92,1474.07,2026-08-16 19:48:51.387088,Low,Needs Improvement
848,45,Female,Central,Standard,Monthly,5,72.71,50.0,Debit Card,Basic,3,13.0,3.5,8.0,819.02,2171.58,2026-06-29 19:48:51.387091,Low,Good
849,45,Male,East,Standard,Monthly,38,97.15,1674.91,Debit Card,Premium,2,14.6,4.2,61.0,1646.79,1625.05,2026-08-21 19:48:51.387095,High,Good
850,54,Female,North,Business,2 Year,16,76.15,50.0,Cash,Standard,2,4.3,4.9,7.000000000000001,467.84,1668.76,2026-06-06 19:48:51.387098,Low,Good
851,58,Male,West,Standard,Monthly,29,79.71,1759.66,Mobile Money,Basic,1,27.9,3.2,25.0,1179.55,3645.32,2026-06-01 19:48:51.387102,Low,Excellent
852,53,Male,South,Standard,2 Year,20,38.52,1431.85,Credit Card,Basic,1,2.4,4.3,26.0,1786.38,1492.61,2026-08-22 19:48:51.387105,Low,Excellent
853,44,Male,West,Premium,Monthly,1,66.68,2927.07,Bank Transfer,Standard,1,6.0,5.0,25.0,1248.5,1476.45,2026-07-24 19:48:51.387109,Low,Excellent
854,71,Male,Central,Basic,Monthly,38,93.55,2537.64,Bank Transfer,Basic,1,44.8,2.8,35.0,1001.84,1337.25,2026-08-27 19:48:51.387112,Medium,Excellent
855,34,Male,North,Basic,Monthly,1,76.15,250.29,Credit Card,Premium,2,14.0,3.0,32.0,585.17,1668.55,2026-07-19 19:48:51.387116,Medium,Good
856,26,Female,North,Premium,1 Year,68,67.62,2660.06,Debit Card,Standard,2,5.3,2.9,28.999999999999996,932.09,944.95,2026-07-19 19:48:51.387120,Low,Good
857,50,Male,North,Standard,2 Year,5,79.85,772.24,Cash,Premium,0,1.0,3.5,16.0,1419.12,2245.45,2026-08-03 19:48:51.387123,Low,Excellent
858,70,Female,East,Premium,Monthly,17,70.66,554.53,Mobile Money,Standard,1,18.8,2.1,46.0,1345.39,100.0,2026-08-21 19:48:51.387127,Medium,Excellent
859,37,Male,West,Basic,Monthly,1,94.36,793.71,Debit Card,Premium,1,6.2,3.9,65.0,1994.43,1868.6,2026-06-09 19:48:51.387131,High,Excellent
860,30,Male,East,Standard,Monthly,54,70.64,969.53,Debit Card,Basic,2,2.9,5.0,31.0,1185.92,2070.23,2026-07-03 19:48:51.387134,Medium,Good
861,45,Male,South,Business,1 Year,93,64.23,2927.32,Bank Transfer,Basic,1,4.8,4.0,10.0,300.0,1153.6,2026-07-26 19:48:51.387138,Low,Excellent
862,65,Female,Central,Premium,Monthly,3,38.82,50.0,Debit Card,Standard,2,3.0,5.0,13.0,2004.47,582.3,2026-08-27 19:48:51.387143,Low,Good
863,46,Male,East,Premium,Monthly,8,95.36,2681.8,Debit Card,Standard,0,6.4,1.9,33.0,2349.9,2116.38,2026-08-05 19:48:51.387147,Medium,Excellent
864,30,Female,East,Standard,Monthly,1,41.49,1863.6,Debit Card,Premium,5,2.5,2.4,52.0,360.27,3031.77,2026-08-21 19:48:51.387150,Medium,Needs Improvement
865,63,Male,Central,Basic,1 Year,37,70.94,1334.25,Credit Card,Basic,1,4.7,1.8,32.0,1812.61,100.0,2026-07-05 19:48:51.387154,Medium,Excellent
866,52,Female,North,Premium,2 Year,8,85.02,720.94,Cash,Standard,1,4.4,1.0,13.0,2467.73,2315.53,2026-07-30 19:48:51.387158,Low,Excellent
867,23,Male,Central,Business,1 Year,21,109.73,1125.92,Credit Card,Premium,5,7.7,3.9,49.0,1047.15,2539.14,2026-06-19 19:48:51.387161,Medium,Needs Improvement
868,35,Female,West,Business,Monthly,1,70.67,1881.04,Bank Transfer,Standard,1,1.0,2.4,28.999999999999996,1654.06,553.22,2026-08-19 19:48:51.387167,Low,Excellent
869,68,Female,Central,Business,Monthly,30,99.78,1969.59,Cash,Premium,1,7.3,1.2,59.0,1690.59,2878.93,2026-08-08 19:48:51.387170,Medium,Excellent
870,22,Female,North,Standard,Monthly,18,65.68,534.87,Debit Card,Basic,6,7.2,3.4,13.0,1250.16,1514.14,2026-06-05 19:48:51.387174,Low,Needs Improvement
871,64,Male,Central,Standard,Monthly,30,50.99,1818.79,Credit Card,Standard,2,4.0,3.8,11.0,2401.96,100.0,2026-06-30 19:48:51.387177,Low,Good
872,42,Male,East,Standard,1 Year,37,134.16,729.5,Cash,Premium,1,2.3,4.2,61.0,851.87,1859.4,2026-07-12 19:48:51.387181,High,Excellent
873,19,Male,South,Basic,Monthly,2,34.55,1059.12,Mobile Money,Basic,3,14.6,3.6,36.0,3008.62,1730.28,2026-07-01 19:48:51.387184,Medium,Good
874,27,Female,East,Basic,Monthly,20,138.03,2250.02,Bank Transfer,Basic,1,3.4,4.5,70.0,2839.12,896.84,2026-06-20 19:48:51.387188,High,Excellent
875,73,Female,South,Standard,1 Year,25,105.71,1834.9,Bank Transfer,Basic,0,3.0,2.7,44.0,1538.44,2843.51,2026-08-10 19:48:51.387192,Medium,Excellent
876,47,Female,Central,Basic,1 Year,17,50.63,50.0,Debit Card,Basic,2,5.0,2.6,35.0,3158.01,1252.04,2026-08-22 19:48:51.387195,Medium,Good
877,67,Male,West,Basic,1 Year,4,81.25,1307.95,Bank Transfer,Basic,0,2.6,5.0,70.0,1181.88,1963.91,2026-06-18 19:48:51.387198,High,Excellent
878,62,Male,Central,Premium,2 Year,38,30.06,1535.5,Bank Transfer,Basic,3,14.2,5.0,14.000000000000002,654.31,1092.55,2026-08-25 19:48:51.387202,Low,Good
879,22,Male,North,Premium,1 Year,120,79.83,1319.0,Credit Card,Standard,2,6.7,2.2,33.0,1928.72,1023.61,2026-07-07 19:48:51.387205,Medium,Good
880,72,Female,Central,Premium,1 Year,83,73.05,50.0,Credit Card,Basic,0,11.2,4.1,11.0,1883.85,488.83,2026-06-28 19:48:51.387211,Low,Excellent
881,73,Female,South,Standard,1 Year,36,86.66,116.29,Debit Card,Premium,2,10.9,2.7,39.0,1311.4,3017.56,2026-06-13 19:48:51.387215,Medium,Good
882,50,Female,East,Basic,Monthly,12,54.9,50.0,Debit Card,Standard,0,12.4,2.6,52.0,2392.55,1942.46,2026-07-26 19:48:51.387218,Medium,Excellent
883,71,Male,West,Standard,Monthly,9,68.98,692.69,Cash,Basic,3,16.3,4.1,28.000000000000004,1026.48,893.75,2026-06-01 19:48:51.387222,Low,Good
884,18,Female,Central,Standard,2 Year,1,76.91,1310.3,Bank Transfer,Standard,4,20.2,4.1,28.000000000000004,2355.43,1619.82,2026-08-08 19:48:51.387225,Low,Needs Improvement
885,35,Female,Central,Standard,2 Year,12,52.79,782.28,Debit Card,Premium,6,3.9,3.3,19.0,1620.83,2525.75,2026-05-30 19:48:51.387229,Low,Needs Improvement
886,49,Male,East,Premium,1 Year,4,100.15,703.22,Mobile Money,Basic,2,4.7,3.4,28.000000000000004,1623.31,1409.73,2026-06-21 19:48:51.387232,Low,Good
887,64,Female,West,Business,1 Year,7,68.25,50.0,Debit Card,Premium,3,1.0,2.5,60.0,1290.45,1984.69,2026-07-09 19:48:51.387236,Medium,Good
888,66,Female,Central,Premium,Monthly,53,73.61,200.96,Cash,Standard,2,20.8,5.0,43.0,1878.58,857.47,2026-05-31 19:48:51.387239,Medium,Good
889,28,Female,Central,Premium,1 Year,83,44.18,435.58,Mobile Money,Premium,1,7.1,3.7,43.0,986.14,1490.5,2026-07-29 19:48:51.387243,Medium,Excellent
890,38,Female,South,Basic,2 Year,71,23.72,1905.33,Mobile Money,Standard,4,10.0,2.7,40.0,927.05,100.0,2026-08-11 19:48:51.387247,Medium,Needs Improvement
891,43,Male,South,Basic,2 Year,5,31.34,1544.9,Credit Card,Standard,3,4.6,3.7,27.0,1388.61,1413.78,2026-07-28 19:48:51.387250,Low,Good
892,42,Male,North,Basic,Monthly,55,79.91,1827.16,Credit Card,Basic,3,5.1,3.4,45.0,1413.96,875.48,2026-08-14 19:48:51.387254,Medium,Good
893,39,Female,East,Basic,Monthly,3,45.24,1569.55,Debit Card,Basic,3,6.3,2.9,13.0,1081.32,2665.64,2026-07-26 19:48:51.387257,Low,Good
894,44,Male,West,Basic,Monthly,17,83.22,1857.84,Debit Card,Standard,1,12.7,2.7,78.0,1366.19,903.02,2026-06-11 19:48:51.387261,High,Excellent
895,66,Female,Central,Standard,Monthly,24,106.37,107.24,Mobile Money,Basic,1,7.6,2.6,41.0,642.06,718.32,2026-07-12 19:48:51.387264,Medium,Excellent
896,30,Female,Central,Standard,Monthly,14,84.27,2268.96,Credit Card,Standard,1,13.3,2.5,31.0,1677.47,2222.96,2026-06-06 19:48:51.387268,Medium,Excellent
897,50,Female,North,Standard,1 Year,72,75.66,2038.44,Debit Card,Standard,1,2.0,3.9,13.0,300.0,800.07,2026-07-03 19:48:51.387271,Low,Excellent
898,51,Female,Central,Standard,Monthly,9,81.39,900.9,Bank Transfer,Basic,0,1.8,3.4,38.0,1640.7,1539.72,2026-06-08 19:48:51.387275,Medium,Excellent
899,58,Male,East,Standard,1 Year,17,92.6,1975.98,Debit Card,Basic,1,1.9,5.0,38.0,1208.44,1369.49,2026-08-14 19:48:51.387278,Medium,Excellent
900,52,Male,North,Basic,1 Year,1,72.79,2172.66,Credit Card,Basic,4,1.0,4.6,30.0,1421.53,1316.9,2026-07-30 19:48:51.387282,Low,Needs Improvement
901,18,Male,East,Business,2 Year,45,81.59,1157.61,Mobile Money,Standard,5,1.6,4.1,49.0,1253.38,609.69,2026-08-22 19:48:51.387285,Medium,Needs Improvement
902,38,Male,North,Standard,2 Year,12,50.86,1629.77,Credit Card,Standard,3,1.0,3.4,16.0,702.91,2429.15,2026-08-04 19:48:51.387289,Low,Good
903,65,Male,Central,Standard,1 Year,28,40.59,784.68,Debit Card,Standard,1,4.8,3.4,6.0,1027.54,869.57,2026-07-31 19:48:51.387292,Low,Excellent
904,72,Male,North,Business,1 Year,27,52.36,2255.95,Mobile Money,Basic,1,1.1,2.0,32.0,1046.0,1909.79,2026-07-03 19:48:51.387296,Medium,Excellent
905,23,Female,South,Basic,Monthly,27,56.84,838.31,Bank Transfer,Premium,3,4.3,2.4,22.0,1079.64,1841.37,2026-08-25 19:48:51.387300,Low,Good
906,45,Female,West,Business,2 Year,16,55.82,1451.07,Bank Transfer,Standard,1,48.0,2.5,28.000000000000004,1933.79,2082.91,2026-08-24 19:48:51.387303,Low,Excellent
907,34,Male,Central,Business,Monthly,7,93.67,1165.57,Mobile Money,Standard,2,5.6,1.9,42.0,1539.97,1050.8,2026-07-21 19:48:51.387306,Medium,Good
908,22,Male,West,Business,2 Year,23,20.0,733.98,Mobile Money,Basic,4,20.7,3.7,55.00000000000001,715.67,1075.37,2026-07-27 19:48:51.387310,Medium,Needs Improvement
909,48,Female,Central,Basic,Monthly,78,59.66,50.0,Debit Card,Standard,0,9.7,1.9,48.0,1191.26,2015.79,2026-07-05 19:48:51.387314,Medium,Excellent
910,22,Male,West,Standard,Monthly,43,83.58,1908.94,Debit Card,Premium,3,18.0,4.2,33.0,1837.16,910.7,2026-06-29 19:48:51.387317,Medium,Good
911,55,Male,South,Standard,Monthly,2,82.67,1171.64,Bank Transfer,Basic,2,7.9,3.6,7.000000000000001,883.86,1057.06,2026-06-16 19:48:51.387321,Low,Good
912,20,Male,West,Basic,1 Year,1,44.53,2665.38,Mobile Money,Standard,2,13.3,5.0,18.0,2723.32,1099.78,2026-07-17 19:48:51.387324,Low,Good
913,70,Female,North,Business,Monthly,16,108.47,2173.38,Bank Transfer,Standard,2,2.9,4.1,7.000000000000001,1686.77,1399.78,2026-07-11 19:48:51.387328,Low,Good
914,40,Male,West,Business,1 Year,35,30.41,2161.94,Debit Card,Basic,2,3.7,2.4,26.0,1749.28,1182.41,2026-06-13 19:48:51.387331,Low,Good
915,54,Female,Central,Business,2 Year,9,56.25,1786.72,Bank Transfer,Standard,4,25.8,2.2,19.0,1458.73,1379.92,2026-07-09 19:48:51.387335,Low,Needs Improvement
916,70,Male,East,Basic,Monthly,28,57.25,1803.39,Debit Card,Basic,1,2.5,5.0,63.0,1575.2,592.32,2026-07-01 19:48:51.387338,High,Excellent
917,54,Female,West,Standard,1 Year,64,57.0,1325.14,Mobile Money,Standard,1,4.4,2.7,33.0,959.96,1528.92,2026-07-22 19:48:51.387342,Medium,Excellent
918,27,Male,West,Business,Monthly,14,98.99,1859.61,Credit Card,Basic,2,8.4,3.0,15.0,1303.82,2288.95,2026-07-02 19:48:51.387345,Low,Good
919,27,Male,West,Premium,1 Year,6,65.4,841.67,Mobile Money,Standard,3,4.0,3.3,39.0,1278.9,819.23,2026-08-05 19:48:51.387349,Medium,Good
920,36,Female,Central,Premium,1 Year,59,72.99,50.0,Bank Transfer,Basic,1,1.0,3.7,35.0,2029.14,1955.03,2026-06-15 19:48:51.387352,Medium,Excellent
921,34,Female,West,Standard,Monthly,15,86.98,1766.18,Bank Transfer,Basic,4,12.6,5.0,33.0,2320.83,3292.51,2026-06-25 19:48:51.387356,Medium,Needs Improvement
922,38,Female,Central,Premium,2 Year,12,49.01,1784.11,Debit Card,Basic,1,3.3,4.0,7.000000000000001,2330.32,406.98,2026-06-09 19:48:51.387359,Low,Excellent
923,31,Female,Central,Premium,1 Year,10,61.13,142.73,Credit Card,Standard,6,2.1,3.9,26.0,1352.08,1387.28,2026-05-30 19:48:51.387363,Low,Needs Improvement
924,26,Female,East,Standard,2 Year,13,106.9,1610.98,Mobile Money,Basic,1,5.6,3.7,41.0,1185.86,1658.96,2026-07-05 19:48:51.387367,Medium,Excellent
925,63,Female,North,Standard,1 Year,26,74.46,1598.59,Credit Card,Basic,2,1.0,3.9,12.0,1493.32,1302.66,2026-07-28 19:48:51.387370,Low,Good
926,18,Female,Central,Standard,2 Year,13,37.63,2063.24,Credit Card,Basic,0,16.0,4.8,28.999999999999996,706.08,422.6,2026-07-15 19:48:51.387374,Low,Excellent
927,68,Male,South,Standard,Monthly,9,43.59,1115.45,Credit Card,Premium,3,2.4,3.2,43.0,2349.81,1562.25,2026-07-03 19:48:51.387378,Medium,Good
928,62,Male,West,Standard,Monthly,32,87.3,50.0,Credit Card,Standard,1,20.5,3.2,47.0,2621.64,901.87,2026-08-24 19:48:51.387381,Medium,Excellent
929,30,Male,South,Standard,Monthly,5,36.76,812.81,Debit Card,Basic,2,9.1,5.0,9.0,300.0,2004.64,2026-07-25 19:48:51.387385,Low,Good
930,21,Female,West,Basic,2 Year,5,53.18,809.93,Credit Card,Standard,1,6.4,3.1,41.0,1028.07,3346.43,2026-06-11 19:48:51.387388,Medium,Excellent
931,18,Male,East,Business,Monthly,28,70.08,1106.19,Bank Transfer,Standard,0,13.1,3.0,23.0,300.0,1634.39,2026-07-18 19:48:51.387392,Low,Excellent
932,66,Male,Central,Standard,2 Year,48,65.34,1297.69,Bank Transfer,Premium,2,40.0,5.0,39.0,994.92,2938.33,2026-07-14 19:48:51.387395,Medium,Good
933,57,Female,North,Standard,Monthly,6,102.08,1010.15,Mobile Money,Basic,1,2.3,3.4,5.0,1456.16,579.71,2026-06-24 19:48:51.387399,Low,Excellent
934,49,Female,Central,Business,Monthly,5,20.0,1516.85,Credit Card,Basic,2,3.5,3.7,24.0,300.0,1714.24,2026-08-14 19:48:51.387402,Low,Good
935,51,Female,West,Basic,Monthly,26,77.05,321.46,Debit Card,Standard,3,5.3,3.4,48.0,1942.22,1903.69,2026-06-26 19:48:51.387406,Medium,Good
936,45,Male,North,Business,1 Year,23,57.94,1487.87,Credit Card,Basic,3,6.2,3.2,27.0,455.93,486.61,2026-08-18 19:48:51.387409,Low,Good
937,48,Female,Central,Standard,2 Year,14,97.93,592.84,Mobile Money,Basic,5,6.4,3.4,28.999999999999996,2650.44,284.87,2026-07-25 19:48:51.387413,Low,Needs Improvement
938,25,Male,North,Standard,Monthly,2,59.11,1038.85,Debit Card,Standard,2,6.4,3.5,17.0,1238.34,1275.64,2026-06-11 19:48:51.387416,Low,Good
939,56,Male,West,Business,1 Year,2,59.83,50.0,Bank Transfer,Basic,3,14.1,4.9,36.0,1978.65,100.0,2026-07-07 19:48:51.387420,Medium,Good
940,43,Male,East,Standard,Monthly,36,64.9,1954.96,Debit Card,Basic,3,4.1,2.7,13.0,953.95,2348.59,2026-06-26 19:48:51.387423,Low,Good
941,51,Male,East,Standard,1 Year,14,48.47,955.1,Credit Card,Standard,2,1.0,5.0,36.0,1524.82,991.67,2026-06-28 19:48:51.387427,Medium,Good
942,71,Male,Central,Basic,Monthly,46,50.23,1471.04,Credit Card,Basic,0,16.7,3.0,10.0,2383.72,1845.73,2026-07-03 19:48:51.387430,Low,Excellent
943,71,Female,South,Basic,Monthly,20,61.28,543.06,Mobile Money,Standard,5,8.7,4.8,49.0,978.48,2013.58,2026-06-20 19:48:51.387434,Medium,Needs Improvement
944,20,Male,West,Business,1 Year,23,106.12,752.17,Credit Card,Premium,3,1.7,2.1,11.0,1433.5,1475.74,2026-06-23 19:48:51.387437,Low,Good
945,67,Female,Central,Standard,1 Year,65,52.72,427.16,Cash,Standard,3,1.0,3.0,22.0,1684.79,279.43,2026-06-30 19:48:51.387441,Low,Good
946,29,Female,Central,Basic,Monthly,4,47.81,1327.04,Cash,Standard,1,3.0,3.5,16.0,731.46,249.2,2026-06-27 19:48:51.387444,Low,Excellent
947,18,Male,East,Premium,Monthly,18,55.0,1660.21,Debit Card,Standard,1,1.1,2.8,35.0,361.92,1530.5,2026-06-21 19:48:51.387448,Medium,Excellent
948,71,Female,North,Standard,1 Year,1,65.08,399.06,Cash,Premium,2,18.2,4.5,60.0,1292.7,224.94,2026-07-09 19:48:51.387451,Medium,Good
949,61,Male,West,Basic,2 Year,10,109.81,1311.94,Credit Card,Basic,1,2.6,4.5,22.0,1399.64,672.48,2026-08-12 19:48:51.387455,Low,Excellent
950,22,Female,North,Standard,2 Year,3,45.91,1004.09,Credit Card,Standard,3,9.8,3.0,28.999999999999996,1933.56,989.51,2026-06-09 19:48:51.387460,Low,Good
951,47,Male,West,Premium,2 Year,4,127.48,1355.3,Credit Card,Premium,0,8.6,1.6,27.0,2168.76,155.85,2026-08-17 19:48:51.387463,Low,Excellent
952,47,Male,South,Standard,2 Year,65,76.31,481.24,Credit Card,Standard,1,10.0,4.6,25.0,555.15,1943.2,2026-07-13 19:48:51.387467,Low,Excellent
953,74,Male,East,Standard,Monthly,22,39.99,1572.02,Credit Card,Basic,6,6.0,3.9,49.0,884.02,1311.93,2026-06-21 19:48:51.387470,Medium,Needs Improvement
954,34,Female,South,Basic,Monthly,53,51.32,976.92,Debit Card,Premium,1,10.5,3.2,8.0,1057.81,2537.59,2026-07-13 19:48:51.387474,Low,Excellent
955,65,Female,Central,Business,Monthly,14,20.0,1089.26,Credit Card,Basic,3,5.7,3.1,22.0,350.35,3160.77,2026-06-25 19:48:51.387477,Low,Good
956,64,Male,East,Basic,Monthly,21,67.67,3072.42,Bank Transfer,Standard,3,3.8,3.0,19.0,2021.95,377.35,2026-07-15 19:48:51.387481,Low,Good
957,40,Female,Central,Standard,1 Year,1,91.29,50.0,Debit Card,Premium,0,15.6,4.8,34.0,2115.33,100.0,2026-07-14 19:48:51.387484,Medium,Excellent
958,32,Female,South,Business,2 Year,15,65.78,1632.2,Credit Card,Standard,1,4.9,3.4,34.0,2456.17,1187.46,2026-06-19 19:48:51.387488,Medium,Excellent
959,54,Female,West,Standard,Monthly,19,85.07,1548.2,Mobile Money,Premium,1,6.7,5.0,45.0,617.74,1468.03,2026-08-20 19:48:51.387492,Medium,Excellent
960,38,Female,Central,Standard,1 Year,1,75.71,1704.43,Bank Transfer,Standard,3,5.0,5.0,24.0,885.48,100.0,2026-07-07 19:48:51.387495,Low,Good
961,31,Female,North,Business,1 Year,37,95.25,1668.56,Mobile Money,Premium,3,12.0,4.6,36.0,1326.66,1751.42,2026-06-19 19:48:51.387498,Medium,Good
962,19,Female,West,Business,1 Year,8,40.51,1354.62,Cash,Premium,1,6.2,5.0,7.000000000000001,2270.02,1139.04,2026-07-28 19:48:51.387502,Low,Excellent
963,28,Female,West,Basic,Monthly,14,87.07,1526.71,Bank Transfer,Basic,5,5.1,4.6,47.0,872.6,2871.55,2026-06-14 19:48:51.387506,Medium,Needs Improvement
964,68,Male,South,Basic,1 Year,18,112.17,3348.63,Mobile Money,Basic,0,2.4,3.4,28.000000000000004,1504.21,790.96,2026-06-09 19:48:51.387509,Low,Excellent
965,56,Male,South,Business,Monthly,116,129.13,1062.15,Credit Card,Standard,0,19.4,5.0,40.0,1275.27,100.0,2026-07-06 19:48:51.387513,Medium,Excellent
966,55,Male,East,Premium,2 Year,2,100.51,1053.85,Debit Card,Premium,0,15.9,3.6,17.0,1114.99,100.0,2026-07-19 19:48:51.387516,Low,Excellent
967,51,Female,East,Basic,2 Year,19,69.29,346.39,Debit Card,Standard,0,4.5,5.0,15.0,1542.35,458.28,2026-07-27 19:48:51.387520,Low,Excellent
968,55,Female,North,Standard,Monthly,18,40.87,540.03,Debit Card,Premium,4,8.6,3.2,21.0,1221.88,2299.06,2026-08-26 19:48:51.387523,Low,Needs Improvement
969,67,Male,West,Premium,Monthly,1,44.58,1378.87,Bank Transfer,Premium,3,5.7,4.9,24.0,1179.47,1808.96,2026-08-16 19:48:51.387527,Low,Good
970,51,Female,North,Basic,1 Year,24,60.67,1495.18,Mobile Money,Standard,2,1.6,3.8,33.0,1699.69,1444.86,2026-07-27 19:48:51.387531,Medium,Good
971,35,Male,North,Premium,Monthly,8,111.5,1109.84,Bank Transfer,Standard,2,3.8,2.5,19.0,1548.51,1096.05,2026-08-16 19:48:51.387534,Low,Good
972,47,Male,South,Standard,Monthly,2,51.74,1721.96,Credit Card,Standard,4,15.4,2.7,38.0,1790.66,1752.83,2026-07-29 19:48:51.387537,Medium,Needs Improvement
973,32,Female,North,Standard,2 Year,4,69.49,879.32,Debit Card,Basic,1,12.8,1.0,13.0,1163.41,764.48,2026-07-24 19:48:51.387541,Low,Excellent
974,44,Male,North,Standard,Monthly,41,88.52,3188.21,Bank Transfer,Premium,4,1.0,3.7,22.0,1308.57,2639.95,2026-07-13 19:48:51.387546,Low,Needs Improvement
975,68,Male,Central,Business,Monthly,2,20.0,1322.15,Debit Card,Basic,1,1.0,4.4,19.0,835.67,202.57,2026-08-09 19:48:51.387550,Low,Excellent
976,51,Female,East,Standard,1 Year,15,38.41,1739.11,Credit Card,Premium,0,15.4,1.2,60.0,1601.29,1992.41,2026-06-24 19:48:51.387553,Medium,Excellent
977,69,Female,East,Basic,Monthly,5,113.83,1329.22,Cash,Basic,0,18.4,1.0,61.0,1583.41,1140.55,2026-06-20 19:48:51.387557,High,Excellent
978,74,Male,West,Standard,Monthly,4,91.07,718.18,Cash,Basic,1,2.8,2.7,45.0,1148.07,2891.14,2026-08-11 19:48:51.387560,Medium,Excellent
979,55,Female,East,Standard,1 Year,5,91.24,794.27,Mobile Money,Basic,3,3.4,3.9,34.0,1828.83,715.39,2026-08-02 19:48:51.387564,Medium,Good
980,50,Female,West,Business,Monthly,16,41.51,282.6,Credit Card,Premium,3,3.3,2.6,35.0,726.41,1206.27,2026-07-07 19:48:51.387567,Medium,Good
981,41,Male,Central,Basic,1 Year,6,101.29,50.0,Debit Card,Basic,5,1.1,4.0,45.0,1773.05,338.16,2026-06-21 19:48:51.387571,Medium,Needs Improvement
982,32,Male,East,Basic,2 Year,2,44.58,1959.84,Debit Card,Standard,2,10.9,3.1,26.0,2122.14,1407.58,2026-08-16 19:48:51.387574,Low,Good
983,47,Female,Central,Basic,2 Year,38,67.29,712.6,Bank Transfer,Basic,0,3.7,2.1,7.000000000000001,1387.94,2360.13,2026-07-24 19:48:51.387578,Low,Excellent
984,72,Male,East,Standard,Monthly,18,82.37,1148.61,Credit Card,Standard,2,14.5,4.7,16.0,848.59,1323.02,2026-07-31 19:48:51.387581,Low,Good
985,59,Female,East,Basic,Monthly,4,85.82,2426.21,Debit Card,Basic,2,16.9,4.2,23.0,1272.81,2033.35,2026-06-02 19:48:51.387585,Low,Good
986,68,Female,Central,Business,1 Year,15,77.34,2135.15,Mobile Money,Basic,0,19.5,3.3,34.0,1274.53,347.21,2026-07-04 19:48:51.387589,Medium,Excellent
987,34,Female,North,Standard,1 Year,1,59.98,1319.95,Cash,Basic,2,13.6,1.5,10.0,1202.75,3381.72,2026-06-08 19:48:51.387592,Low,Good
988,22,Male,North,Standard,2 Year,20,20.0,1031.46,Bank Transfer,Standard,3,12.4,3.1,40.0,929.33,1445.55,2026-08-05 19:48:51.387595,Medium,Good
989,46,Female,North,Standard,1 Year,9,67.06,1077.28,Cash,Basic,0,4.8,2.7,9.0,1730.38,518.97,2026-07-10 19:48:51.387599,Low,Excellent
990,21,Male,North,Basic,Monthly,2,20.0,2962.0,Cash,Basic,0,1.0,3.1,18.0,1231.71,462.24,2026-05-30 19:48:51.387602,Low,Excellent
991,27,Male,East,Standard,Monthly,4,79.19,1337.91,Debit Card,Basic,1,1.0,2.8,5.0,1634.63,1021.39,2026-08-22 19:48:51.387606,Low,Excellent
992,73,Male,South,Premium,2 Year,10,40.53,3593.53,Bank Transfer,Basic,1,6.1,3.4,35.0,1963.06,100.0,2026-07-04 19:48:51.387609,Medium,Excellent
993,34,Male,Central,Business,2 Year,39,61.01,159.5,Credit Card,Standard,4,3.6,3.4,41.0,1197.65,972.31,2026-07-15 19:48:51.387613,Medium,Needs Improvement
994,27,Female,South,Business,Monthly,4,52.21,1237.56,Debit Card,Basic,4,14.1,4.8,37.0,1995.65,2065.27,2026-08-18 19:48:51.387616,Medium,Needs Improvement
995,34,Male,South,Standard,1 Year,2,79.15,2132.61,Credit Card,Standard,3,6.6,2.9,31.0,344.75,1118.02,2026-07-28 19:48:51.387620,Medium,Good
996,37,Male,West,Business,Monthly,17,45.25,2064.08,Credit Card,Premium,1,1.0,3.9,9.0,1252.98,2164.04,2026-07-20 19:48:51.387624,Low,Excellent
997,41,Female,North,Premium,Monthly,19,71.41,1705.28,Mobile Money,Standard,2,5.2,2.7,6.0,300.0,2501.76,2026-08-15 19:48:51.387627,Low,Good
998,22,Male,East,Standard,Monthly,2,69.61,711.75,Mobile Money,Basic,1,13.8,2.9,52.0,300.0,354.57,2026-07-01 19:48:51.387631,Medium,Excellent
999,51,Female,North,Basic,2 Year,8,66.64,149.58,Debit Card,Standard,2,15.9,3.0,10.0,300.0,923.19,2026-08-02 19:48:51.387634,Low,Good
1000,23,Male,North,Basic,1 Year,7,74.82,1056.95,Debit Card,Premium,2,1.5,4.9,63.0,2234.51,237.91,2026-06-14 19:48:51.387638,High,Good
1001,70,Female,South,Basic,2 Year,4,34.94,2034.6,Debit Card,Standard,3,1.0,3.3,27.0,900.84,2249.15,2026-06-07 19:48:51.387641,Low,Good
1002,19,Female,West,Basic,2 Year,9,35.85,2560.02,Debit Card,Standard,0,3.9,3.6,15.0,868.46,1392.13,2026-06-14 19:48:51.387645,Low,Excellent
1003,30,Male,North,Premium,Monthly,1,100.84,1288.68,Credit Card,Basic,2,1.0,3.2,50.0,1170.47,2992.42,2026-08-09 19:48:51.387648,Medium,Good
1004,60,Male,Central,Basic,1 Year,25,26.5,1121.51,Mobile Money,Basic,0,10.4,3.6,39.0,464.73,2030.6,2026-08-26 19:48:51.387652,Medium,Excellent
1005,60,Male,Central,Standard,2 Year,107,119.16,1367.02,Debit Card,Premium,2,4.7,3.6,15.0,1810.28,1433.73,2026-08-03 19:48:51.387655,Low,Good
1006,65,Female,North,Basic,1 Year,24,61.56,1376.11,Credit Card,Premium,1,1.8,3.1,43.0,1706.67,2463.35,2026-08-26 19:48:51.387659,Medium,Excellent
1007,28,Male,South,Standard,1 Year,10,43.74,2149.3,Bank Transfer,Basic,4,1.0,1.5,14.000000000000002,1392.13,2973.81,2026-06-22 19:48:51.387662,Low,Needs Improvement
1008,68,Male,South,Basic,Monthly,26,86.53,905.31,Mobile Money,Basic,3,21.0,3.1,22.0,1262.65,1275.97,2026-06-19 19:48:51.387666,Low,Good
1009,64,Male,East,Standard,1 Year,20,50.94,1105.38,Cash,Basic,1,1.0,3.9,28.999999999999996,1056.25,1103.09,2026-07-05 19:48:51.387670,Low,Excellent
1010,74,Male,West,Premium,Monthly,45,73.45,1569.61,Bank Transfer,Premium,1,1.0,4.6,7.000000000000001,1468.0,1317.07,2026-06-02 19:48:51.387673,Low,Excellent
1011,40,Female,South,Standard,Monthly,23,96.08,694.21,Credit Card,Standard,3,2.1,2.0,39.0,1161.48,387.81,2026-07-09 19:48:51.387676,Medium,Good
1012,72,Female,East,Business,Monthly,24,82.83,464.5,Bank Transfer,Premium,1,1.0,2.2,28.000000000000004,406.82,1741.62,2026-06-08 19:48:51.387680,Low,Excellent
1013,33,Male,Central,Basic,Monthly,6,75.66,2322.86,Cash,Standard,0,8.3,3.1,8.0,1759.78,1518.31,2026-06-26 19:48:51.387684,Low,Excellent
1014,48,Male,Central,Standard,Monthly,12,81.37,1180.82,Debit Card,Premium,1,2.0,3.2,55.00000000000001,1441.43,673.44,2026-07-17 19:48:51.387687,Medium,Excellent
1015,28,Female,Central,Standard,Monthly,10,66.0,1912.52,Cash,Basic,2,5.2,1.1,13.0,300.0,2794.8,2026-08-19 19:48:51.387691,Low,Good
1016,71,Female,North,Basic,Monthly,1,85.28,1752.22,Credit Card,Standard,1,15.7,3.8,28.999999999999996,796.37,1419.34,2026-06-26 19:48:51.387695,Low,Excellent
1017,33,Male,West,Standard,Monthly,9,38.18,99.71,Bank Transfer,Basic,5,13.9,4.9,13.0,714.61,2811.27,2026-06-07 19:48:51.387698,Low,Needs Improvement
1018,25,Male,East,Business,Monthly,15,101.48,678.0,Credit Card,Premium,2,1.3,2.8,42.0,492.11,1604.44,2026-06-02 19:48:51.387702,Medium,Good
1019,21,Male,West,Business,1 Year,21,61.09,1251.04,Mobile Money,Basic,2,1.0,3.6,8.0,1658.86,1146.53,2026-06-09 19:48:51.387705,Low,Good
1020,57,Female,North,Standard,1 Year,65,69.43,1007.53,Credit Card,Standard,0,8.7,4.1,46.0,1706.95,1239.28,2026-06-12 19:48:51.387709,Medium,Excellent
1021,21,Male,East,Basic,1 Year,6,57.16,1395.84,Debit Card,Premium,4,1.9,3.6,11.0,1229.83,910.03,2026-07-26 19:48:51.387712,Low,Needs Improvement
1022,73,Female,East,Basic,2 Year,3,80.15,1348.48,Mobile Money,Premium,2,12.2,3.0,54.0,1422.65,2285.52,2026-08-22 19:48:51.387716,Medium,Good
1023,42,Female,South,Basic,Monthly,48,91.35,1828.49,Debit Card,Premium,2,4.6,3.0,8.0,2464.53,2696.18,2026-06-27 19:48:51.387719,Low,Good
1024,20,Female,West,Premium,Monthly,68,40.2,1165.08,Mobile Money,Basic,3,1.3,3.7,30.0,1092.91,262.8,2026-08-14 19:48:51.387723,Low,Good
1025,49,Male,West,Business,Monthly,16,63.27,1255.56,Debit Card,Premium,2,29.3,4.6,55.00000000000001,2467.81,1564.43,2026-05-31 19:48:51.387726,Medium,Good
1026,20,Male,South,Premium,2 Year,2,69.25,50.08,Cash,Standard,3,1.0,3.7,28.999999999999996,1081.49,1774.25,2026-07-05 19:48:51.387730,Low,Good
1027,44,Male,Central,Basic,1 Year,15,75.91,719.1,Credit Card,Premium,4,1.1,4.8,21.0,1035.41,1032.11,2026-06-17 19:48:51.387733,Low,Needs Improvement
1028,46,Male,North,Premium,Monthly,2,57.71,758.71,Bank Transfer,Premium,2,13.4,3.5,19.0,1416.17,1102.31,2026-07-03 19:48:51.387737,Low,Good
1029,49,Female,West,Premium,Monthly,51,54.2,844.77,Cash,Basic,2,4.8,3.5,8.0,2085.53,2240.31,2026-06-11 19:48:51.387740,Low,Good
1030,67,Female,South,Standard,1 Year,29,87.15,903.16,Debit Card,Standard,3,22.3,5.0,51.0,1671.03,555.18,2026-07-16 19:48:51.387744,Medium,Good
1031,68,Female,East,Standard,Monthly,6,77.72,1679.98,Cash,Standard,1,1.0,2.7,28.000000000000004,1173.31,100.0,2026-08-24 19:48:51.387748,Low,Excellent
1032,36,Female,South,Basic,1 Year,52,70.39,2617.66,Bank Transfer,Premium,3,1.4,4.6,38.0,1278.67,2121.91,2026-06-22 19:48:51.387751,Medium,Good
1033,38,Male,Central,Standard,2 Year,24,96.24,120.14,Debit Card,Standard,5,1.0,4.0,19.0,1161.83,993.09,2026-06-08 19:48:51.387754,Low,Needs Improvement
1034,22,Male,North,Standard,1 Year,73,31.56,1039.8,Debit Card,Basic,0,2.0,3.0,21.0,2108.78,2628.32,2026-06-08 19:48:51.387758,Low,Excellent
1035,35,Male,Central,Standard,2 Year,94,84.96,507.16,Mobile Money,Standard,2,8.6,2.4,9.0,1098.47,1290.42,2026-06-07 19:48:51.387763,Low,Good
1036,45,Female,East,Basic,Monthly,1,74.34,129.28,Cash,Standard,4,10.3,3.7,4.0,1764.97,2001.58,2026-08-11 19:48:51.387766,Low,Needs Improvement
1037,59,Female,East,Standard,1 Year,3,28.63,777.73,Bank Transfer,Premium,1,4.5,3.9,66.0,2073.42,2081.05,2026-07-26 19:48:51.387770,High,Excellent
1038,39,Female,East,Business,2 Year,19,94.16,357.94,Debit Card,Standard,2,2.4,5.0,52.0,1533.8,1362.37,2026-07-05 19:48:51.387774,Medium,Good
1039,38,Male,East,Business,1 Year,74,79.75,1386.08,Credit Card,Basic,2,10.1,3.9,31.0,2123.12,1063.36,2026-06-20 19:48:51.387777,Medium,Good
1040,23,Male,South,Business,1 Year,120,83.08,1069.91,Debit Card,Premium,2,1.5,1.8,35.0,2131.05,659.0,2026-07-30 19:48:51.387780,Medium,Good
1041,18,Female,East,Basic,1 Year,20,57.41,961.23,Credit Card,Standard,3,11.7,4.0,46.0,657.21,2054.22,2026-07-31 19:48:51.387784,Medium,Good
1042,22,Male,East,Premium,2 Year,4,84.06,1446.28,Debit Card,Standard,1,12.4,5.0,14.000000000000002,1927.09,3541.43,2026-08-17 19:48:51.387788,Low,Excellent
1043,58,Female,South,Basic,Monthly,4,46.73,54.58,Mobile Money,Premium,4,4.7,3.9,30.0,2483.33,2015.4,2026-07-16 19:48:51.387791,Low,Needs Improvement
1044,29,Female,East,Business,Monthly,34,31.36,389.74,Debit Card,Standard,3,1.7,4.1,31.0,2021.24,1957.02,2026-07-26 19:48:51.387795,Medium,Good
1045,43,Female,Central,Basic,Monthly,21,64.67,1484.07,Bank Transfer,Standard,0,8.0,1.5,49.0,2524.82,676.55,2026-07-24 19:48:51.387798,Medium,Excellent
1046,63,Male,Central,Basic,2 Year,19,81.88,381.19,Credit Card,Basic,1,15.4,4.9,34.0,1344.91,2217.42,2026-06-02 19:48:51.387802,Medium,Excellent
1047,51,Male,West,Standard,2 Year,15,90.37,50.0,Mobile Money,Premium,1,6.0,2.8,11.0,1362.71,2640.69,2026-07-14 19:48:51.387805,Low,Excellent
1048,66,Male,Central,Standard,Monthly,30,68.77,2481.9,Debit Card,Basic,2,4.9,2.2,19.0,402.02,1295.66,2026-06-03 19:48:51.387809,Low,Good
1049,31,Male,North,Business,Monthly,46,66.84,1473.73,Debit Card,Basic,3,31.0,3.0,5.0,1277.89,1053.17,2026-06-19 19:48:51.387812,Low,Good
1050,43,Male,North,Standard,2 Year,8,90.36,2012.88,Bank Transfer,Premium,4,6.2,3.9,52.0,1367.08,1228.45,2026-06-25 19:48:51.387816,Medium,Needs Improvement
1051,62,Female,North,Business,Monthly,5,56.65,619.73,Credit Card,Standard,1,1.0,2.8,70.0,2333.84,860.55,2026-06-20 19:48:51.387819,High,Excellent
1052,44,Female,South,Standard,Monthly,26,50.95,93.97,Debit Card,Basic,2,5.6,4.5,30.0,1579.73,3096.95,2026-06-15 19:48:51.387823,Low,Good
1053,26,Male,Central,Basic,Monthly,59,105.46,1430.19,Mobile Money,Basic,1,4.7,2.2,13.0,1928.19,3340.18,2026-06-07 19:48:51.387826,Low,Excellent
1054,43,Male,North,Business,Monthly,10,58.06,318.65,Credit Card,Premium,2,2.8,3.9,36.0,587.24,2096.97,2026-08-24 19:48:51.387830,Medium,Good
1055,74,Male,West,Basic,1 Year,7,87.92,2015.41,Cash,Standard,0,3.1,2.7,37.0,1684.1,1984.0,2026-07-08 19:48:51.387833,Medium,Excellent
1056,64,Male,South,Standard,Monthly,6,98.99,1390.82,Bank Transfer,Standard,5,21.4,3.4,15.0,1673.48,808.45,2026-06-07 19:48:51.387837,Low,Needs Improvement
1057,74,Female,West,Standard,1 Year,7,70.25,1356.08,Debit Card,Premium,0,1.1,5.0,24.0,1543.49,1729.09,2026-06-27 19:48:51.387841,Low,Excellent
1058,39,Male,Central,Basic,2 Year,3,71.6,1364.83,Debit Card,Standard,1,11.6,4.1,42.0,1923.51,888.98,2026-08-01 19:48:51.387844,Medium,Excellent
1059,64,Male,East,Standard,Monthly,21,109.95,2827.01,Bank Transfer,Basic,1,18.6,3.9,25.0,1115.7,1615.05,2026-06-27 19:48:51.387848,Low,Excellent
1060,73,Male,West,Standard,Monthly,7,32.3,1723.92,Bank Transfer,Basic,2,2.4,2.5,33.0,1723.32,3218.44,2026-06-27 19:48:51.387851,Medium,Good
1061,47,Female,East,Basic,2 Year,22,31.88,1037.94,Mobile Money,Standard,1,1.0,3.4,35.0,1336.24,1063.17,2026-07-01 19:48:51.387855,Medium,Excellent
1062,60,Female,South,Basic,1 Year,2,85.39,1309.36,Debit Card,Standard,1,2.9,3.0,11.0,2228.21,1516.54,2026-08-08 19:48:51.387858,Low,Excellent
1063,65,Male,West,Business,Monthly,2,54.78,504.08,Bank Transfer,Basic,1,4.5,1.2,17.0,1091.4,849.51,2026-06-16 19:48:51.387862,Low,Excellent
1064,34,Female,West,Standard,Monthly,18,86.54,780.65,Cash,Standard,0,24.2,4.1,34.0,1762.9,1241.92,2026-07-02 19:48:51.387865,Medium,Excellent
1065,43,Female,South,Standard,Monthly,17,63.59,2201.14,Credit Card,Basic,3,4.5,2.2,10.0,1931.95,1609.23,2026-08-11 19:48:51.387869,Low,Good
1066,53,Female,South,Premium,1 Year,7,85.82,1234.0,Cash,Premium,2,1.0,3.3,4.0,758.74,1185.12,2026-07-22 19:48:51.387872,Low,Good
1067,18,Male,North,Premium,Monthly,42,42.96,1810.19,Debit Card,Basic,2,1.3,3.9,3.0,1180.89,2300.98,2026-07-20 19:48:51.387876,Low,Good
1068,25,Female,Central,Business,Monthly,4,80.33,488.38,Credit Card,Standard,4,3.5,2.9,36.0,1047.8,832.43,2026-08-21 19:48:51.387879,Medium,Needs Improvement
1069,66,Female,West,Standard,Monthly,10,52.48,1877.18,Debit Card,Standard,5,1.6,2.4,13.0,2198.71,1172.69,2026-06-07 19:48:51.387883,Low,Needs Improvement
1070,52,Female,West,Basic,2 Year,19,83.01,1041.78,Credit Card,Standard,1,1.0,4.3,27.0,659.57,1537.27,2026-08-12 19:48:51.387886,Low,Excellent
1071,69,Female,South,Basic,Monthly,48,124.11,1381.85,Debit Card,Standard,0,1.5,1.9,17.0,1102.87,1731.35,2026-08-19 19:48:51.387890,Low,Excellent
1072,32,Female,South,Standard,1 Year,13,44.89,1248.38,Credit Card,Basic,3,1.0,2.7,7.000000000000001,1079.75,3128.45,2026-08-11 19:48:51.387893,Low,Good
1073,64,Male,Central,Premium,Monthly,12,56.15,1345.7,Credit Card,Premium,5,1.8,3.7,33.0,632.54,2733.68,2026-08-11 19:48:51.387897,Medium,Needs Improvement
1074,73,Female,South,Business,Monthly,20,61.81,1112.59,Credit Card,Basic,3,45.1,3.5,4.0,1741.28,100.0,2026-06-22 19:48:51.387901,Low,Good
1075,39,Female,East,Standard,1 Year,9,73.07,2227.39,Credit Card,Premium,2,4.7,3.3,17.0,667.34,340.82,2026-07-29 19:48:51.387904,Low,Good
1076,31,Female,East,Standard,1 Year,29,20.0,50.0,Credit Card,Basic,1,8.6,5.0,23.0,1665.28,387.7,2026-06-25 19:48:51.387908,Low,Excellent
1077,43,Male,East,Premium,1 Year,6,65.83,1626.77,Cash,Basic,4,1.4,4.3,51.0,1922.13,1662.14,2026-07-17 19:48:51.387911,Medium,Needs Improvement
1078,45,Female,East,Standard,1 Year,41,59.54,665.28,Cash,Standard,4,15.1,4.6,44.0,780.53,1441.84,2026-08-27 19:48:51.387915,Medium,Needs Improvement
1079,40,Female,Central,Basic,Monthly,7,59.71,435.0,Mobile Money,Standard,1,2.5,2.8,15.0,691.17,3864.9,2026-06-19 19:48:51.387919,Low,Excellent
1080,31,Male,West,Basic,1 Year,118,72.36,2910.58,Credit Card,Premium,3,32.4,5.0,35.0,2299.89,1865.73,2026-07-25 19:48:51.387922,Medium,Good
1081,41,Female,East,Basic,Monthly,9,73.85,439.23,Credit Card,Premium,1,14.5,2.9,61.0,2283.88,1039.49,2026-06-09 19:48:51.387926,High,Excellent
1082,19,Female,South,Standard,Monthly,50,73.46,50.0,Credit Card,Premium,1,24.1,4.1,16.0,956.47,1436.27,2026-06-29 19:48:51.387930,Low,Excellent
1083,62,Female,East,Business,1 Year,12,38.07,1964.7,Debit Card,Standard,1,8.8,4.0,46.0,820.22,1395.86,2026-08-02 19:48:51.387933,Medium,Excellent
1084,43,Male,Central,Premium,2 Year,6,58.74,805.34,Cash,Basic,2,8.6,2.9,28.999999999999996,1025.13,1355.2,2026-07-24 19:48:51.387937,Low,Good
1085,31,Male,South,Basic,1 Year,6,57.69,2219.68,Mobile Money,Standard,1,14.7,2.2,56.00000000000001,1617.81,364.71,2026-07-20 19:48:51.387941,Medium,Excellent
1086,73,Female,East,Standard,2 Year,45,78.18,50.0,Credit Card,Premium,3,10.1,3.4,19.0,932.0,601.73,2026-06-18 19:48:51.387944,Low,Good
1087,68,Male,West,Standard,2 Year,8,40.85,2682.97,Debit Card,Basic,1,7.5,3.1,16.0,951.33,2225.37,2026-06-01 19:48:51.387948,Low,Excellent
1088,24,Female,South,Business,Monthly,9,69.83,1954.75,Mobile Money,Premium,1,3.5,2.1,33.0,1811.39,1694.96,2026-07-23 19:48:51.387952,Medium,Excellent
1089,20,Female,South,Standard,2 Year,5,105.22,1033.59,Mobile Money,Standard,2,2.0,2.9,8.0,822.76,463.85,2026-06-08 19:48:51.387955,Low,Good
1090,64,Female,West,Premium,1 Year,78,20.0,50.0,Credit Card,Standard,2,12.2,4.5,56.00000000000001,1614.98,1837.67,2026-06-19 19:48:51.387959,Medium,Good
1091,40,Male,South,Premium,2 Year,6,60.75,134.78,Credit Card,Standard,3,3.9,2.7,36.0,1216.69,1624.01,2026-08-11 19:48:51.387962,Medium,Good
1092,63,Female,East,Business,1 Year,6,20.0,646.95,Debit Card,Premium,3,1.0,4.5,24.0,1897.39,2620.41,2026-07-18 19:48:51.387966,Low,Good
1093,60,Male,South,Standard,1 Year,69,65.01,1770.89,Credit Card,Basic,2,5.2,4.2,28.999999999999996,3042.72,3280.52,2026-06-21 19:48:51.387969,Low,Good
1094,64,Male,East,Premium,1 Year,55,85.89,510.42,Mobile Money,Basic,2,8.6,4.1,45.0,577.67,100.0,2026-07-04 19:48:51.387973,Medium,Good
1095,62,Male,West,Premium,Monthly,6,52.23,50.0,Credit Card,Standard,3,1.0,5.0,28.000000000000004,1053.0,1299.92,2026-08-09 19:48:51.387976,Low,Good
1096,35,Male,North,Basic,2 Year,48,88.15,1382.3,Credit Card,Standard,6,9.8,2.8,45.0,1155.65,1549.44,2026-05-30 19:48:51.387980,Medium,Needs Improvement
1097,55,Female,West,Standard,Monthly,6,99.02,1997.04,Credit Card,Premium,2,2.0,4.1,48.0,1126.39,1605.79,2026-06-27 19:48:51.387983,Medium,Good
1098,52,Female,East,Standard,Monthly,2,75.04,2957.65,Credit Card,Basic,2,2.0,3.6,38.0,1500.65,3697.21,2026-06-14 19:48:51.387987,Medium,Good
1099,68,Male,Central,Standard,Monthly,41,52.13,379.45,Bank Transfer,Premium,1,6.6,3.7,45.0,1763.88,100.0,2026-07-16 19:48:51.387990,Medium,Excellent
1100,32,Female,West,Basic,Monthly,35,78.4,463.91,Credit Card,Standard,2,3.3,1.0,55.00000000000001,1126.24,1483.14,2026-05-31 19:48:51.387994,Medium,Good
1101,42,Male,Central,Premium,Monthly,8,107.02,50.0,Credit Card,Standard,3,4.8,2.8,16.0,1391.62,2030.9,2026-07-27 19:48:51.387997,Low,Good
1102,72,Female,Central,Business,Monthly,2,31.72,50.0,Mobile Money,Basic,2,5.8,3.1,53.0,1187.8,1514.08,2026-07-01 19:48:51.388003,Medium,Good
1103,54,Female,East,Standard,Monthly,5,92.7,346.97,Credit Card,Standard,3,20.3,3.6,7.000000000000001,646.29,1597.43,2026-08-04 19:48:51.388006,Low,Good
1104,45,Female,East,Premium,Monthly,35,32.78,485.32,Credit Card,Standard,4,1.8,1.9,21.0,735.36,1699.31,2026-06-27 19:48:51.388010,Low,Needs Improvement
1105,27,Male,North,Standard,Monthly,80,27.06,773.0,Credit Card,Basic,1,5.0,3.4,14.000000000000002,1668.63,1871.33,2026-07-11 19:48:51.388014,Low,Excellent
1106,56,Female,South,Standard,Monthly,7,34.16,1673.43,Credit Card,Standard,2,12.3,2.6,60.0,2511.98,1729.74,2026-06-29 19:48:51.388017,Medium,Good
1107,74,Male,West,Basic,2 Year,40,64.02,1609.2,Debit Card,Basic,2,1.8,2.4,36.0,1332.62,720.72,2026-07-26 19:48:51.388021,Medium,Good
1108,34,Female,East,Basic,Monthly,6,96.57,788.98,Credit Card,Standard,2,1.0,1.4,9.0,1131.75,1383.04,2026-07-22 19:48:51.388024,Low,Good
1109,56,Male,West,Basic,Monthly,27,20.0,1212.18,Bank Transfer,Standard,4,1.0,1.8,47.0,1023.75,1818.4,2026-07-19 19:48:51.388028,Medium,Needs Improvement
1110,39,Female,Central,Premium,Monthly,2,89.74,113.79,Debit Card,Standard,3,1.0,3.1,48.0,2555.94,748.37,2026-07-06 19:48:51.388031,Medium,Good
1111,43,Female,South,Basic,Monthly,21,61.17,747.6,Bank Transfer,Basic,1,2.6,4.7,30.0,1356.22,1220.62,2026-07-30 19:48:51.388035,Low,Excellent
1112,61,Female,North,Premium,1 Year,7,37.43,166.39,Cash,Basic,5,4.2,3.5,18.0,546.19,100.0,2026-06-05 19:48:51.388038,Low,Needs Improvement
1113,42,Male,West,Standard,Monthly,62,79.79,608.14,Credit Card,Premium,3,7.2,3.6,59.0,1582.56,1597.62,2026-06-02 19:48:51.388042,Medium,Good
1114,34,Female,South,Basic,Monthly,8,53.13,2684.55,Bank Transfer,Basic,6,1.8,4.2,15.0,1450.91,876.05,2026-07-22 19:48:51.388047,Low,Needs Improvement
1115,30,Male,North,Business,Monthly,12,121.47,1316.26,Mobile Money,Premium,4,2.5,2.6,2.0,2188.29,2076.24,2026-06-28 19:48:51.388050,Low,Needs Improvement
1116,37,Female,West,Standard,1 Year,44,77.46,724.61,Cash,Basic,0,9.6,2.2,16.0,1243.71,974.3,2026-07-28 19:48:51.388054,Low,Excellent
1117,42,Male,South,Premium,1 Year,13,66.4,1582.28,Bank Transfer,Premium,1,19.2,4.1,7.000000000000001,1178.05,2882.42,2026-07-09 19:48:51.388058,Low,Excellent
1118,21,Male,East,Business,Monthly,6,81.21,884.12,Credit Card,Basic,2,1.2,3.4,43.0,696.75,1601.7,2026-07-29 19:48:51.388061,Medium,Good
1119,27,Female,West,Basic,Monthly,19,98.59,2547.11,Credit Card,Standard,1,5.1,4.4,24.0,941.15,2106.66,2026-08-10 19:48:51.388065,Low,Excellent
1120,20,Male,South,Business,Monthly,43,101.02,1482.11,Credit Card,Premium,2,2.8,2.8,14.000000000000002,662.15,1210.35,2026-06-16 19:48:51.388068,Low,Good
1121,58,Male,North,Premium,1 Year,13,88.2,271.45,Cash,Basic,0,6.0,4.7,3.0,1323.42,1960.9,2026-08-23 19:48:51.388072,Low,Excellent
1122,62,Male,South,Standard,Monthly,3,99.42,2255.21,Debit Card,Basic,2,1.0,2.5,62.0,1855.26,2027.23,2026-08-10 19:48:51.388075,High,Good
1123,35,Male,East,Basic,Monthly,11,95.08,1695.43,Bank Transfer,Standard,4,2.5,3.8,16.0,780.31,498.0,2026-06-24 19:48:51.388079,Low,Needs Improvement
1124,64,Female,West,Premium,Monthly,74,87.73,1573.82,Bank Transfer,Premium,2,9.9,4.4,22.0,2386.69,356.31,2026-06-05 19:48:51.388083,Low,Good
1125,53,Female,West,Standard,Monthly,1,55.14,1861.18,Debit Card,Basic,1,13.7,2.6,13.0,2369.62,100.0,2026-06-27 19:48:51.388086,Low,Excellent
1126,64,Male,West,Basic,Monthly,12,96.43,1783.12,Credit Card,Premium,1,7.8,2.0,22.0,2172.69,2266.9,2026-07-07 19:48:51.388090,Low,Excellent
1127,39,Male,East,Premium,Monthly,25,54.28,1609.54,Cash,Standard,2,23.1,2.7,28.000000000000004,1081.49,813.96,2026-06-11 19:48:51.388093,Low,Good
1128,51,Male,North,Business,Monthly,1,71.59,1070.79,Mobile Money,Basic,2,8.5,3.5,40.0,703.13,1865.03,2026-07-11 19:48:51.388097,Medium,Good
1129,64,Male,West,Basic,Monthly,10,55.6,1925.15,Debit Card,Basic,0,11.0,3.3,17.0,1399.36,1569.14,2026-08-07 19:48:51.388100,Low,Excellent
1130,25,Female,North,Standard,1 Year,67,81.85,1062.24,Debit Card,Basic,1,3.5,5.0,13.0,2179.81,944.59,2026-06-18 19:48:51.388104,Low,Excellent
1131,57,Female,South,Basic,Monthly,1,96.99,2262.54,Debit Card,Standard,3,1.5,2.6,30.0,2401.37,574.18,2026-06-10 19:48:51.388107,Low,Good
1132,66,Male,North,Premium,1 Year,33,54.83,1598.38,Credit Card,Standard,2,8.6,4.9,39.0,2185.52,1811.61,2026-08-23 19:48:51.388111,Medium,Good
1133,61,Male,North,Basic,1 Year,44,29.71,1349.89,Credit Card,Basic,5,20.1,4.8,56.99999999999999,2556.94,1187.22,2026-08-22 19:48:51.388114,Medium,Needs Improvement
1134,36,Male,West,Basic,1 Year,7,90.26,1706.01,Credit Card,Standard,3,32.1,3.4,23.0,2072.31,556.53,2026-08-07 19:48:51.388118,Low,Good
1135,59,Female,Central,Business,2 Year,5,90.89,1326.45,Debit Card,Standard,2,4.8,1.5,17.0,951.74,974.94,2026-08-27 19:48:51.388122,Low,Good
1136,58,Female,Central,Premium,Monthly,59,104.11,2219.91,Credit Card,Basic,2,6.2,2.6,27.0,2285.1,100.0,2026-07-21 19:48:51.388125,Low,Good
1137,54,Male,East,Basic,Monthly,34,87.35,1959.11,Credit Card,Premium,2,3.0,4.6,41.0,690.74,2676.32,2026-08-23 19:48:51.388129,Medium,Good
1138,23,Male,East,Standard,1 Year,2,87.92,1258.33,Mobile Money,Premium,0,8.9,3.4,24.0,2177.54,2021.54,2026-06-27 19:48:51.388132,Low,Excellent
1139,69,Female,Central,Standard,1 Year,5,47.06,50.0,Mobile Money,Basic,3,11.6,5.0,35.0,1122.59,2117.44,2026-08-18 19:48:51.388136,Medium,Good
1140,43,Female,South,Standard,1 Year,23,83.43,1890.49,Credit Card,Premium,3,1.0,3.6,3.0,1593.83,1867.84,2026-07-11 19:48:51.388139,Low,Good
1141,51,Male,West,Basic,Monthly,13,118.67,1533.29,Credit Card,Premium,1,15.0,2.3,27.0,801.56,2740.91,2026-06-22 19:48:51.388143,Low,Excellent
1142,73,Male,West,Basic,1 Year,16,51.18,3141.76,Mobile Money,Basic,3,5.8,3.8,52.0,1603.63,1475.24,2026-06-29 19:48:51.388146,Medium,Good
1143,62,Male,South,Business,2 Year,72,34.55,160.54,Mobile Money,Basic,3,6.9,5.0,33.0,1973.21,812.89,2026-07-17 19:48:51.388150,Medium,Good
1144,23,Female,South,Business,Monthly,13,68.51,1025.24,Debit Card,Standard,3,1.8,2.9,26.0,1613.39,865.37,2026-07-06 19:48:51.388154,Low,Good
1145,54,Male,Central,Basic,2 Year,51,88.44,50.0,Bank Transfer,Premium,4,1.0,5.0,57.99999999999999,1787.78,2236.57,2026-06-16 19:48:51.388157,Medium,Needs Improvement
1146,74,Male,East,Basic,Monthly,25,70.41,617.67,Credit Card,Premium,3,24.3,5.0,10.0,1737.4,314.67,2026-08-01 19:48:51.388160,Low,Good
1147,50,Female,South,Standard,Monthly,3,109.59,2446.37,Mobile Money,Basic,3,21.1,2.7,52.0,1355.6,2484.53,2026-06-16 19:48:51.388164,Medium,Good
1148,70,Male,East,Basic,Monthly,32,43.49,50.0,Mobile Money,Basic,1,11.9,1.7,19.0,1563.81,1178.39,2026-08-06 19:48:51.388168,Low,Excellent
1149,39,Female,North,Basic,Monthly,17,27.11,86.06,Bank Transfer,Standard,2,5.1,2.5,9.0,698.09,2351.79,2026-07-16 19:48:51.388171,Low,Good
1150,38,Male,West,Business,1 Year,6,100.73,1663.97,Cash,Basic,4,3.1,2.5,41.0,1890.93,1590.29,2026-07-21 19:48:51.388175,Medium,Needs Improvement
1151,23,Male,Central,Basic,1 Year,8,29.8,1354.96,Credit Card,Basic,2,1.4,3.0,24.0,1545.9,1001.56,2026-06-09 19:48:51.388178,Low,Good
1152,23,Female,West,Standard,1 Year,19,72.93,936.59,Credit Card,Standard,3,1.0,3.9,49.0,1176.99,2814.7,2026-07-27 19:48:51.388189,Medium,Good
1153,72,Male,Central,Premium,Monthly,22,100.05,50.0,Debit Card,Standard,2,4.9,1.4,47.0,767.38,1506.47,2026-07-02 19:48:51.388195,Medium,Good
1154,65,Female,North,Business,Monthly,82,70.41,2212.98,Credit Card,Basic,0,12.6,3.5,9.0,1281.76,448.33,2026-08-01 19:48:51.388201,Low,Excellent
1155,21,Female,West,Basic,Monthly,46,47.55,1011.92,Mobile Money,Premium,1,10.4,4.3,36.0,500.6,601.69,2026-06-17 19:48:51.388207,Medium,Excellent
1156,47,Male,North,Basic,2 Year,5,96.81,383.63,Mobile Money,Basic,2,11.3,3.8,31.0,1309.56,1687.48,2026-08-05 19:48:51.388213,Medium,Good
1157,28,Female,Central,Business,Monthly,35,69.27,1457.19,Mobile Money,Standard,1,1.0,4.5,60.0,2029.49,653.02,2026-06-25 19:48:51.388219,Medium,Excellent
1158,47,Male,South,Business,2 Year,1,59.48,2204.87,Credit Card,Standard,0,15.9,4.3,31.0,1619.78,1274.87,2026-06-03 19:48:51.388225,Medium,Excellent
1159,48,Female,West,Standard,Monthly,3,106.09,987.0,Mobile Money,Basic,1,13.0,5.0,33.0,741.31,1514.92,2026-08-13 19:48:51.388230,Medium,Excellent
1160,41,Male,North,Basic,Monthly,5,55.6,680.56,Credit Card,Standard,1,1.0,2.7,13.0,1641.41,1175.86,2026-07-01 19:48:51.388236,Low,Excellent
1161,72,Female,West,Basic,Monthly,21,50.02,1228.41,Credit Card,Premium,2,3.5,5.0,63.0,1397.8,3160.18,2026-07-22 19:48:51.388242,High,Good
1162,26,Male,West,Standard,Monthly,5,42.43,1506.25,Bank Transfer,Standard,5,3.8,2.7,50.0,1300.09,2415.06,2026-07-11 19:48:51.388247,Medium,Needs Improvement
1163,72,Male,West,Standard,2 Year,10,95.4,1580.87,Credit Card,Premium,0,10.6,2.5,26.0,964.25,584.68,2026-08-22 19:48:51.388253,Low,Excellent
1164,20,Female,East,Business,1 Year,6,75.69,1003.23,Cash,Basic,2,15.8,3.6,37.0,1181.86,1849.43,2026-08-25 19:48:51.388258,Medium,Good
1165,68,Female,North,Standard,2 Year,9,52.81,2184.5,Debit Card,Basic,2,3.8,3.9,33.0,1239.76,2621.58,2026-06-08 19:48:51.388263,Medium,Good
1166,48,Male,North,Business,2 Year,68,29.03,497.73,Debit Card,Standard,3,1.1,4.1,28.000000000000004,1250.54,815.47,2026-06-26 19:48:51.388269,Low,Good
1167,57,Male,West,Basic,1 Year,120,100.22,1061.79,Mobile Money,Premium,2,1.0,5.0,26.0,1476.62,259.54,2026-07-14 19:48:51.388274,Low,Good
1168,54,Female,South,Premium,1 Year,27,53.18,1058.06,Debit Card,Standard,3,8.1,5.0,38.0,2507.57,2185.62,2026-06-19 19:48:51.388279,Medium,Good
1169,53,Female,West,Standard,1 Year,20,20.0,50.0,Debit Card,Standard,1,5.5,4.1,26.0,2146.98,1251.65,2026-06-09 19:48:51.388285,Low,Excellent
1170,41,Male,East,Business,1 Year,29,67.18,1490.43,Debit Card,Standard,0,18.6,5.0,23.0,1490.19,968.33,2026-06-12 19:48:51.388291,Low,Excellent
1171,48,Male,Central,Standard,Monthly,35,90.82,1274.73,Debit Card,Basic,1,24.6,5.0,28.999999999999996,1911.41,2027.35,2026-06-09 19:48:51.388296,Low,Excellent
1172,23,Male,East,Business,Monthly,32,83.0,1047.4,Debit Card,Standard,3,18.3,1.4,37.0,1055.63,1380.59,2026-07-23 19:48:51.388303,Medium,Good
1173,19,Female,South,Business,1 Year,2,67.03,1604.79,Cash,Basic,4,1.0,4.5,38.0,689.16,1893.73,2026-07-28 19:48:51.388309,Medium,Needs Improvement
1174,37,Male,West,Business,Monthly,8,53.96,1044.05,Cash,Standard,1,2.7,1.1,31.0,2526.26,3203.13,2026-08-24 19:48:51.388315,Medium,Excellent
1175,45,Male,North,Basic,Monthly,10,50.98,2328.0,Debit Card,Standard,1,2.2,5.0,41.0,1340.68,2864.84,2026-08-07 19:48:51.388321,Medium,Excellent
1176,28,Female,West,Standard,2 Year,11,96.9,1576.46,Debit Card,Standard,2,1.0,4.5,31.0,1792.84,2578.54,2026-06-24 19:48:51.388329,Medium,Good
1177,21,Male,South,Basic,Monthly,10,20.0,1499.88,Mobile Money,Premium,1,20.0,4.9,7.000000000000001,1369.75,2843.48,2026-08-13 19:48:51.388334,Low,Excellent
1178,32,Female,North,Standard,1 Year,37,41.27,660.85,Bank Transfer,Basic,0,18.0,2.1,23.0,1989.32,2503.77,2026-08-08 19:48:51.388337,Low,Excellent
1179,23,Male,East,Standard,Monthly,33,62.6,50.0,Mobile Money,Basic,2,4.0,4.5,48.0,2776.12,2269.74,2026-06-21 19:48:51.388341,Medium,Good
1180,71,Male,Central,Standard,1 Year,1,20.0,1842.25,Bank Transfer,Standard,1,25.5,4.1,47.0,993.64,1567.78,2026-07-17 19:48:51.388345,Medium,Excellent
1181,66,Male,Central,Basic,Monthly,8,59.55,50.0,Cash,Premium,1,6.6,3.0,15.0,1780.87,1242.39,2026-08-22 19:48:51.388348,Low,Excellent
1182,47,Female,West,Standard,2 Year,23,34.33,985.67,Mobile Money,Basic,0,4.6,4.1,12.0,1176.73,2180.18,2026-07-08 19:48:51.388352,Low,Excellent
1183,73,Male,East,Business,2 Year,3,76.87,1904.53,Mobile Money,Premium,1,6.4,2.8,68.0,1403.63,252.02,2026-07-22 19:48:51.388355,High,Excellent
1184,55,Female,South,Basic,2 Year,1,50.67,506.13,Debit Card,Standard,2,4.4,3.1,52.0,698.63,1096.59,2026-08-25 19:48:51.388359,Medium,Good
1185,68,Female,Central,Business,Monthly,42,55.01,831.08,Debit Card,Premium,4,2.8,4.9,45.0,1281.9,1265.31,2026-06-09 19:48:51.388362,Medium,Needs Improvement
1186,74,Female,East,Basic,Monthly,14,48.92,84.67,Bank Transfer,Premium,4,1.6,3.6,12.0,1099.13,2239.85,2026-06-02 19:48:51.388366,Low,Needs Improvement
1187,19,Male,West,Business,2 Year,46,81.91,462.44,Credit Card,Standard,2,4.9,4.1,24.0,2134.27,1391.83,2026-08-25 19:48:51.388370,Low,Good
1188,32,Male,North,Standard,2 Year,41,63.28,563.81,Debit Card,Standard,2,6.1,3.8,43.0,1097.47,2355.89,2026-07-27 19:48:51.388373,Medium,Good
1189,28,Male,West,Business,2 Year,53,88.65,830.12,Cash,Standard,2,13.8,4.2,9.0,1379.34,1465.56,2026-07-23 19:48:51.388377,Low,Good
1190,25,Male,West,Basic,1 Year,1,95.2,1303.42,Debit Card,Premium,1,5.1,3.9,42.0,2022.38,100.0,2026-06-11 19:48:51.388381,Medium,Excellent
1191,43,Male,East,Standard,Monthly,4,57.82,1385.09,Credit Card,Basic,2,14.1,1.2,43.0,1887.63,2285.98,2026-08-26 19:48:51.388384,Medium,Good
1192,68,Female,Central,Business,Monthly,8,47.57,2356.55,Debit Card,Premium,3,24.7,2.7,42.0,2212.28,970.06,2026-06-08 19:48:51.388388,Medium,Good
1193,62,Male,East,Premium,2 Year,3,54.53,810.88,Credit Card,Standard,2,10.2,3.1,11.0,1989.46,356.62,2026-07-24 19:48:51.388392,Low,Good
1194,61,Male,North,Standard,1 Year,15,131.55,1645.32,Mobile Money,Standard,4,1.0,1.5,54.0,1663.76,2173.29,2026-07-18 19:48:51.388399,Medium,Needs Improvement
1195,22,Male,East,Basic,Monthly,38,49.56,691.54,Mobile Money,Basic,1,4.9,3.8,28.999999999999996,1343.68,100.0,2026-08-03 19:48:51.388402,Low,Excellent
1196,23,Female,South,Standard,Monthly,72,60.63,2540.71,Mobile Money,Premium,2,15.5,2.8,48.0,1284.98,1505.26,2026-07-19 19:48:51.388406,Medium,Good
1197,43,Male,West,Business,1 Year,52,70.36,1298.82,Credit Card,Basic,2,5.4,2.6,36.0,1428.05,1638.18,2026-07-01 19:48:51.388409,Medium,Good
1198,71,Female,Central,Standard,1 Year,14,78.66,1034.37,Debit Card,Premium,2,13.3,1.4,57.99999999999999,848.35,2339.0,2026-07-22 19:48:51.388413,Medium,Good
1199,21,Male,North,Standard,Monthly,24,67.58,566.67,Credit Card,Basic,3,12.0,3.2,4.0,1166.67,106.74,2026-06-07 19:48:51.388416,Low,Good
1200,36,Female,West,Business,Monthly,6,109.35,1924.85,Credit Card,Standard,1,1.4,4.0,5.0,1626.12,1888.39,2026-08-11 19:48:51.388420,Low,Excellent
1201,37,Female,East,Business,Monthly,12,70.9,1303.8,Bank Transfer,Basic,1,3.2,3.8,41.0,492.69,2557.87,2026-07-02 19:48:51.388423,Medium,Excellent
1202,50,Male,South,Basic,Monthly,49,61.27,1363.6,Debit Card,Standard,3,11.5,4.5,23.0,366.07,927.62,2026-07-04 19:48:51.388427,Low,Good
1203,37,Male,East,Basic,2 Year,1,88.9,355.12,Credit Card,Standard,1,1.4,3.2,20.0,300.0,979.53,2026-07-13 19:48:51.388430,Low,Excellent
1204,66,Male,West,Business,1 Year,18,42.83,574.2,Debit Card,Standard,2,4.4,4.9,50.0,585.97,2176.78,2026-07-11 19:48:51.388434,Medium,Good
1205,29,Male,North,Basic,1 Year,49,78.48,50.0,Credit Card,Basic,2,1.2,4.5,23.0,1213.34,1921.32,2026-08-21 19:48:51.388437,Low,Good
1206,64,Female,Central,Premium,1 Year,3,55.73,792.52,Mobile Money,Premium,3,2.2,3.5,33.0,1305.32,991.44,2026-08-06 19:48:51.388441,Medium,Good
1207,18,Female,West,Standard,Monthly,97,97.14,816.47,Credit Card,Basic,7,2.7,3.4,11.0,837.57,1749.0,2026-06-04 19:48:51.388444,Low,Needs Improvement
1208,43,Female,North,Standard,1 Year,1,99.07,124.37,Debit Card,Premium,5,6.0,5.0,34.0,852.42,2560.53,2026-06-26 19:48:51.388448,Medium,Needs Improvement
1209,31,Female,West,Business,2 Year,52,60.65,1142.09,Credit Card,Standard,2,19.4,3.2,44.0,739.47,483.83,2026-07-14 19:48:51.388451,Medium,Good
1210,55,Male,South,Standard,1 Year,10,43.24,921.41,Debit Card,Basic,1,3.9,5.0,40.0,1533.55,1222.47,2026-07-26 19:48:51.388455,Medium,Excellent
1211,54,Male,East,Basic,Monthly,3,20.0,619.25,Debit Card,Standard,2,15.2,4.6,15.0,1210.01,3134.47,2026-07-18 19:48:51.388458,Low,Good
1212,28,Female,Central,Basic,1 Year,4,70.63,514.1,Bank Transfer,Standard,1,9.5,2.7,57.99999999999999,1494.58,1004.91,2026-06-07 19:48:51.388462,Medium,Excellent
1213,53,Male,North,Premium,2 Year,28,20.0,1332.62,Bank Transfer,Standard,1,12.1,3.7,20.0,1195.24,1254.84,2026-07-02 19:48:51.388465,Low,Excellent
1214,30,Female,Central,Business,Monthly,49,62.87,577.46,Credit Card,Basic,1,11.5,3.1,39.0,1130.64,2475.1,2026-06-27 19:48:51.388469,Medium,Excellent
1215,60,Male,Central,Basic,Monthly,24,50.98,2515.52,Credit Card,Premium,3,2.9,2.8,51.0,1478.26,100.0,2026-08-20 19:48:51.388472,Medium,Good
1216,20,Male,Central,Business,2 Year,63,78.95,1053.08,Cash,Standard,3,2.2,3.7,15.0,1566.81,1087.4,2026-06-18 19:48:51.388476,Low,Good
1217,50,Female,North,Standard,2 Year,44,64.66,1934.73,Mobile Money,Basic,0,30.4,2.8,8.0,2134.24,2076.38,2026-08-22 19:48:51.388479,Low,Excellent
1218,23,Male,North,Business,Monthly,1,50.84,283.57,Debit Card,Standard,2,10.7,2.8,35.0,1779.87,588.42,2026-06-01 19:48:51.388483,Medium,Good
1219,67,Female,Central,Standard,Monthly,26,86.23,1070.29,Credit Card,Basic,3,3.6,3.8,23.0,2368.4,1797.66,2026-08-21 19:48:51.388486,Low,Good
1220,73,Female,East,Business,Monthly,8,37.72,437.47,Credit Card,Basic,3,6.5,5.0,15.0,918.8,1051.73,2026-06-02 19:48:51.388490,Low,Good
1221,27,Female,West,Basic,Monthly,14,79.08,1540.86,Bank Transfer,Basic,2,12.0,3.3,12.0,770.15,125.34,2026-07-13 19:48:51.388493,Low,Good
1222,22,Female,Central,Basic,2 Year,2,116.55,1150.05,Cash,Premium,2,1.0,4.0,34.0,1100.2,100.0,2026-08-17 19:48:51.388497,Medium,Good
1223,40,Female,South,Business,Monthly,7,89.14,2782.87,Bank Transfer,Basic,1,1.0,4.0,17.0,1820.81,100.0,2026-08-02 19:48:51.388500,Low,Excellent
1224,27,Female,Central,Basic,Monthly,24,54.86,897.32,Credit Card,Standard,4,1.0,2.7,23.0,1014.16,1781.32,2026-07-01 19:48:51.388504,Low,Needs Improvement
1225,61,Male,North,Standard,2 Year,5,39.54,50.0,Bank Transfer,Basic,1,1.4,5.0,42.0,2093.81,1481.73,2026-08-19 19:48:51.388507,Medium,Excellent
1226,19,Male,West,Premium,Monthly,25,88.37,1152.26,Cash,Basic,1,1.0,3.3,19.0,668.82,605.06,2026-08-27 19:48:51.388511,Low,Excellent
1227,30,Female,South,Basic,1 Year,61,34.39,1358.26,Debit Card,Basic,0,5.0,2.9,48.0,729.85,1919.29,2026-06-27 19:48:51.388514,Medium,Excellent
1228,57,Male,West,Standard,Monthly,1,65.15,698.94,Cash,Premium,2,2.7,5.0,26.0,1439.9,1563.87,2026-06-29 19:48:51.388518,Low,Good
1229,19,Male,West,Business,2 Year,36,83.11,596.74,Bank Transfer,Basic,1,1.0,4.2,56.00000000000001,2570.02,2151.04,2026-07-30 19:48:51.388521,Medium,Excellent
1230,37,Male,South,Business,2 Year,24,39.78,241.98,Credit Card,Basic,1,4.8,4.9,5.0,1735.65,1955.24,2026-07-17 19:48:51.388525,Low,Excellent
1231,18,Female,Central,Basic,Monthly,1,38.4,1585.18,Credit Card,Basic,3,6.9,2.6,39.0,1766.79,1967.15,2026-07-24 19:48:51.388528,Medium,Good
1232,54,Female,Central,Basic,2 Year,37,32.05,1673.26,Credit Card,Basic,2,3.7,5.0,14.000000000000002,874.63,2684.02,2026-08-09 19:48:51.388532,Low,Good
1233,26,Male,Central,Basic,2 Year,6,104.86,3145.25,Bank Transfer,Premium,4,2.4,2.3,34.0,1175.03,1696.74,2026-08-13 19:48:51.388535,Medium,Needs Improvement
1234,34,Female,East,Premium,2 Year,7,107.46,1066.53,Bank Transfer,Premium,0,4.0,4.8,12.0,1618.01,1603.58,2026-07-04 19:48:51.388539,Low,Excellent
1235,26,Female,Central,Basic,Monthly,2,107.09,1322.16,Debit Card,Basic,2,5.9,4.6,5.0,354.72,1627.51,2026-07-28 19:48:51.388542,Low,Good
1236,28,Female,South,Business,Monthly,18,110.44,1006.58,Credit Card,Basic,1,4.6,3.6,25.0,1251.11,2574.58,2026-06-10 19:48:51.388546,Low,Excellent
1237,32,Female,East,Basic,Monthly,16,49.17,3365.54,Cash,Premium,3,1.0,4.8,43.0,2228.34,3107.71,2026-07-19 19:48:51.388549,Medium,Good
1238,41,Female,Central,Premium,Monthly,10,20.0,1694.2,Credit Card,Basic,1,4.9,2.0,39.0,2135.13,753.8,2026-07-06 19:48:51.388553,Medium,Excellent
1239,55,Male,East,Standard,Monthly,4,107.58,1201.78,Credit Card,Premium,2,10.2,3.8,35.0,2690.31,1434.86,2026-07-11 19:48:51.388556,Medium,Good
1240,72,Female,South,Standard,Monthly,43,88.23,2882.26,Credit Card,Basic,2,13.7,4.8,23.0,1215.66,3550.26,2026-08-05 19:48:51.388560,Low,Good
1241,52,Male,Central,Basic,1 Year,50,86.22,1152.4,Credit Card,Standard,1,4.6,5.0,44.0,537.46,1143.69,2026-08-02 19:48:51.388563,Medium,Excellent
1242,47,Female,North,Basic,1 Year,18,39.0,4033.68,Cash,Basic,1,40.7,4.8,23.0,1165.16,100.0,2026-07-29 19:48:51.388567,Low,Excellent
1243,48,Female,South,Standard,2 Year,6,67.43,2531.11,Credit Card,Premium,3,14.8,1.2,17.0,1485.43,328.28,2026-07-15 19:48:51.388570,Low,Good
1244,66,Male,West,Standard,2 Year,2,68.98,1183.07,Credit Card,Basic,2,1.9,4.8,26.0,1911.93,909.76,2026-05-31 19:48:51.388574,Low,Good
1245,22,Male,West,Basic,Monthly,48,63.42,1610.09,Bank Transfer,Basic,1,4.9,4.1,12.0,1529.49,337.58,2026-06-11 19:48:51.388577,Low,Excellent
1246,61,Female,South,Premium,1 Year,2,43.74,1301.52,Bank Transfer,Standard,2,2.8,5.0,45.0,1689.31,2354.9,2026-06-08 19:48:51.388583,Medium,Good
1247,67,Male,West,Basic,1 Year,1,20.0,1803.24,Credit Card,Basic,1,6.4,3.7,25.0,1174.17,2459.73,2026-07-05 19:48:51.388587,Low,Excellent
1248,31,Female,South,Basic,Monthly,15,46.18,736.32,Credit Card,Basic,1,2.0,1.5,21.0,1202.63,755.52,2026-06-25 19:48:51.388590,Low,Excellent
1249,70,Male,North,Premium,Monthly,31,20.0,2877.43,Credit Card,Basic,2,1.0,3.8,66.0,967.08,1530.73,2026-06-12 19:48:51.388594,High,Good
1250,73,Male,South,Premium,2 Year,14,54.68,677.82,Mobile Money,Premium,0,18.8,2.0,28.999999999999996,620.81,173.44,2026-07-31 19:48:51.388597,Low,Excellent
1251,28,Female,Central,Business,Monthly,1,49.63,1403.76,Bank Transfer,Basic,4,5.9,4.0,49.0,1127.17,2199.35,2026-07-18 19:48:51.388601,Medium,Needs Improvement
1252,26,Female,Central,Premium,2 Year,28,35.81,1493.87,Cash,Basic,4,19.7,2.5,55.00000000000001,1624.57,2150.11,2026-08-06 19:48:51.388604,Medium,Needs Improvement
1253,51,Female,East,Standard,2 Year,24,75.02,947.67,Credit Card,Premium,1,1.0,5.0,33.0,1755.48,475.28,2026-06-11 19:48:51.388608,Medium,Excellent
1254,29,Male,West,Basic,Monthly,27,56.42,168.69,Debit Card,Premium,3,1.3,3.9,65.0,1626.99,2446.67,2026-06-06 19:48:51.388612,High,Good
1255,52,Female,West,Standard,2 Year,5,58.22,1392.82,Bank Transfer,Standard,0,2.1,1.3,23.0,1513.79,1058.07,2026-07-22 19:48:51.388615,Low,Excellent
1256,52,Female,South,Business,Monthly,38,99.77,1398.2,Credit Card,Standard,1,4.9,5.0,23.0,1149.61,1106.26,2026-06-24 19:48:51.388618,Low,Excellent
1257,18,Female,West,Standard,2 Year,15,56.97,936.92,Bank Transfer,Premium,1,17.0,5.0,40.0,2305.54,770.18,2026-07-17 19:48:51.388622,Medium,Excellent
1258,57,Female,Central,Standard,2 Year,18,76.34,968.47,Debit Card,Basic,3,8.4,2.9,21.0,1499.54,1059.67,2026-06-25 19:48:51.388626,Low,Good
1259,39,Female,North,Basic,Monthly,18,37.92,1323.35,Debit Card,Standard,2,1.0,2.2,51.0,1288.69,335.51,2026-06-21 19:48:51.388629,Medium,Good
1260,46,Male,South,Premium,1 Year,8,71.39,2196.4,Bank Transfer,Basic,0,4.2,2.3,28.000000000000004,1857.87,100.0,2026-06-08 19:48:51.388633,Low,Excellent
1261,25,Male,West,Standard,1 Year,6,62.44,2139.7,Debit Card,Basic,0,10.3,1.2,7.000000000000001,2326.12,1948.15,2026-06-24 19:48:51.388636,Low,Excellent
1262,28,Female,Central,Basic,Monthly,1,67.31,1585.26,Mobile Money,Basic,4,3.1,4.4,17.0,1908.96,2528.75,2026-08-11 19:48:51.388640,Low,Needs Improvement
1263,58,Male,East,Standard,2 Year,12,34.38,856.96,Cash,Standard,1,5.4,3.0,46.0,1889.26,936.54,2026-06-04 19:48:51.388643,Medium,Excellent
1264,54,Female,West,Standard,Monthly,15,36.76,927.99,Bank Transfer,Premium,1,9.9,2.9,28.999999999999996,1212.64,1634.13,2026-08-23 19:48:51.388647,Low,Excellent
1265,31,Male,North,Business,1 Year,32,56.35,1005.02,Debit Card,Standard,0,26.8,3.4,35.0,2390.19,362.08,2026-07-30 19:48:51.388650,Medium,Excellent
1266,47,Female,North,Basic,Monthly,1,98.27,839.8,Mobile Money,Standard,2,3.2,5.0,36.0,2237.83,524.88,2026-08-01 19:48:51.388654,Medium,Good
1267,52,Female,West,Standard,1 Year,61,28.99,318.59,Credit Card,Standard,1,10.9,3.4,10.0,1495.15,1720.88,2026-06-02 19:48:51.388657,Low,Excellent
1268,38,Male,West,Basic,2 Year,7,107.01,576.39,Credit Card,Standard,4,11.0,3.2,43.0,1417.28,651.73,2026-07-12 19:48:51.388661,Medium,Needs Improvement
1269,54,Male,Central,Basic,1 Year,10,47.34,1681.89,Debit Card,Standard,1,6.3,2.5,14.000000000000002,1868.24,2071.54,2026-07-19 19:48:51.388664,Low,Excellent
1270,22,Male,West,Standard,1 Year,1,67.08,686.39,Bank Transfer,Standard,2,13.4,4.3,54.0,1443.93,762.51,2026-08-27 19:48:51.388668,Medium,Good
1271,36,Female,East,Standard,1 Year,25,90.07,1228.83,Mobile Money,Basic,2,6.1,2.6,25.0,2569.43,2946.07,2026-08-21 19:48:51.388671,Low,Good
1272,31,Female,Central,Premium,Monthly,29,56.11,1200.87,Cash,Standard,0,7.8,3.2,74.0,2241.71,2708.96,2026-07-30 19:48:51.388675,High,Excellent
1273,43,Male,South,Business,Monthly,63,58.91,1567.17,Mobile Money,Basic,3,14.5,5.0,54.0,1150.88,3137.04,2026-07-28 19:48:51.388679,Medium,Good
1274,21,Female,East,Basic,Monthly,9,101.16,671.79,Cash,Standard,1,5.2,2.1,10.0,1291.73,2079.36,2026-07-10 19:48:51.388682,Low,Excellent
1275,42,Male,Central,Standard,Monthly,7,92.42,50.0,Debit Card,Premium,3,5.2,1.7,24.0,710.73,100.0,2026-06-15 19:48:51.388685,Low,Good
1276,62,Male,Central,Standard,Monthly,31,82.52,706.8,Debit Card,Basic,3,7.2,3.1,18.0,2384.09,1874.09,2026-07-17 19:48:51.388689,Low,Good
1277,59,Female,North,Basic,2 Year,29,61.35,460.74,Debit Card,Basic,2,13.0,3.6,24.0,1818.76,1743.92,2026-08-12 19:48:51.388692,Low,Good
1278,42,Male,Central,Business,2 Year,66,63.09,50.0,Bank Transfer,Premium,2,1.1,4.3,23.0,544.01,1243.67,2026-08-13 19:48:51.388696,Low,Good
1279,35,Male,East,Standard,Monthly,5,38.19,757.35,Debit Card,Premium,4,11.8,3.6,52.0,1131.14,1033.42,2026-07-27 19:48:51.388701,Medium,Needs Improvement
1280,57,Male,West,Standard,Monthly,29,57.9,652.33,Bank Transfer,Basic,6,2.8,3.8,38.0,551.93,1181.82,2026-06-15 19:48:51.388705,Medium,Needs Improvement
1281,25,Male,East,Business,Monthly,1,66.68,1178.05,Mobile Money,Basic,2,1.0,5.0,26.0,1538.56,525.55,2026-06-19 19:48:51.388708,Low,Good
1282,56,Male,South,Basic,2 Year,15,64.16,1619.48,Credit Card,Basic,3,12.6,4.4,51.0,1112.26,1377.93,2026-08-16 19:48:51.388711,Medium,Good
1283,57,Male,Central,Standard,Monthly,3,72.4,2699.65,Credit Card,Standard,0,1.3,3.3,31.0,1202.26,639.3,2026-08-14 19:48:51.388715,Medium,Excellent
1284,31,Female,Central,Standard,1 Year,25,92.79,1274.54,Debit Card,Premium,0,1.9,3.7,18.0,2216.69,319.25,2026-06-17 19:48:51.388718,Low,Excellent
1285,49,Male,Central,Standard,1 Year,22,27.22,1224.09,Cash,Basic,1,9.8,3.5,41.0,1576.34,829.57,2026-08-17 19:48:51.388722,Medium,Excellent
1286,68,Female,Central,Business,1 Year,1,49.17,2798.31,Credit Card,Standard,3,6.7,4.7,15.0,1564.16,997.63,2026-08-09 19:48:51.388726,Low,Good
1287,55,Male,North,Standard,Monthly,9,93.61,184.77,Cash,Premium,2,20.3,5.0,27.0,1190.43,1457.99,2026-08-21 19:48:51.388729,Low,Good
1288,50,Male,North,Standard,Monthly,12,126.66,237.57,Cash,Basic,3,24.7,3.6,32.0,1384.8,2050.19,2026-05-30 19:48:51.388732,Medium,Good
1289,40,Female,West,Basic,Monthly,6,38.16,1681.82,Credit Card,Basic,1,3.0,2.3,47.0,1719.52,100.0,2026-08-12 19:48:51.388736,Medium,Excellent
1290,32,Female,Central,Basic,Monthly,1,49.37,2252.35,Mobile Money,Premium,4,3.1,5.0,38.0,2349.51,2381.52,2026-05-30 19:48:51.388739,Medium,Needs Improvement
1291,50,Male,South,Business,2 Year,9,32.28,2345.63,Credit Card,Standard,4,1.9,2.7,50.0,1526.38,3475.89,2026-08-20 19:48:51.388743,Medium,Needs Improvement
1292,42,Female,West,Standard,Monthly,37,20.0,50.0,Debit Card,Basic,1,5.8,3.9,16.0,1129.9,3533.05,2026-08-14 19:48:51.388747,Low,Excellent
1293,34,Female,Central,Premium,Monthly,10,71.86,50.0,Debit Card,Standard,0,3.8,1.0,41.0,1573.12,399.26,2026-08-11 19:48:51.388750,Medium,Excellent
1294,50,Female,North,Premium,2 Year,9,79.86,1106.31,Cash,Premium,3,1.0,3.0,22.0,1468.93,1261.53,2026-06-05 19:48:51.388753,Low,Good
1295,64,Female,South,Standard,Monthly,68,57.51,1767.17,Debit Card,Basic,2,4.0,4.7,11.0,3103.92,985.44,2026-07-09 19:48:51.388757,Low,Good
1296,72,Male,West,Standard,Monthly,1,57.74,894.93,Debit Card,Basic,0,1.0,4.6,27.0,1271.86,1489.0,2026-07-23 19:48:51.388760,Low,Excellent
1297,19,Male,South,Business,2 Year,34,62.22,258.3,Bank Transfer,Basic,2,12.8,2.6,37.0,1515.12,3589.73,2026-06-27 19:48:51.388764,Medium,Good
1298,31,Female,Central,Standard,1 Year,15,50.78,181.37,Debit Card,Premium,4,21.1,4.2,17.0,1868.32,915.43,2026-06-02 19:48:51.388767,Low,Needs Improvement
1299,70,Male,East,Basic,Monthly,69,63.91,2028.92,Debit Card,Basic,5,2.8,1.0,54.0,1571.81,372.15,2026-08-16 19:48:51.388771,Medium,Needs Improvement
1300,57,Female,South,Business,1 Year,12,99.67,2053.24,Cash,Basic,5,8.4,2.4,8.0,2052.8,2491.68,2026-06-02 19:48:51.388774,Low,Needs Improvement
1301,57,Male,South,Basic,1 Year,29,44.32,1704.47,Credit Card,Basic,4,1.0,2.7,41.0,1493.32,1966.45,2026-07-20 19:48:51.388778,Medium,Needs Improvement
1302,68,Male,North,Business,Monthly,1,57.92,1159.9,Debit Card,Premium,2,3.6,4.9,10.0,1203.13,1288.91,2026-08-09 19:48:51.388782,Low,Good
1303,56,Female,Central,Standard,1 Year,63,61.81,505.83,Credit Card,Basic,4,6.9,3.4,26.0,1705.45,1691.1,2026-07-20 19:48:51.388785,Low,Needs Improvement
1304,68,Male,South,Basic,1 Year,10,50.81,50.0,Mobile Money,Standard,1,1.0,4.3,45.0,1614.74,3156.44,2026-07-11 19:48:51.388788,Medium,Excellent
1305,23,Female,Central,Standard,2 Year,17,66.7,50.0,Credit Card,Basic,2,3.8,4.6,50.0,1847.47,1540.59,2026-07-16 19:48:51.388792,Medium,Good
1306,23,Female,North,Basic,2 Year,3,20.0,50.0,Credit Card,Premium,3,24.9,3.8,27.0,1146.41,1401.19,2026-07-04 19:48:51.388795,Low,Good
1307,20,Female,Central,Premium,Monthly,69,79.32,959.85,Mobile Money,Premium,1,1.5,5.0,22.0,1788.0,538.46,2026-06-10 19:48:51.388799,Low,Excellent
1308,24,Female,North,Standard,1 Year,26,40.69,1572.57,Debit Card,Basic,1,7.7,2.8,8.0,2230.05,1617.37,2026-08-18 19:48:51.388802,Low,Excellent
1309,68,Female,North,Standard,Monthly,1,43.98,1252.64,Bank Transfer,Basic,2,14.3,4.0,34.0,420.07,799.09,2026-08-10 19:48:51.388806,Medium,Good
1310,25,Female,West,Standard,Monthly,4,60.81,2332.93,Mobile Money,Basic,3,11.8,1.3,20.0,1443.56,1042.76,2026-06-18 19:48:51.388809,Low,Good
1311,59,Female,Central,Basic,Monthly,12,30.26,1343.06,Debit Card,Basic,0,11.8,4.6,16.0,949.22,1697.65,2026-07-07 19:48:51.388813,Low,Excellent
1312,69,Male,East,Basic,1 Year,5,98.28,50.0,Credit Card,Premium,4,1.0,4.5,36.0,1934.88,1918.59,2026-07-11 19:48:51.388816,Medium,Needs Improvement
1313,32,Male,West,Basic,1 Year,8,44.4,1090.62,Credit Card,Basic,1,29.1,3.3,38.0,1463.3,1529.48,2026-06-07 19:48:51.388820,Medium,Excellent
1314,64,Male,North,Business,Monthly,120,130.82,1114.98,Bank Transfer,Standard,3,10.4,3.1,36.0,1034.72,3104.3,2026-08-15 19:48:51.388824,Medium,Good
1315,46,Male,East,Standard,2 Year,25,80.76,1599.62,Credit Card,Basic,2,24.7,5.0,18.0,1116.89,1848.7,2026-06-11 19:48:51.388827,Low,Good
1316,50,Female,South,Standard,1 Year,61,50.79,1878.01,Bank Transfer,Basic,1,31.0,3.1,50.0,2463.95,1006.25,2026-07-09 19:48:51.388830,Medium,Excellent
1317,69,Female,South,Standard,1 Year,13,57.34,1577.69,Debit Card,Basic,1,3.5,4.9,16.0,1317.33,2292.17,2026-06-29 19:48:51.388834,Low,Excellent
1318,47,Female,West,Basic,Monthly,29,68.71,810.64,Debit Card,Basic,2,6.3,3.2,15.0,1438.84,2498.39,2026-08-26 19:48:51.388838,Low,Good
1319,56,Male,East,Business,1 Year,14,107.47,2304.22,Credit Card,Basic,2,10.5,4.3,32.0,1655.3,930.62,2026-07-02 19:48:51.388841,Medium,Good
1320,44,Female,Central,Standard,2 Year,9,88.76,1869.36,Debit Card,Standard,3,15.1,2.2,30.0,830.56,2404.53,2026-07-08 19:48:51.388844,Low,Good
1321,53,Male,East,Standard,Monthly,17,86.88,50.0,Credit Card,Basic,1,28.3,3.1,36.0,1979.45,1309.35,2026-06-28 19:48:51.388848,Medium,Excellent
1322,46,Female,West,Basic,Monthly,13,57.36,1810.59,Debit Card,Premium,5,29.3,3.9,18.0,720.39,1572.54,2026-06-19 19:48:51.388852,Low,Needs Improvement
1323,55,Female,Central,Basic,2 Year,94,50.83,491.67,Mobile Money,Premium,1,3.2,5.0,43.0,1865.83,741.36,2026-07-24 19:48:51.388855,Medium,Excellent
1324,74,Male,Central,Business,1 Year,16,80.94,50.0,Credit Card,Premium,2,9.1,5.0,25.0,1024.92,100.0,2026-06-21 19:48:51.388859,Low,Good
1325,50,Male,South,Premium,1 Year,39,98.34,1401.46,Cash,Premium,7,1.3,3.4,2.0,1396.34,2404.91,2026-06-22 19:48:51.388862,Low,Needs Improvement
1326,54,Male,East,Standard,Monthly,26,61.55,3058.74,Debit Card,Premium,4,13.3,5.0,24.0,2049.6,864.21,2026-07-02 19:48:51.388865,Low,Needs Improvement
1327,44,Female,Central,Standard,1 Year,15,47.88,1157.53,Credit Card,Basic,3,1.4,3.5,42.0,993.14,1681.39,2026-07-29 19:48:51.388869,Medium,Good
1328,72,Female,West,Basic,Monthly,15,39.17,968.77,Cash,Basic,1,17.7,4.7,26.0,1281.92,1810.83,2026-08-17 19:48:51.388873,Low,Excellent
1329,50,Female,South,Standard,Monthly,10,23.16,1277.24,Debit Card,Standard,0,30.9,3.5,46.0,1118.81,2248.09,2026-08-05 19:48:51.388876,Medium,Excellent
1330,21,Male,Central,Business,Monthly,2,53.83,3112.37,Bank Transfer,Basic,1,1.0,2.9,51.0,1655.48,578.49,2026-07-10 19:48:51.388880,Medium,Excellent
1331,39,Male,East,Standard,Monthly,34,58.64,985.58,Credit Card,Premium,2,5.7,3.2,14.000000000000002,740.0,1007.31,2026-07-21 19:48:51.388883,Low,Good
1332,19,Female,South,Standard,1 Year,60,64.5,1986.71,Debit Card,Basic,1,2.5,1.6,53.0,1106.11,1806.63,2026-07-23 19:48:51.388886,Medium,Excellent
1333,27,Female,East,Basic,2 Year,5,78.54,881.52,Bank Transfer,Standard,2,5.1,3.2,21.0,1583.66,2360.59,2026-06-01 19:48:51.388890,Low,Good
1334,22,Male,East,Premium,Monthly,62,53.28,735.44,Credit Card,Standard,3,2.8,2.4,15.0,2593.82,2109.47,2026-06-19 19:48:51.388894,Low,Good
1335,27,Male,East,Business,1 Year,6,109.88,2329.77,Bank Transfer,Premium,1,1.0,4.2,25.0,1551.2,601.78,2026-06-03 19:48:51.388897,Low,Excellent
1336,50,Female,South,Basic,Monthly,18,36.53,318.01,Bank Transfer,Standard,2,4.0,4.8,37.0,1317.45,1988.3,2026-08-19 19:48:51.388901,Medium,Good
1337,71,Male,Central,Business,Monthly,10,82.07,1797.29,Credit Card,Basic,3,1.8,3.3,5.0,1254.6,1199.25,2026-06-14 19:48:51.388904,Low,Good
1338,55,Male,North,Basic,2 Year,2,34.51,926.58,Mobile Money,Basic,0,6.4,2.2,6.0,2610.17,2198.76,2026-08-08 19:48:51.388907,Low,Excellent
1339,30,Male,Central,Standard,Monthly,1,43.74,594.26,Credit Card,Premium,1,9.1,5.0,51.0,1951.98,1792.7,2026-06-16 19:48:51.388911,Medium,Excellent
1340,48,Female,South,Standard,Monthly,10,72.03,865.6,Credit Card,Premium,0,4.2,3.3,28.999999999999996,749.1,878.9,2026-07-23 19:48:51.388915,Low,Excellent
1341,64,Female,North,Premium,Monthly,1,91.09,50.0,Cash,Premium,6,1.8,5.0,56.00000000000001,300.0,2849.7,2026-07-08 19:48:51.388918,Medium,Needs Improvement
1342,53,Female,North,Business,1 Year,2,58.01,359.93,Credit Card,Standard,1,1.7,4.1,55.00000000000001,683.9,1927.61,2026-08-09 19:48:51.388921,Medium,Excellent
1343,62,Female,North,Standard,Monthly,3,67.12,1307.21,Mobile Money,Basic,2,1.0,5.0,27.0,1499.6,1926.63,2026-06-14 19:48:51.388925,Low,Good
1344,41,Female,West,Business,Monthly,1,96.57,1001.91,Bank Transfer,Standard,3,9.7,3.6,51.0,1449.0,1575.41,2026-08-04 19:48:51.388928,Medium,Good
1345,69,Male,South,Standard,2 Year,3,34.45,443.33,Bank Transfer,Premium,0,2.3,1.3,27.0,1530.67,1798.53,2026-07-22 19:48:51.388932,Low,Excellent
1346,73,Female,West,Business,Monthly,20,84.25,2385.33,Bank Transfer,Basic,3,28.3,4.0,50.0,2444.23,1328.06,2026-06-13 19:48:51.388936,Medium,Good
1347,32,Male,North,Standard,Monthly,41,47.77,405.29,Credit Card,Standard,2,11.0,2.6,28.000000000000004,1495.5,3272.9,2026-08-12 19:48:51.388939,Low,Good
1348,46,Female,West,Basic,Monthly,5,71.08,2349.75,Bank Transfer,Basic,2,2.8,2.6,21.0,1483.49,1156.21,2026-07-29 19:48:51.388942,Low,Good
1349,25,Male,West,Premium,Monthly,2,78.49,1317.53,Cash,Standard,2,1.4,5.0,42.0,1283.2,1310.77,2026-08-17 19:48:51.388946,Medium,Good
1350,22,Male,South,Business,1 Year,31,35.61,989.3,Credit Card,Standard,1,7.8,4.1,24.0,1609.12,1325.09,2026-07-18 19:48:51.388950,Low,Excellent
1351,46,Male,East,Basic,1 Year,1,46.34,1274.89,Debit Card,Standard,0,16.0,2.9,19.0,1797.16,2961.88,2026-06-09 19:48:51.388953,Low,Excellent
1352,64,Male,West,Standard,1 Year,31,81.65,1434.93,Debit Card,Basic,4,7.0,3.8,48.0,1432.22,1293.73,2026-07-30 19:48:51.388957,Medium,Needs Improvement
1353,21,Male,West,Premium,Monthly,3,58.5,435.49,Credit Card,Basic,2,1.0,3.8,22.0,695.41,2548.83,2026-07-20 19:48:51.388960,Low,Good
1354,29,Male,North,Standard,Monthly,6,47.16,457.23,Bank Transfer,Premium,4,12.3,1.5,40.0,804.45,1356.25,2026-07-17 19:48:51.388964,Medium,Needs Improvement
1355,62,Female,North,Business,Monthly,3,69.87,1039.69,Bank Transfer,Premium,3,26.6,4.8,16.0,1735.53,1995.34,2026-06-03 19:48:51.388968,Low,Good
1356,19,Male,North,Business,Monthly,6,38.01,1549.6,Credit Card,Basic,5,1.0,4.7,39.0,876.92,3231.55,2026-06-08 19:48:51.388971,Medium,Needs Improvement
1357,44,Female,Central,Basic,Monthly,38,35.43,1730.96,Bank Transfer,Basic,2,13.2,3.4,6.0,1249.3,794.11,2026-08-04 19:48:51.388974,Low,Good
1358,48,Female,West,Basic,Monthly,3,20.0,2196.38,Debit Card,Standard,3,10.2,4.1,36.0,310.36,2428.95,2026-07-19 19:48:51.388978,Medium,Good
1359,68,Female,North,Standard,Monthly,120,73.99,217.12,Credit Card,Basic,3,4.1,2.3,40.0,1961.63,173.47,2026-08-19 19:48:51.388982,Medium,Good
1360,68,Female,South,Business,1 Year,9,65.8,1485.39,Mobile Money,Basic,4,8.0,5.0,34.0,1056.86,1140.82,2026-07-17 19:48:51.388985,Medium,Needs Improvement
1361,53,Female,Central,Premium,Monthly,61,78.51,1189.63,Credit Card,Standard,1,1.4,4.9,41.0,300.0,1253.89,2026-06-02 19:48:51.388988,Medium,Excellent
1362,53,Male,East,Basic,Monthly,5,95.55,773.76,Debit Card,Standard,4,10.2,3.2,51.0,1798.72,1440.13,2026-06-13 19:48:51.388992,Medium,Needs Improvement
1363,43,Male,West,Premium,Monthly,4,58.97,2802.93,Debit Card,Basic,2,7.0,2.5,12.0,556.89,1005.09,2026-07-03 19:48:51.388995,Low,Good
1364,60,Male,West,Standard,Monthly,19,63.26,1545.67,Bank Transfer,Premium,1,1.0,3.2,36.0,699.37,1818.92,2026-08-02 19:48:51.389000,Medium,Excellent
1365,44,Female,South,Business,1 Year,1,73.58,2343.15,Credit Card,Basic,2,16.2,2.9,25.0,1883.11,1176.79,2026-08-18 19:48:51.389004,Low,Good
1366,22,Female,East,Standard,Monthly,38,50.75,50.0,Mobile Money,Basic,2,1.1,4.3,42.0,1032.55,1220.03,2026-07-29 19:48:51.389007,Medium,Good
1367,37,Male,East,Business,Monthly,13,28.56,2037.65,Cash,Standard,4,4.6,3.2,3.0,2479.77,1187.7,2026-07-15 19:48:51.389011,Low,Needs Improvement
1368,28,Male,Central,Business,Monthly,28,36.21,1628.87,Debit Card,Standard,3,1.1,1.7,28.000000000000004,574.78,1133.56,2026-07-21 19:48:51.389014,Low,Good
1369,27,Female,West,Basic,Monthly,4,64.0,1761.46,Credit Card,Premium,3,8.3,3.3,30.0,2385.05,1709.54,2026-07-31 19:48:51.389018,Low,Good
1370,57,Male,North,Standard,1 Year,24,89.99,965.57,Mobile Money,Basic,0,10.7,2.9,50.0,795.9,1460.04,2026-08-09 19:48:51.389021,Medium,Excellent
1371,55,Female,South,Premium,2 Year,21,104.18,2888.55,Cash,Basic,2,23.5,4.8,18.0,1192.73,1860.42,2026-07-16 19:48:51.389025,Low,Good
1372,23,Female,South,Basic,Monthly,33,57.88,1042.5,Bank Transfer,Basic,1,2.3,5.0,6.0,797.44,2083.76,2026-06-20 19:48:51.389028,Low,Excellent
1373,25,Female,South,Business,1 Year,8,69.2,1185.04,Debit Card,Basic,0,3.6,3.7,28.000000000000004,2041.54,1509.7,2026-08-10 19:48:51.389032,Low,Excellent
1374,40,Female,South,Standard,Monthly,64,111.77,417.32,Credit Card,Standard,2,3.9,3.9,57.99999999999999,2316.46,849.63,2026-06-17 19:48:51.389035,Medium,Good
1375,64,Female,North,Standard,Monthly,78,77.92,1168.55,Credit Card,Standard,2,1.0,2.8,17.0,1152.7,829.47,2026-08-16 19:48:51.389039,Low,Good
1376,43,Female,North,Business,Monthly,48,68.43,1060.33,Credit Card,Standard,1,13.2,4.6,36.0,1233.3,1194.62,2026-08-02 19:48:51.389042,Medium,Excellent
1377,63,Female,Central,Standard,2 Year,20,70.25,2057.64,Credit Card,Premium,3,1.0,3.5,28.000000000000004,485.78,3459.89,2026-07-17 19:48:51.389046,Low,Good
1378,60,Female,West,Basic,Monthly,13,79.55,1707.76,Cash,Standard,1,3.3,3.8,26.0,2097.27,292.38,2026-08-10 19:48:51.389049,Low,Excellent
1379,29,Male,North,Basic,2 Year,1,34.49,2138.65,Bank Transfer,Basic,2,1.7,4.8,10.0,814.34,1159.57,2026-07-20 19:48:51.389053,Low,Good
1380,43,Male,Central,Standard,Monthly,70,84.01,1113.79,Credit Card,Basic,2,8.7,4.5,61.0,629.35,954.71,2026-06-24 19:48:51.389056,High,Good
1381,30,Male,East,Premium,Monthly,72,75.98,928.52,Debit Card,Standard,0,18.9,3.5,8.0,1393.12,377.5,2026-08-20 19:48:51.389060,Low,Excellent
1382,57,Male,West,Business,1 Year,1,92.21,1907.3,Credit Card,Standard,2,11.0,4.7,41.0,1104.16,1119.67,2026-06-01 19:48:51.389063,Medium,Good
1383,35,Female,North,Standard,2 Year,10,77.35,1326.36,Bank Transfer,Standard,2,11.9,5.0,19.0,954.27,1609.07,2026-07-20 19:48:51.389067,Low,Good
1384,42,Female,East,Business,2 Year,50,90.53,50.0,Debit Card,Standard,4,1.0,4.2,20.0,1299.25,2791.61,2026-07-29 19:48:51.389070,Low,Needs Improvement
1385,50,Male,Central,Standard,1 Year,2,41.93,837.87,Credit Card,Basic,1,10.7,4.4,38.0,991.04,932.0,2026-07-30 19:48:51.389074,Medium,Excellent
1386,64,Male,North,Standard,Monthly,5,50.09,50.0,Credit Card,Basic,2,1.0,4.5,50.0,1493.97,3142.97,2026-06-14 19:48:51.389077,Medium,Good
1387,57,Female,North,Premium,Monthly,92,68.82,547.57,Bank Transfer,Premium,1,5.3,2.5,34.0,2137.25,161.43,2026-06-11 19:48:51.389081,Medium,Excellent
1388,60,Male,East,Business,Monthly,45,46.22,2020.85,Debit Card,Premium,0,9.4,4.4,56.99999999999999,300.0,1841.47,2026-06-24 19:48:51.389084,Medium,Excellent
1389,29,Male,North,Standard,Monthly,58,86.39,930.82,Debit Card,Premium,1,2.4,3.6,39.0,1600.57,673.21,2026-06-09 19:48:51.389088,Medium,Excellent
1390,61,Female,South,Business,2 Year,3,29.61,984.42,Mobile Money,Premium,2,9.2,5.0,20.0,2198.32,1814.51,2026-05-30 19:48:51.389091,Low,Good
1391,53,Female,North,Basic,1 Year,5,61.01,1044.67,Bank Transfer,Basic,0,17.0,4.0,25.0,1604.46,3539.18,2026-07-08 19:48:51.389095,Low,Excellent
1392,65,Male,West,Standard,2 Year,22,50.84,1208.8,Debit Card,Basic,2,16.8,3.2,14.000000000000002,2149.88,1231.6,2026-06-29 19:48:51.389098,Low,Good
1393,21,Male,East,Basic,Monthly,16,46.44,932.18,Cash,Premium,0,1.7,3.4,3.0,1824.22,1781.69,2026-08-26 19:48:51.389102,Low,Excellent
1394,22,Male,West,Basic,1 Year,8,30.73,2653.33,Credit Card,Premium,3,2.6,5.0,43.0,1578.25,1828.27,2026-07-12 19:48:51.389105,Medium,Good
1395,73,Female,Central,Basic,2 Year,51,66.05,50.0,Credit Card,Basic,2,8.8,5.0,47.0,561.51,1448.09,2026-06-27 19:48:51.389109,Medium,Good
1396,54,Female,West,Premium,Monthly,55,62.92,1383.13,Cash,Basic,3,14.7,4.3,27.0,518.48,3591.1,2026-07-07 19:48:51.389112,Low,Good
1397,25,Male,South,Basic,Monthly,8,112.61,1644.95,Mobile Money,Basic,3,4.9,3.0,18.0,713.03,1610.27,2026-07-21 19:48:51.389116,Low,Good
1398,59,Female,South,Premium,1 Year,4,127.2,484.16,Credit Card,Premium,1,20.4,2.2,24.0,2019.22,1485.79,2026-07-01 19:48:51.389119,Low,Excellent
1399,66,Female,West,Premium,1 Year,3,38.3,1716.52,Cash,Standard,3,6.8,3.2,48.0,1274.29,847.87,2026-07-20 19:48:51.389123,Medium,Good
1400,45,Male,Central,Standard,2 Year,15,20.0,665.7,Credit Card,Premium,1,2.4,3.9,46.0,1541.37,643.91,2026-07-23 19:48:51.389126,Medium,Excellent
1401,48,Female,North,Business,Monthly,3,34.98,1583.86,Mobile Money,Basic,2,1.0,3.2,17.0,1588.77,2568.47,2026-06-26 19:48:51.389130,Low,Good
1402,26,Female,South,Business,Monthly,15,63.45,190.53,Credit Card,Standard,0,13.2,2.3,13.0,1248.19,3095.89,2026-05-31 19:48:51.389133,Low,Excellent
1403,71,Male,West,Business,Monthly,14,93.13,1270.0,Credit Card,Basic,4,1.0,4.3,14.000000000000002,1360.38,3058.17,2026-07-27 19:48:51.389137,Low,Needs Improvement
1404,68,Male,West,Business,Monthly,51,52.96,2983.84,Debit Card,Basic,3,1.0,3.4,13.0,2059.12,1933.1,2026-07-02 19:48:51.389141,Low,Good
1405,46,Female,West,Standard,1 Year,8,79.46,475.97,Mobile Money,Premium,4,12.0,3.5,19.0,1130.92,910.3,2026-08-01 19:48:51.389144,Low,Needs Improvement
1406,31,Female,North,Business,Monthly,19,45.02,867.65,Mobile Money,Basic,2,1.0,4.2,16.0,1571.98,576.41,2026-08-18 19:48:51.389151,Low,Good
1407,57,Female,East,Standard,2 Year,32,52.82,2519.76,Cash,Basic,0,14.8,3.4,30.0,989.83,1612.54,2026-07-20 19:48:51.389158,Low,Excellent
1408,58,Female,Central,Basic,2 Year,21,69.17,2189.17,Debit Card,Premium,5,7.3,5.0,18.0,1338.8,2055.49,2026-06-28 19:48:51.389162,Low,Needs Improvement
1409,39,Female,East,Standard,Monthly,73,64.72,2598.82,Debit Card,Basic,1,8.1,4.5,12.0,2084.12,1391.32,2026-07-04 19:48:51.389165,Low,Excellent
1410,28,Male,Central,Standard,Monthly,22,64.1,904.58,Credit Card,Premium,3,22.3,2.1,28.000000000000004,1402.39,576.52,2026-07-09 19:48:51.389169,Low,Good
1411,40,Female,Central,Basic,1 Year,55,37.96,1477.52,Credit Card,Basic,1,16.1,4.7,6.0,1043.38,1008.76,2026-07-03 19:48:51.389172,Low,Excellent
1412,18,Male,West,Premium,1 Year,6,95.65,1568.94,Debit Card,Premium,2,1.0,4.6,3.0,2033.47,2098.35,2026-07-22 19:48:51.389175,Low,Good
1413,63,Male,South,Standard,Monthly,19,95.46,578.41,Mobile Money,Premium,2,15.3,4.2,27.0,2179.58,1785.14,2026-06-30 19:48:51.389179,Low,Good
1414,54,Female,West,Basic,Monthly,18,95.88,305.9,Mobile Money,Basic,4,8.8,5.0,28.999999999999996,2895.83,2654.28,2026-08-12 19:48:51.389183,Low,Needs Improvement
1415,38,Female,North,Basic,1 Year,109,48.07,207.31,Credit Card,Standard,2,3.0,4.3,17.0,1573.45,2841.01,2026-06-25 19:48:51.389186,Low,Good
1416,43,Male,Central,Standard,1 Year,5,67.98,798.8,Bank Transfer,Basic,3,15.4,2.7,28.999999999999996,866.14,3929.26,2026-08-27 19:48:51.389189,Low,Good
1417,63,Female,South,Premium,Monthly,3,51.88,177.73,Mobile Money,Standard,1,1.0,2.7,55.00000000000001,985.7,1083.75,2026-07-20 19:48:51.389193,Medium,Excellent
1418,53,Male,Central,Basic,1 Year,22,40.63,658.48,Debit Card,Standard,1,14.5,3.4,20.0,1195.02,2341.89,2026-07-17 19:48:51.389197,Low,Excellent
1419,71,Male,Central,Business,2 Year,6,72.12,395.33,Bank Transfer,Premium,3,7.7,4.9,11.0,1774.61,596.27,2026-06-30 19:48:51.389200,Low,Good
1420,40,Male,West,Standard,Monthly,24,20.0,1609.76,Debit Card,Basic,3,2.4,2.8,19.0,837.75,1830.61,2026-07-14 19:48:51.389204,Low,Good
1421,74,Female,South,Standard,1 Year,86,86.17,1516.0,Cash,Basic,3,1.0,2.5,18.0,1742.23,1469.16,2026-08-27 19:48:51.389207,Low,Good
1422,18,Female,South,Standard,Monthly,70,35.93,742.86,Credit Card,Basic,3,5.9,5.0,22.0,739.32,1522.43,2026-07-30 19:48:51.389211,Low,Good
1423,71,Male,Central,Basic,Monthly,6,57.17,926.67,Debit Card,Standard,3,4.4,3.8,50.0,1271.0,1867.69,2026-07-25 19:48:51.389215,Medium,Good
1424,72,Female,South,Basic,Monthly,4,20.0,1676.41,Credit Card,Premium,0,15.9,3.1,61.0,872.77,548.77,2026-07-29 19:48:51.389218,High,Excellent
1425,68,Male,South,Basic,Monthly,19,110.19,916.07,Mobile Money,Basic,0,12.4,1.0,27.0,1062.25,100.0,2026-06-24 19:48:51.389221,Low,Excellent
1426,57,Female,West,Premium,2 Year,21,81.46,723.68,Credit Card,Basic,1,7.1,2.7,10.0,2143.95,1031.18,2026-07-22 19:48:51.389225,Low,Excellent
1427,32,Male,East,Standard,1 Year,26,67.15,136.64,Debit Card,Basic,1,1.3,2.8,39.0,524.29,1348.51,2026-06-01 19:48:51.389229,Medium,Excellent
1428,38,Male,North,Basic,Monthly,32,47.8,2244.32,Bank Transfer,Basic,0,10.4,3.8,33.0,1843.98,1575.08,2026-06-15 19:48:51.389232,Medium,Excellent
1429,64,Female,East,Standard,Monthly,22,38.36,50.0,Debit Card,Standard,0,7.2,3.6,53.0,1515.48,948.28,2026-07-27 19:48:51.389235,Medium,Excellent
1430,26,Male,South,Basic,1 Year,2,59.99,947.59,Debit Card,Basic,0,1.0,4.3,63.0,1431.98,832.15,2026-06-28 19:48:51.389239,High,Excellent
1431,70,Male,Central,Basic,Monthly,37,72.56,491.74,Credit Card,Premium,1,11.5,2.3,23.0,1788.06,1617.66,2026-08-16 19:48:51.389243,Low,Excellent
1432,26,Female,North,Standard,Monthly,1,59.25,1316.37,Credit Card,Basic,2,14.3,5.0,28.000000000000004,1402.95,2148.68,2026-07-14 19:48:51.389246,Low,Good
1433,27,Female,North,Premium,1 Year,1,78.27,842.11,Cash,Premium,0,11.9,5.0,8.0,783.91,1325.46,2026-08-24 19:48:51.389250,Low,Excellent
1434,69,Male,Central,Standard,2 Year,35,111.39,1267.02,Bank Transfer,Basic,1,1.6,2.7,22.0,3122.86,100.0,2026-07-19 19:48:51.389253,Low,Excellent
1435,74,Male,North,Basic,Monthly,19,38.17,527.48,Mobile Money,Premium,2,5.6,5.0,4.0,826.12,719.76,2026-08-02 19:48:51.389257,Low,Good
1436,70,Male,Central,Standard,1 Year,28,70.91,837.11,Debit Card,Premium,0,6.0,2.3,40.0,2209.55,437.27,2026-08-12 19:48:51.389261,Medium,Excellent
1437,43,Female,North,Basic,Monthly,11,108.53,122.24,Credit Card,Premium,4,21.8,2.7,20.0,692.07,1790.72,2026-07-05 19:48:51.389264,Low,Needs Improvement
1438,58,Male,East,Business,1 Year,1,57.23,393.39,Credit Card,Premium,2,20.8,2.7,21.0,2859.29,2929.11,2026-08-18 19:48:51.389267,Low,Good
1439,52,Female,North,Standard,1 Year,9,61.52,829.5,Credit Card,Basic,3,1.0,3.0,20.0,679.01,973.17,2026-08-06 19:48:51.389271,Low,Good
1440,69,Female,West,Standard,2 Year,22,76.53,1331.43,Mobile Money,Basic,0,48.0,2.7,30.0,1074.94,1411.02,2026-08-23 19:48:51.389275,Low,Excellent
1441,42,Male,Central,Standard,1 Year,6,81.9,1082.43,Bank Transfer,Standard,0,12.4,3.3,27.0,321.13,100.0,2026-06-25 19:48:51.389278,Low,Excellent
1442,43,Male,North,Basic,Monthly,27,91.24,2290.9,Debit Card,Premium,0,3.8,4.7,28.000000000000004,1046.69,3105.79,2026-08-04 19:48:51.389282,Low,Excellent
1443,28,Male,Central,Business,Monthly,37,67.73,50.0,Mobile Money,Basic,1,10.9,3.4,19.0,1591.97,1823.53,2026-08-14 19:48:51.389285,Low,Excellent
1444,55,Male,West,Business,Monthly,14,45.13,990.72,Debit Card,Premium,0,3.8,5.0,35.0,1195.34,265.7,2026-06-20 19:48:51.389289,Medium,Excellent
1445,19,Female,North,Basic,1 Year,50,79.02,50.0,Cash,Standard,1,22.0,5.0,8.0,2201.7,3555.99,2026-07-31 19:48:51.389292,Low,Excellent
1446,24,Male,North,Business,2 Year,46,40.83,1067.03,Credit Card,Basic,1,3.8,5.0,5.0,1417.4,1022.49,2026-08-19 19:48:51.389296,Low,Excellent
1447,35,Male,West,Standard,1 Year,50,73.3,663.31,Cash,Basic,2,11.6,2.7,43.0,1664.64,677.67,2026-07-31 19:48:51.389299,Medium,Good
1448,44,Female,West,Premium,1 Year,25,66.93,787.17,Mobile Money,Basic,5,1.3,3.4,33.0,1410.48,2177.52,2026-07-20 19:48:51.389302,Medium,Needs Improvement
1449,51,Male,West,Premium,Monthly,8,66.32,654.56,Debit Card,Basic,3,15.3,3.2,46.0,983.93,1314.1,2026-08-22 19:48:51.389316,Medium,Good
1450,44,Female,Central,Standard,Monthly,15,62.94,1547.93,Bank Transfer,Standard,0,7.8,2.5,37.0,2631.32,1980.17,2026-06-01 19:48:51.389320,Medium,Excellent
1451,34,Male,West,Basic,Monthly,29,90.05,1423.95,Mobile Money,Basic,3,13.2,5.0,49.0,1615.85,3343.53,2026-06-27 19:48:51.389323,Medium,Good
1452,60,Female,Central,Premium,Monthly,5,80.45,235.23,Debit Card,Standard,1,4.3,5.0,40.0,1347.55,3438.75,2026-07-09 19:48:51.389327,Medium,Excellent
1453,61,Female,East,Business,Monthly,32,82.36,1019.57,Credit Card,Standard,0,3.4,3.6,38.0,645.72,1625.35,2026-07-13 19:48:51.389330,Medium,Excellent
1454,68,Female,North,Premium,1 Year,19,53.41,50.0,Cash,Premium,2,6.1,4.3,56.00000000000001,1841.09,1148.15,2026-08-02 19:48:51.389334,Medium,Good
1455,71,Female,North,Standard,Monthly,2,23.95,50.0,Debit Card,Standard,0,3.9,3.9,4.0,1280.7,174.92,2026-08-19 19:48:51.389338,Low,Excellent
1456,41,Male,South,Premium,1 Year,19,55.07,1520.49,Debit Card,Standard,3,5.8,2.6,12.0,1733.65,100.0,2026-08-14 19:48:51.389341,Low,Good
1457,42,Male,East,Standard,1 Year,1,75.89,290.21,Credit Card,Premium,1,4.5,4.7,14.000000000000002,1398.04,2371.54,2026-06-04 19:48:51.389345,Low,Excellent
1458,24,Female,West,Basic,Monthly,1,65.81,708.85,Credit Card,Basic,3,1.8,3.9,20.0,2111.29,1411.48,2026-08-17 19:48:51.389348,Low,Good
1459,69,Female,West,Standard,1 Year,52,54.18,1375.42,Mobile Money,Basic,2,30.1,3.2,28.999999999999996,2404.94,944.93,2026-06-11 19:48:51.389352,Low,Good
1460,23,Male,East,Business,Monthly,16,70.54,1185.9,Debit Card,Premium,1,1.0,2.4,22.0,1220.57,1824.32,2026-07-26 19:48:51.389355,Low,Excellent
1461,70,Male,West,Standard,Monthly,18,58.32,2323.05,Cash,Basic,2,20.8,4.5,28.000000000000004,1572.9,1087.79,2026-07-19 19:48:51.389359,Low,Good
1462,41,Male,South,Basic,Monthly,7,66.22,194.45,Bank Transfer,Basic,5,14.1,3.7,48.0,699.22,1974.25,2026-08-01 19:48:51.389362,Medium,Needs Improvement
1463,50,Male,Central,Business,Monthly,18,20.0,2175.6,Cash,Standard,2,4.4,2.8,46.0,1048.56,1505.58,2026-07-19 19:48:51.389366,Medium,Good
1464,66,Male,North,Business,1 Year,4,84.18,1662.78,Credit Card,Basic,3,3.1,5.0,11.0,1058.82,272.27,2026-08-04 19:48:51.389369,Low,Good
1465,46,Female,East,Standard,2 Year,32,80.32,1807.97,Credit Card,Standard,0,1.4,4.0,11.0,1311.0,800.74,2026-07-05 19:48:51.389373,Low,Excellent
1466,60,Male,North,Business,Monthly,41,117.81,886.71,Debit Card,Basic,0,1.1,1.7,41.0,742.77,2090.96,2026-08-13 19:48:51.389376,Medium,Excellent
1467,39,Male,Central,Standard,Monthly,46,47.2,438.48,Credit Card,Standard,1,6.4,5.0,13.0,1232.76,881.68,2026-06-20 19:48:51.389380,Low,Excellent
1468,43,Female,East,Basic,Monthly,2,52.42,1276.1,Bank Transfer,Premium,1,1.0,2.0,24.0,1171.11,808.15,2026-06-17 19:48:51.389383,Low,Excellent
1469,45,Female,Central,Standard,1 Year,19,69.36,434.66,Bank Transfer,Standard,4,5.2,3.2,35.0,2805.34,2936.29,2026-06-16 19:48:51.389387,Medium,Needs Improvement
1470,67,Female,West,Standard,Monthly,39,64.15,409.04,Debit Card,Standard,1,13.5,3.8,15.0,997.97,1577.04,2026-06-19 19:48:51.389391,Low,Excellent
1471,38,Female,West,Standard,1 Year,3,104.5,1320.45,Credit Card,Basic,4,11.3,2.4,23.0,2553.29,2244.49,2026-08-12 19:48:51.389394,Low,Needs Improvement
1472,66,Male,West,Premium,1 Year,2,54.79,2041.72,Credit Card,Basic,1,1.1,3.6,10.0,920.93,2568.67,2026-06-19 19:48:51.389398,Low,Excellent
1473,24,Female,Central,Business,Monthly,40,61.16,50.0,Credit Card,Basic,2,26.0,5.0,19.0,1551.1,1954.16,2026-07-23 19:48:51.389401,Low,Good
1474,34,Female,Central,Basic,2 Year,38,50.94,2245.55,Bank Transfer,Standard,3,2.7,5.0,27.0,1524.69,787.0,2026-07-17 19:48:51.389404,Low,Good
1475,37,Male,Central,Basic,Monthly,14,103.09,206.69,Credit Card,Standard,1,9.8,4.8,60.0,2119.51,1913.57,2026-08-08 19:48:51.389408,Medium,Excellent
1476,58,Female,North,Basic,2 Year,2,77.18,954.78,Cash,Standard,4,2.9,5.0,39.0,2038.51,3694.85,2026-08-10 19:48:51.389412,Medium,Needs Improvement
1477,66,Female,Central,Basic,Monthly,17,104.27,967.28,Bank Transfer,Premium,0,7.7,5.0,52.0,2489.96,1036.47,2026-06-09 19:48:51.389415,Medium,Excellent
1478,37,Male,West,Business,Monthly,12,137.88,812.65,Mobile Money,Basic,1,6.8,4.9,19.0,1534.18,2451.5,2026-08-15 19:48:51.389419,Low,Excellent
1479,71,Male,South,Business,1 Year,17,45.93,1010.48,Debit Card,Basic,3,1.6,4.0,12.0,1999.84,2433.63,2026-08-13 19:48:51.389422,Low,Good
1480,39,Male,Central,Standard,1 Year,13,91.95,1307.44,Cash,Standard,1,8.5,3.4,2.0,992.4,851.27,2026-07-24 19:48:51.389426,Low,Excellent
1481,45,Male,South,Premium,2 Year,20,58.58,2217.97,Bank Transfer,Standard,3,3.2,2.9,32.0,1000.22,100.0,2026-06-15 19:48:51.389429,Medium,Good
1482,57,Male,West,Basic,Monthly,31,47.81,1038.37,Debit Card,Basic,4,7.6,3.1,4.0,1843.48,1389.48,2026-07-15 19:48:51.389432,Low,Needs Improvement
1483,66,Female,Central,Basic,2 Year,35,28.34,469.97,Credit Card,Basic,4,6.2,1.4,25.0,1710.31,311.3,2026-08-08 19:48:51.389436,Low,Needs Improvement
1484,24,Male,North,Basic,Monthly,25,118.21,344.87,Mobile Money,Premium,3,14.8,4.7,8.0,2237.91,100.0,2026-08-12 19:48:51.389440,Low,Good
1485,18,Female,North,Standard,Monthly,5,90.05,1455.3,Debit Card,Standard,0,1.9,4.3,52.0,1361.98,868.47,2026-08-20 19:48:51.389443,Medium,Excellent
1486,49,Female,South,Business,Monthly,12,59.36,1853.91,Credit Card,Standard,4,1.3,4.0,10.0,1467.55,1588.61,2026-06-30 19:48:51.389447,Low,Needs Improvement
1487,30,Female,North,Business,1 Year,1,80.55,680.83,Credit Card,Premium,1,15.4,3.4,60.0,672.4,3012.49,2026-08-13 19:48:51.389450,Medium,Excellent
1488,47,Female,North,Standard,1 Year,14,20.0,1933.24,Credit Card,Basic,0,4.7,4.3,17.0,2171.7,497.51,2026-06-18 19:48:51.389454,Low,Excellent
1489,40,Male,North,Standard,Monthly,84,62.64,2934.94,Debit Card,Premium,0,12.2,4.0,54.0,1348.26,1352.0,2026-06-22 19:48:51.389457,Medium,Excellent
1490,68,Male,West,Standard,Monthly,24,45.95,2255.54,Bank Transfer,Basic,0,25.7,3.6,22.0,371.87,2099.27,2026-06-04 19:48:51.389461,Low,Excellent
1491,73,Female,North,Basic,Monthly,4,101.14,620.42,Debit Card,Standard,3,6.3,4.7,24.0,2412.07,100.0,2026-06-20 19:48:51.389464,Low,Good
1492,36,Female,East,Basic,Monthly,7,102.82,2025.03,Bank Transfer,Standard,1,2.9,3.7,19.0,2157.75,1406.39,2026-07-28 19:48:51.389468,Low,Excellent
1493,49,Female,Central,Premium,Monthly,1,87.26,1939.99,Debit Card,Standard,1,12.6,4.5,43.0,1347.71,1241.55,2026-08-06 19:48:51.389471,Medium,Excellent
1494,47,Male,North,Premium,1 Year,4,88.68,1250.52,Credit Card,Basic,1,21.4,4.9,7.000000000000001,1458.33,100.0,2026-08-15 19:48:51.389475,Low,Excellent
1495,46,Female,North,Standard,1 Year,16,48.75,1917.82,Credit Card,Standard,2,2.2,2.5,8.0,2641.44,902.26,2026-07-17 19:48:51.389478,Low,Good
1496,66,Male,North,Business,2 Year,10,82.92,1808.58,Mobile Money,Basic,1,9.3,4.5,20.0,2078.12,265.04,2026-07-12 19:48:51.389482,Low,Excellent
1497,62,Female,East,Basic,Monthly,5,30.52,2197.88,Credit Card,Basic,1,12.1,1.0,45.0,1518.14,1800.89,2026-07-07 19:48:51.389485,Medium,Excellent
1498,46,Female,North,Standard,Monthly,3,27.15,1663.07,Mobile Money,Basic,0,1.0,4.7,48.0,1123.64,1358.82,2026-07-04 19:48:51.389489,Medium,Excellent
1499,47,Male,North,Business,Monthly,25,62.36,1803.85,Credit Card,Standard,2,7.2,4.9,14.000000000000002,1990.5,1480.43,2026-07-01 19:48:51.389492,Low,Good
1500,33,Female,Central,Standard,1 Year,19,78.25,383.74,Bank Transfer,Basic,2,8.0,4.8,19.0,1468.4,1353.15,2026-08-20 19:48:51.389496,Low,Good
1501,57,Male,East,Standard,Monthly,44,79.95,1198.3,Bank Transfer,Basic,1,8.1,5.0,44.0,1373.91,1083.6,2026-08-05 19:48:51.389499,Medium,Excellent
1502,36,Male,East,Basic,2 Year,4,33.57,600.09,Credit Card,Basic,1,1.0,5.0,46.0,1343.3,1609.85,2026-06-07 19:48:51.389503,Medium,Excellent
1503,35,Female,North,Premium,1 Year,45,26.21,2156.37,Bank Transfer,Basic,2,1.0,3.7,11.0,3121.26,1724.75,2026-06-21 19:48:51.389506,Low,Good
1504,18,Female,East,Basic,Monthly,20,53.71,113.54,Debit Card,Standard,2,2.8,4.6,44.0,1883.79,840.67,2026-06-12 19:48:51.389510,Medium,Good
1505,31,Female,South,Standard,Monthly,7,43.09,50.0,Bank Transfer,Standard,3,3.5,4.9,16.0,719.53,1979.6,2026-07-29 19:48:51.389513,Low,Good
1506,68,Female,East,Basic,1 Year,7,80.3,67.29,Mobile Money,Standard,5,1.2,3.0,34.0,928.93,166.08,2026-07-17 19:48:51.389517,Medium,Needs Improvement
1507,64,Female,East,Premium,1 Year,11,39.68,1017.79,Credit Card,Premium,1,5.7,2.2,28.999999999999996,1879.62,1848.93,2026-08-23 19:48:51.389520,Low,Excellent
1508,67,Female,East,Standard,Monthly,14,113.61,50.0,Bank Transfer,Standard,4,2.1,4.4,31.0,533.75,2726.17,2026-07-28 19:48:51.389524,Medium,Needs Improvement
1509,19,Female,West,Standard,Monthly,2,74.06,50.0,Credit Card,Premium,5,3.3,4.7,8.0,1639.18,1571.6,2026-07-17 19:48:51.389527,Low,Needs Improvement
1510,71,Male,West,Standard,1 Year,44,61.33,1731.94,Debit Card,Standard,2,2.8,5.0,21.0,850.25,170.08,2026-06-02 19:48:51.389531,Low,Good
1511,45,Female,West,Basic,1 Year,3,36.32,85.58,Credit Card,Basic,2,11.8,3.8,28.000000000000004,992.56,1164.96,2026-07-18 19:48:51.389534,Low,Good
1512,66,Male,East,Standard,Monthly,15,31.97,2003.97,Debit Card,Standard,3,16.8,3.9,21.0,1502.62,1406.2,2026-06-05 19:48:51.389538,Low,Good
1513,67,Female,South,Basic,Monthly,11,56.98,142.47,Credit Card,Basic,3,2.8,3.9,47.0,1228.07,100.0,2026-06-30 19:48:51.389541,Medium,Good
1514,47,Male,East,Business,Monthly,17,50.53,50.0,Bank Transfer,Standard,4,3.8,3.2,24.0,341.92,1946.84,2026-06-01 19:48:51.389545,Low,Needs Improvement
1515,55,Male,North,Basic,2 Year,52,21.7,376.99,Debit Card,Premium,3,13.5,4.8,24.0,1295.82,2535.55,2026-08-21 19:48:51.389549,Low,Good
1516,68,Male,South,Business,Monthly,108,99.29,169.5,Mobile Money,Basic,1,11.4,4.6,40.0,1792.22,2485.99,2026-06-27 19:48:51.389552,Medium,Excellent
1517,21,Female,West,Basic,1 Year,1,37.37,165.43,Bank Transfer,Basic,5,9.9,3.7,28.999999999999996,1646.9,349.43,2026-08-21 19:48:51.389556,Low,Needs Improvement
1518,18,Male,Central,Basic,1 Year,11,73.82,1112.38,Bank Transfer,Standard,2,9.8,3.9,45.0,2205.63,1955.07,2026-07-14 19:48:51.389559,Medium,Good
1519,25,Male,South,Business,Monthly,40,76.06,1336.19,Credit Card,Standard,1,2.8,3.6,15.0,747.51,3081.26,2026-07-20 19:48:51.389563,Low,Excellent
1520,46,Female,West,Standard,1 Year,9,24.53,2305.75,Credit Card,Standard,3,22.1,5.0,61.0,1737.97,932.89,2026-08-10 19:48:51.389566,High,Good
1521,72,Female,South,Standard,Monthly,25,55.38,909.89,Cash,Basic,0,13.3,4.5,7.000000000000001,1323.48,2268.87,2026-06-05 19:48:51.389570,Low,Excellent
1522,56,Male,South,Premium,1 Year,116,29.76,1429.25,Debit Card,Basic,0,1.9,2.1,41.0,1273.59,792.56,2026-08-11 19:48:51.389573,Medium,Excellent
1523,20,Male,East,Standard,1 Year,24,75.19,136.63,Debit Card,Standard,5,8.7,3.8,18.0,1634.9,2244.19,2026-08-04 19:48:51.389577,Low,Needs Improvement
1524,49,Male,North,Standard,Monthly,2,66.56,473.79,Credit Card,Standard,0,1.3,3.4,26.0,1080.78,605.01,2026-07-02 19:48:51.389580,Low,Excellent
1525,27,Male,Central,Basic,Monthly,44,63.07,2240.16,Credit Card,Standard,5,6.9,3.9,27.0,1012.22,1599.4,2026-06-06 19:48:51.389584,Low,Needs Improvement
1526,27,Female,West,Basic,1 Year,81,44.5,2323.72,Cash,Standard,5,2.7,3.2,3.0,948.16,2245.71,2026-08-12 19:48:51.389587,Low,Needs Improvement
1527,36,Female,South,Basic,Monthly,29,94.53,2469.96,Bank Transfer,Standard,3,1.0,4.9,20.0,1437.47,1887.79,2026-06-24 19:48:51.389591,Low,Good
1528,63,Female,Central,Standard,Monthly,13,55.55,1099.41,Debit Card,Basic,3,7.4,3.7,6.0,1441.91,1479.95,2026-08-05 19:48:51.389595,Low,Good
1529,51,Male,South,Basic,Monthly,71,28.07,140.54,Cash,Basic,5,17.3,3.9,9.0,1170.2,1750.45,2026-08-25 19:48:51.389598,Low,Needs Improvement
1530,50,Female,North,Standard,2 Year,83,41.39,574.97,Bank Transfer,Standard,2,1.2,4.1,18.0,1946.58,1932.26,2026-06-29 19:48:51.389601,Low,Good
1531,40,Female,Central,Standard,1 Year,65,20.0,937.74,Bank Transfer,Standard,3,18.3,3.9,45.0,1313.18,797.95,2026-07-22 19:48:51.389605,Medium,Good
1532,72,Female,West,Standard,1 Year,12,48.64,747.87,Debit Card,Basic,0,1.1,2.2,6.0,2634.89,100.0,2026-06-22 19:48:51.389609,Low,Excellent
1533,45,Female,South,Basic,Monthly,37,42.27,1290.66,Debit Card,Basic,5,10.8,2.7,33.0,2286.56,356.18,2026-07-16 19:48:51.389612,Medium,Needs Improvement
1534,49,Female,North,Basic,Monthly,25,82.36,1801.03,Credit Card,Premium,0,36.5,2.8,28.999999999999996,300.0,1401.36,2026-08-06 19:48:51.389616,Low,Excellent
1535,67,Female,Central,Standard,Monthly,4,79.31,376.79,Bank Transfer,Basic,0,1.0,4.1,24.0,812.86,2932.75,2026-07-06 19:48:51.389619,Low,Excellent
1536,24,Male,South,Basic,Monthly,18,70.32,2734.0,Credit Card,Premium,0,1.9,3.1,31.0,1159.35,100.0,2026-06-09 19:48:51.389623,Medium,Excellent
1537,46,Female,South,Standard,1 Year,33,88.68,1259.58,Mobile Money,Premium,3,5.0,2.9,57.99999999999999,2245.77,351.76,2026-07-14 19:48:51.389626,Medium,Good
1538,25,Female,West,Basic,1 Year,54,35.54,2286.31,Credit Card,Standard,2,10.7,3.5,35.0,300.0,3032.31,2026-07-19 19:48:51.389630,Medium,Good
1539,18,Female,North,Standard,Monthly,47,72.96,1538.74,Credit Card,Standard,5,18.3,4.5,24.0,424.77,1527.22,2026-06-11 19:48:51.389633,Low,Needs Improvement
1540,74,Male,East,Business,1 Year,4,29.05,2924.96,Cash,Standard,1,10.4,3.5,6.0,1781.21,708.36,2026-07-11 19:48:51.389637,Low,Excellent
1541,72,Female,South,Standard,Monthly,16,53.08,269.49,Debit Card,Basic,4,11.8,3.9,18.0,2043.98,1371.3,2026-05-30 19:48:51.389640,Low,Needs Improvement
1542,20,Female,Central,Standard,Monthly,15,73.53,789.03,Credit Card,Standard,3,4.8,3.6,36.0,957.35,958.0,2026-06-11 19:48:51.389644,Medium,Good
1543,41,Male,West,Standard,2 Year,54,51.71,791.66,Cash,Premium,2,3.5,5.0,12.0,1324.38,1143.21,2026-06-03 19:48:51.389647,Low,Good
1544,40,Male,West,Standard,1 Year,1,105.83,1346.26,Debit Card,Premium,2,5.7,3.8,28.000000000000004,1136.33,1732.21,2026-07-16 19:48:51.389651,Low,Good
1545,25,Female,South,Standard,1 Year,32,56.3,1300.6,Credit Card,Premium,4,8.4,3.3,25.0,2355.49,1307.86,2026-07-28 19:48:51.389654,Low,Needs Improvement
1546,71,Female,South,Basic,Monthly,23,85.02,1511.08,Debit Card,Premium,0,5.6,1.0,18.0,2304.2,1987.05,2026-08-13 19:48:51.389658,Low,Excellent
1547,74,Female,South,Basic,Monthly,61,58.39,1311.97,Bank Transfer,Basic,3,12.5,3.7,26.0,414.97,793.34,2026-08-05 19:48:51.389661,Low,Good
1548,64,Male,East,Standard,Monthly,14,68.29,1645.89,Debit Card,Standard,4,1.4,5.0,36.0,1091.72,2037.84,2026-06-03 19:48:51.389665,Medium,Needs Improvement
1549,54,Female,South,Basic,2 Year,25,55.87,812.9,Cash,Standard,2,4.0,2.1,10.0,1142.98,1234.78,2026-08-19 19:48:51.389668,Low,Good
1550,20,Male,North,Standard,1 Year,86,69.43,1574.06,Credit Card,Premium,1,1.0,2.9,40.0,1809.39,2862.04,2026-06-01 19:48:51.389672,Medium,Excellent
1551,68,Male,Central,Basic,Monthly,32,108.17,3452.01,Credit Card,Basic,5,8.9,5.0,5.0,2579.76,2451.87,2026-07-03 19:48:51.389676,Low,Needs Improvement
1552,50,Male,South,Standard,2 Year,1,103.58,1203.6,Credit Card,Standard,1,11.3,2.1,67.0,1194.38,2209.34,2026-08-27 19:48:51.389679,High,Excellent
1553,45,Male,East,Business,Monthly,4,52.82,50.0,Credit Card,Standard,2,8.8,4.8,30.0,1859.9,1542.0,2026-07-21 19:48:51.389683,Low,Good
1554,64,Male,Central,Premium,1 Year,41,59.27,698.32,Debit Card,Basic,5,24.8,3.5,40.0,710.65,1058.39,2026-07-15 19:48:51.389687,Medium,Needs Improvement
1555,25,Male,West,Basic,Monthly,9,66.27,832.37,Mobile Money,Basic,1,21.5,2.4,8.0,1418.9,792.66,2026-07-01 19:48:51.389690,Low,Excellent
1556,51,Male,South,Standard,Monthly,29,81.05,491.31,Debit Card,Premium,0,2.5,4.5,5.0,1909.25,861.98,2026-07-02 19:48:51.389694,Low,Excellent
1557,52,Male,Central,Basic,Monthly,28,111.36,1297.78,Credit Card,Standard,0,2.2,1.1,48.0,1535.9,2099.92,2026-06-12 19:48:51.389697,Medium,Excellent
1558,49,Female,West,Standard,Monthly,120,97.15,1839.2,Mobile Money,Standard,4,1.0,4.8,37.0,1677.32,1236.63,2026-07-17 19:48:51.389701,Medium,Needs Improvement
1559,41,Female,East,Business,1 Year,15,58.33,159.87,Debit Card,Basic,4,5.6,2.9,27.0,2337.63,2344.4,2026-08-17 19:48:51.389704,Low,Needs Improvement
1560,31,Male,North,Business,1 Year,32,75.08,50.0,Debit Card,Standard,0,15.8,2.3,9.0,2874.77,1615.32,2026-08-23 19:48:51.389708,Low,Excellent
1561,49,Female,South,Basic,1 Year,1,70.64,3179.19,Credit Card,Premium,3,1.4,5.0,20.0,1697.04,1033.75,2026-06-25 19:48:51.389711,Low,Good
1562,73,Male,North,Business,2 Year,14,49.86,449.85,Credit Card,Basic,3,7.2,3.5,55.00000000000001,2218.28,1395.43,2026-08-22 19:48:51.389715,Medium,Good
1563,63,Female,East,Basic,Monthly,4,90.34,2330.74,Credit Card,Premium,1,10.2,4.8,22.0,2335.75,1471.59,2026-06-08 19:48:51.389718,Low,Excellent
1564,60,Male,Central,Standard,2 Year,44,20.0,1808.91,Credit Card,Standard,2,3.7,5.0,31.0,2746.5,1366.53,2026-07-27 19:48:51.389722,Medium,Good
1565,33,Male,Central,Basic,2 Year,43,90.15,717.15,Debit Card,Premium,1,9.7,2.6,14.000000000000002,1046.09,442.1,2026-05-30 19:48:51.389725,Low,Excellent
1566,21,Female,East,Premium,Monthly,6,75.3,569.76,Credit Card,Standard,4,14.5,1.0,34.0,300.0,1273.95,2026-07-28 19:48:51.389729,Medium,Needs Improvement
1567,69,Female,East,Business,Monthly,9,20.0,716.37,Credit Card,Basic,1,1.0,4.5,65.0,1820.66,1573.69,2026-08-01 19:48:51.389732,High,Excellent
1568,54,Female,South,Standard,1 Year,29,38.96,846.41,Debit Card,Basic,1,10.6,3.5,12.0,2196.88,937.62,2026-08-02 19:48:51.389736,Low,Excellent
1569,71,Female,West,Standard,Monthly,32,20.0,1695.4,Mobile Money,Basic,3,7.3,4.4,23.0,1454.43,1525.8,2026-06-06 19:48:51.389739,Low,Good
1570,38,Female,North,Business,1 Year,25,107.42,85.84,Bank Transfer,Basic,0,14.9,5.0,27.0,1549.77,1760.09,2026-07-07 19:48:51.389743,Low,Excellent
1571,31,Male,North,Basic,Monthly,120,40.21,2225.49,Credit Card,Standard,1,1.2,1.5,28.999999999999996,1840.14,2005.57,2026-06-16 19:48:51.389746,Low,Excellent
1572,48,Male,Central,Business,1 Year,48,87.75,688.66,Credit Card,Basic,4,13.2,3.1,20.0,1137.69,1514.18,2026-06-25 19:48:51.389750,Low,Needs Improvement
1573,72,Male,Central,Standard,1 Year,12,88.65,50.0,Bank Transfer,Premium,4,1.2,4.1,24.0,624.62,728.89,2026-07-03 19:48:51.389753,Low,Needs Improvement
1574,65,Male,South,Business,Monthly,9,61.98,1348.05,Bank Transfer,Premium,1,7.0,3.9,34.0,300.0,685.08,2026-07-12 19:48:51.389757,Medium,Excellent
1575,35,Female,East,Standard,Monthly,21,48.39,3122.81,Bank Transfer,Premium,6,2.5,3.3,20.0,366.9,2403.6,2026-08-20 19:48:51.389760,Low,Needs Improvement
1576,24,Female,North,Standard,Monthly,40,77.82,528.27,Credit Card,Standard,2,2.2,5.0,22.0,1226.55,2009.69,2026-08-23 19:48:51.389764,Low,Good
1577,27,Male,South,Business,Monthly,15,70.39,1303.09,Credit Card,Standard,1,5.5,1.0,31.0,1429.76,594.3,2026-07-08 19:48:51.389767,Medium,Excellent
1578,24,Female,Central,Basic,2 Year,32,88.41,1313.13,Mobile Money,Basic,2,11.3,1.9,32.0,1150.28,1063.25,2026-08-07 19:48:51.389771,Medium,Good
1579,50,Female,Central,Standard,Monthly,1,35.67,2708.27,Mobile Money,Standard,3,8.3,4.6,25.0,572.03,2727.91,2026-08-05 19:48:51.389774,Low,Good
1580,40,Male,North,Basic,1 Year,62,90.56,449.11,Debit Card,Standard,3,35.8,3.2,52.0,1202.77,746.28,2026-06-25 19:48:51.389778,Medium,Good
1581,38,Male,Central,Business,Monthly,35,98.69,1949.0,Cash,Premium,2,1.0,4.8,41.0,1211.08,4296.31,2026-07-03 19:48:51.389782,Medium,Good
1582,36,Male,Central,Standard,1 Year,12,58.58,61.35,Debit Card,Basic,1,10.2,5.0,16.0,1975.78,1958.39,2026-06-06 19:48:51.389786,Low,Excellent
1583,65,Male,West,Premium,2 Year,11,41.1,1377.86,Mobile Money,Standard,1,1.0,2.0,25.0,1593.82,1767.01,2026-06-26 19:48:51.389789,Low,Excellent
1584,36,Male,East,Basic,Monthly,2,52.92,1789.5,Debit Card,Standard,2,3.5,3.3,28.999999999999996,1329.47,2345.55,2026-07-09 19:48:51.389792,Low,Good
1585,53,Female,Central,Standard,2 Year,40,49.0,2003.14,Bank Transfer,Standard,3,3.4,2.3,7.000000000000001,1390.76,975.01,2026-08-18 19:48:51.389796,Low,Good
1586,46,Male,West,Basic,1 Year,35,60.48,105.44,Bank Transfer,Basic,3,2.4,4.6,18.0,688.65,2455.06,2026-08-05 19:48:51.389802,Low,Good
1587,35,Male,South,Standard,Monthly,23,46.55,50.0,Credit Card,Standard,2,6.1,2.7,9.0,1577.86,2162.06,2026-06-29 19:48:51.389805,Low,Good
1588,19,Female,Central,Basic,2 Year,2,76.41,1042.04,Credit Card,Premium,4,2.2,5.0,38.0,1958.74,1878.03,2026-08-23 19:48:51.389809,Medium,Needs Improvement
1589,18,Female,South,Standard,Monthly,7,80.92,744.12,Debit Card,Premium,1,3.7,3.0,18.0,1508.78,1942.86,2026-08-21 19:48:51.389812,Low,Excellent
1590,64,Female,Central,Premium,Monthly,14,56.02,64.46,Credit Card,Standard,2,15.7,2.9,44.0,896.89,3223.78,2026-07-06 19:48:51.389816,Medium,Good
1591,22,Male,North,Business,1 Year,7,20.0,155.5,Debit Card,Premium,2,3.1,4.9,22.0,1920.46,2518.7,2026-08-11 19:48:51.389819,Low,Good
1592,37,Male,West,Standard,1 Year,13,76.08,817.53,Debit Card,Premium,2,34.1,3.8,22.0,1763.35,918.9,2026-08-16 19:48:51.389823,Low,Good
1593,28,Female,West,Standard,1 Year,6,28.12,2567.35,Credit Card,Standard,2,2.6,4.8,33.0,1932.03,990.36,2026-08-21 19:48:51.389826,Medium,Good
1594,59,Male,North,Premium,Monthly,10,71.24,214.61,Bank Transfer,Standard,1,18.7,2.3,15.0,1502.46,2373.33,2026-07-14 19:48:51.389829,Low,Excellent
1595,19,Male,East,Basic,2 Year,25,66.8,1913.2,Credit Card,Standard,1,4.5,3.7,16.0,1768.29,1571.69,2026-06-06 19:48:51.389833,Low,Excellent
1596,20,Female,West,Standard,1 Year,53,56.78,50.0,Credit Card,Basic,2,19.0,5.0,30.0,1413.38,1715.99,2026-07-23 19:48:51.389837,Low,Good
1597,40,Female,South,Standard,2 Year,11,81.12,597.09,Bank Transfer,Standard,3,4.5,3.8,37.0,1631.84,1320.19,2026-08-10 19:48:51.389840,Medium,Good
1598,72,Male,West,Business,Monthly,28,74.09,50.0,Debit Card,Standard,3,11.8,2.0,7.000000000000001,1168.54,1137.13,2026-06-26 19:48:51.389844,Low,Good
1599,29,Female,East,Standard,1 Year,3,74.69,2938.17,Credit Card,Basic,2,4.1,5.0,40.0,1412.1,2027.59,2026-08-05 19:48:51.389847,Medium,Good
1600,37,Male,South,Premium,2 Year,18,85.53,1965.14,Credit Card,Premium,1,7.8,2.3,33.0,1334.12,1645.78,2026-08-16 19:48:51.389851,Medium,Excellent
1601,22,Male,South,Premium,Monthly,61,54.68,1761.1,Bank Transfer,Basic,2,1.0,2.8,3.0,1816.47,414.74,2026-07-13 19:48:51.389854,Low,Good
1602,54,Male,North,Basic,2 Year,1,54.33,1720.27,Credit Card,Basic,6,7.3,2.2,33.0,1218.81,982.52,2026-06-09 19:48:51.389858,Medium,Needs Improvement
1603,55,Male,Central,Business,Monthly,7,91.93,554.15,Cash,Standard,2,3.0,5.0,33.0,1984.19,2443.59,2026-07-07 19:48:51.389861,Medium,Good
1604,47,Male,North,Business,Monthly,3,81.05,1228.47,Mobile Money,Standard,4,44.8,5.0,15.0,678.76,1223.69,2026-06-23 19:48:51.389864,Low,Needs Improvement
1605,26,Female,Central,Business,2 Year,18,53.26,363.75,Credit Card,Basic,5,13.3,3.6,35.0,300.0,1399.35,2026-07-01 19:48:51.389868,Medium,Needs Improvement
1606,51,Female,North,Standard,2 Year,27,20.0,3355.32,Mobile Money,Basic,2,1.0,5.0,33.0,673.92,2624.07,2026-07-19 19:48:51.389872,Medium,Good
1607,70,Female,Central,Premium,Monthly,1,74.8,300.24,Debit Card,Basic,0,1.8,5.0,18.0,1334.38,1824.43,2026-08-05 19:48:51.389875,Low,Excellent
1608,61,Male,West,Business,Monthly,1,77.15,511.53,Debit Card,Basic,2,7.7,3.9,42.0,1941.84,1519.21,2026-07-25 19:48:51.389879,Medium,Good
1609,52,Male,South,Standard,1 Year,48,34.69,2482.91,Credit Card,Basic,6,2.9,3.6,18.0,903.99,130.68,2026-07-11 19:48:51.389882,Low,Needs Improvement
1610,69,Male,Central,Standard,2 Year,14,43.79,1116.19,Credit Card,Standard,2,1.9,3.4,46.0,632.08,1920.96,2026-06-24 19:48:51.389885,Medium,Good
1611,39,Male,West,Basic,1 Year,14,54.8,1683.16,Mobile Money,Basic,4,3.5,4.0,24.0,918.58,599.93,2026-07-09 19:48:51.389889,Low,Needs Improvement
1612,61,Male,East,Standard,1 Year,69,76.31,1134.78,Bank Transfer,Basic,1,1.0,5.0,21.0,1841.99,2015.11,2026-06-28 19:48:51.389892,Low,Excellent
1613,41,Female,North,Standard,1 Year,9,127.09,648.52,Debit Card,Standard,2,6.5,4.0,63.0,1218.73,100.0,2026-06-16 19:48:51.389896,High,Good
1614,34,Female,East,Standard,Monthly,54,92.94,649.23,Credit Card,Standard,1,2.7,3.5,24.0,1309.05,464.28,2026-06-13 19:48:51.389899,Low,Excellent
1615,27,Female,West,Business,2 Year,87,27.29,1890.08,Cash,Basic,2,16.1,3.8,10.0,1972.22,1760.7,2026-07-28 19:48:51.389903,Low,Good
1616,47,Male,East,Basic,Monthly,6,54.09,1381.9,Debit Card,Basic,3,1.0,4.4,43.0,1183.49,2635.13,2026-08-18 19:48:51.389907,Medium,Good
1617,73,Female,East,Standard,1 Year,17,62.64,2162.41,Debit Card,Basic,2,3.5,3.2,42.0,1983.38,100.0,2026-07-09 19:48:51.389910,Medium,Good
1618,63,Male,West,Business,Monthly,18,77.56,2152.32,Credit Card,Premium,2,6.4,3.5,36.0,1346.84,1763.58,2026-08-19 19:48:51.389914,Medium,Good
1619,40,Male,South,Basic,Monthly,48,44.69,1661.59,Mobile Money,Basic,1,2.1,3.0,30.0,916.97,1823.18,2026-08-14 19:48:51.389917,Low,Excellent
1620,49,Male,Central,Premium,1 Year,8,79.61,2038.15,Debit Card,Premium,4,1.0,2.6,42.0,1821.99,2494.13,2026-06-04 19:48:51.389921,Medium,Needs Improvement
1621,34,Female,North,Basic,2 Year,38,52.17,1629.68,Credit Card,Basic,5,1.0,4.5,28.000000000000004,1752.29,2122.36,2026-06-29 19:48:51.389925,Low,Needs Improvement
1622,67,Female,Central,Basic,1 Year,84,79.57,1504.37,Debit Card,Standard,0,1.4,2.6,26.0,1626.67,955.13,2026-07-22 19:48:51.389928,Low,Excellent
1623,68,Male,North,Standard,1 Year,44,66.89,940.85,Mobile Money,Premium,2,2.5,3.7,9.0,2678.69,516.01,2026-08-20 19:48:51.389932,Low,Good
1624,34,Female,Central,Premium,Monthly,57,116.14,50.0,Debit Card,Premium,3,9.8,3.4,13.0,1909.47,646.71,2026-07-12 19:48:51.389935,Low,Good
1625,31,Female,East,Business,2 Year,29,89.47,692.35,Bank Transfer,Basic,2,5.1,4.9,21.0,710.13,100.0,2026-06-14 19:48:51.389939,Low,Good
1626,26,Male,South,Business,Monthly,56,97.85,2357.76,Debit Card,Basic,0,1.0,3.4,8.0,1541.87,501.97,2026-06-17 19:48:51.389942,Low,Excellent
1627,57,Male,East,Business,Monthly,4,38.56,1430.67,Bank Transfer,Standard,4,1.3,4.5,8.0,1822.41,3168.94,2026-07-26 19:48:51.389946,Low,Needs Improvement
1628,19,Male,South,Standard,Monthly,29,51.7,878.43,Bank Transfer,Standard,6,3.7,1.9,41.0,1583.44,3642.83,2026-07-21 19:48:51.389949,Medium,Needs Improvement
1629,62,Female,West,Basic,1 Year,31,73.18,2161.36,Bank Transfer,Premium,3,4.4,5.0,21.0,941.91,699.15,2026-07-03 19:48:51.389953,Low,Good
1630,42,Male,North,Standard,2 Year,13,34.17,841.78,Bank Transfer,Standard,1,1.0,4.5,25.0,911.67,1299.48,2026-06-16 19:48:51.389956,Low,Excellent
1631,56,Female,North,Standard,1 Year,1,91.13,1766.21,Credit Card,Basic,0,1.0,5.0,37.0,670.98,2708.2,2026-08-24 19:48:51.389960,Medium,Excellent
1632,26,Male,West,Standard,Monthly,23,68.26,2263.79,Mobile Money,Standard,1,2.4,4.1,27.0,1591.58,967.95,2026-07-21 19:48:51.389963,Low,Excellent
1633,71,Female,Central,Basic,Monthly,1,92.5,1685.86,Bank Transfer,Basic,4,14.5,4.1,20.0,1070.48,3488.8,2026-06-10 19:48:51.389967,Low,Needs Improvement
1634,39,Male,West,Premium,1 Year,11,77.06,2049.41,Debit Card,Standard,1,1.9,3.2,20.0,927.31,2700.86,2026-06-04 19:48:51.389970,Low,Excellent
1635,60,Female,West,Standard,Monthly,12,66.12,1578.09,Credit Card,Standard,3,2.1,4.1,10.0,1110.88,1655.33,2026-07-01 19:48:51.389974,Low,Good
1636,63,Female,South,Basic,Monthly,120,61.93,50.0,Mobile Money,Basic,1,5.5,2.5,21.0,835.55,1744.27,2026-08-17 19:48:51.389977,Low,Excellent
1637,21,Female,West,Basic,1 Year,8,45.78,2248.65,Debit Card,Premium,0,17.8,2.8,40.0,1589.06,2651.63,2026-08-09 19:48:51.389981,Medium,Excellent
1638,43,Female,North,Basic,2 Year,41,44.29,1841.9,Credit Card,Standard,1,6.0,3.0,20.0,1367.92,1507.84,2026-07-19 19:48:51.389985,Low,Excellent
1639,46,Male,East,Basic,Monthly,1,87.22,956.53,Cash,Premium,3,1.0,3.4,25.0,1749.79,100.0,2026-06-15 19:48:51.389988,Low,Good
1640,62,Female,South,Business,Monthly,18,81.7,729.98,Credit Card,Standard,3,1.7,1.0,5.0,1049.99,1297.09,2026-06-25 19:48:51.389992,Low,Good
1641,51,Male,South,Standard,2 Year,18,95.85,1298.88,Debit Card,Premium,1,15.5,2.4,35.0,1483.44,2756.68,2026-06-23 19:48:51.389995,Medium,Excellent
1642,40,Male,Central,Premium,1 Year,23,51.36,240.58,Bank Transfer,Standard,2,16.7,1.9,33.0,1494.43,1262.22,2026-08-22 19:48:51.389998,Medium,Good
1643,54,Female,East,Standard,2 Year,39,93.06,1954.31,Cash,Premium,0,12.7,5.0,36.0,1657.55,2051.19,2026-08-03 19:48:51.390002,Medium,Excellent
1644,28,Male,South,Standard,Monthly,34,60.59,1079.18,Credit Card,Standard,0,6.2,2.5,23.0,1450.45,1291.71,2026-06-17 19:48:51.390006,Low,Excellent
1645,23,Female,West,Standard,Monthly,34,79.5,480.65,Bank Transfer,Basic,0,4.6,2.6,27.0,713.01,2576.88,2026-07-01 19:48:51.390009,Low,Excellent
1646,35,Female,South,Basic,2 Year,13,97.29,1731.59,Debit Card,Basic,0,2.5,3.6,8.0,1706.48,1784.79,2026-06-12 19:48:51.390013,Low,Excellent
1647,38,Male,South,Standard,Monthly,31,116.78,1579.8,Credit Card,Premium,1,6.3,4.0,28.000000000000004,1811.09,2561.61,2026-07-20 19:48:51.390016,Low,Excellent
1648,59,Female,South,Business,1 Year,16,91.81,1853.48,Cash,Standard,1,9.2,4.3,16.0,1453.92,1457.22,2026-06-28 19:48:51.390020,Low,Excellent
1649,53,Male,Central,Business,Monthly,1,70.07,172.41,Mobile Money,Basic,1,7.3,3.0,17.0,1218.9,2311.94,2026-06-14 19:48:51.390023,Low,Excellent
1650,58,Male,South,Basic,1 Year,53,79.02,1789.43,Mobile Money,Standard,5,2.0,3.6,8.0,2170.75,983.85,2026-06-02 19:48:51.390027,Low,Needs Improvement
1651,55,Male,South,Business,2 Year,53,96.23,2629.23,Mobile Money,Basic,0,18.7,5.0,66.0,1701.26,2071.14,2026-08-20 19:48:51.390030,High,Excellent
1652,51,Female,Central,Business,Monthly,9,82.75,1165.71,Bank Transfer,Premium,2,4.0,3.7,47.0,1665.7,2238.66,2026-07-09 19:48:51.390034,Medium,Good
1653,34,Female,East,Business,2 Year,58,55.02,1114.91,Debit Card,Standard,3,17.3,3.9,13.0,1503.35,2690.55,2026-06-20 19:48:51.390037,Low,Good
1654,54,Female,North,Standard,Monthly,34,80.37,87.76,Debit Card,Basic,2,4.1,4.9,18.0,1130.42,1314.63,2026-07-19 19:48:51.390041,Low,Good
1655,42,Female,Central,Premium,2 Year,12,97.59,1265.66,Bank Transfer,Basic,0,1.0,4.7,56.00000000000001,1836.78,1398.93,2026-07-27 19:48:51.390044,Medium,Excellent
1656,55,Male,Central,Basic,Monthly,9,110.31,381.41,Bank Transfer,Standard,3,10.7,1.6,52.0,1176.97,222.58,2026-07-03 19:48:51.390048,Medium,Good
1657,29,Male,South,Basic,Monthly,88,66.55,2134.06,Debit Card,Premium,5,20.2,4.2,16.0,1780.74,2522.14,2026-06-07 19:48:51.390051,Low,Needs Improvement
1658,40,Female,South,Basic,Monthly,29,37.08,3141.13,Bank Transfer,Standard,3,2.4,3.8,31.0,673.41,219.12,2026-06-16 19:48:51.390055,Medium,Good
1659,70,Female,North,Premium,1 Year,11,20.51,3161.4,Bank Transfer,Premium,3,6.3,5.0,53.0,1854.25,100.0,2026-06-20 19:48:51.390058,Medium,Good
1660,59,Male,South,Basic,2 Year,24,84.89,515.16,Cash,Standard,2,13.2,2.5,26.0,1491.77,1535.69,2026-08-11 19:48:51.390062,Low,Good
1661,39,Male,West,Basic,Monthly,20,26.66,609.85,Mobile Money,Basic,4,3.1,2.7,23.0,1595.82,984.3,2026-08-21 19:48:51.390065,Low,Needs Improvement
1662,38,Female,South,Basic,1 Year,17,73.0,1684.13,Credit Card,Premium,4,2.7,3.3,22.0,2246.27,2389.32,2026-07-24 19:48:51.390069,Low,Needs Improvement
1663,44,Female,South,Standard,2 Year,24,91.94,1016.03,Debit Card,Standard,2,4.2,4.7,45.0,1342.99,2362.06,2026-06-02 19:48:51.390072,Medium,Good
1664,74,Male,West,Basic,2 Year,18,60.92,1211.22,Bank Transfer,Basic,2,6.4,5.0,42.0,1442.12,100.0,2026-08-18 19:48:51.390075,Medium,Good
1665,48,Male,North,Premium,1 Year,25,27.6,3163.47,Credit Card,Basic,4,6.4,3.4,37.0,1253.39,2334.64,2026-06-08 19:48:51.390079,Medium,Needs Improvement
1666,23,Female,West,Basic,2 Year,57,33.5,332.97,Cash,Standard,5,5.3,4.6,32.0,2057.63,544.25,2026-06-04 19:48:51.390083,Medium,Needs Improvement
1667,44,Female,Central,Premium,1 Year,120,42.0,1413.33,Credit Card,Standard,2,13.7,3.1,30.0,908.0,1791.2,2026-08-18 19:48:51.390086,Low,Good
1668,57,Male,West,Business,Monthly,29,61.9,1504.59,Bank Transfer,Basic,2,1.3,3.7,14.000000000000002,1270.05,3257.08,2026-06-10 19:48:51.390090,Low,Good
1669,51,Female,East,Basic,Monthly,63,95.1,2040.05,Cash,Standard,3,1.0,4.4,11.0,1814.48,1288.2,2026-08-22 19:48:51.390093,Low,Good
1670,29,Male,Central,Standard,2 Year,46,65.29,509.9,Bank Transfer,Standard,3,1.5,5.0,18.0,2185.47,2123.56,2026-08-18 19:48:51.390097,Low,Good
1671,62,Male,South,Premium,Monthly,8,118.83,2386.72,Bank Transfer,Basic,2,9.7,5.0,28.999999999999996,1734.22,1736.26,2026-08-03 19:48:51.390100,Low,Good
1672,74,Female,Central,Basic,Monthly,64,91.02,1409.95,Cash,Basic,2,1.3,5.0,54.0,1145.56,1179.75,2026-08-02 19:48:51.390104,Medium,Good
1673,70,Female,North,Basic,2 Year,1,72.39,536.98,Mobile Money,Premium,3,3.1,3.4,15.0,1265.73,1339.21,2026-06-05 19:48:51.390107,Low,Good
1674,24,Male,North,Business,Monthly,9,63.21,1055.49,Cash,Premium,3,16.9,1.7,60.0,1328.47,646.71,2026-08-20 19:48:51.390111,Medium,Good
1675,27,Female,West,Basic,2 Year,24,52.56,2002.02,Bank Transfer,Basic,3,1.2,5.0,38.0,1672.94,1203.77,2026-07-21 19:48:51.390114,Medium,Good
1676,62,Female,Central,Standard,2 Year,17,68.73,2866.09,Bank Transfer,Basic,3,6.0,1.8,4.0,886.42,2581.54,2026-06-08 19:48:51.390118,Low,Good
1677,34,Female,South,Standard,2 Year,18,78.56,918.89,Mobile Money,Basic,1,5.6,3.3,8.0,1221.47,1995.25,2026-06-06 19:48:51.390121,Low,Excellent
1678,43,Female,North,Business,Monthly,38,73.03,2892.85,Credit Card,Basic,3,1.0,3.6,17.0,1286.14,1905.47,2026-06-25 19:48:51.390125,Low,Good
1679,38,Female,South,Premium,Monthly,5,52.53,2193.88,Mobile Money,Basic,3,1.0,5.0,28.999999999999996,2167.72,3162.76,2026-07-01 19:48:51.390131,Low,Good
1680,45,Female,East,Business,2 Year,96,39.2,791.48,Cash,Standard,1,24.0,5.0,21.0,1932.26,2737.63,2026-06-30 19:48:51.390134,Low,Excellent
1681,63,Male,North,Premium,Monthly,13,111.56,1681.95,Bank Transfer,Standard,2,26.0,3.1,13.0,1078.87,1550.36,2026-07-25 19:48:51.390138,Low,Good
1682,19,Male,West,Basic,1 Year,71,80.86,1897.66,Credit Card,Standard,0,16.6,4.0,64.0,1670.67,265.59,2026-07-27 19:48:51.390141,High,Excellent
1683,71,Male,East,Standard,1 Year,11,73.89,1008.25,Credit Card,Basic,2,4.5,2.9,32.0,1847.69,991.42,2026-07-15 19:48:51.390145,Medium,Good
1684,60,Female,Central,Basic,Monthly,22,77.66,684.5,Credit Card,Standard,4,7.2,2.8,46.0,364.23,100.0,2026-06-02 19:48:51.390148,Medium,Needs Improvement
1685,18,Female,South,Basic,2 Year,14,92.53,1093.13,Debit Card,Basic,1,13.9,4.6,14.000000000000002,1013.55,1286.04,2026-06-04 19:48:51.390152,Low,Excellent
1686,68,Male,North,Premium,1 Year,27,53.3,890.12,Debit Card,Basic,3,9.0,2.1,11.0,3092.73,2952.4,2026-08-17 19:48:51.390155,Low,Good
1687,70,Male,East,Basic,Monthly,4,61.76,1420.83,Cash,Premium,2,18.0,4.1,35.0,1834.09,383.17,2026-06-13 19:48:51.390159,Medium,Good
1688,53,Female,East,Basic,Monthly,12,46.19,2946.1,Cash,Basic,3,3.0,3.0,52.0,2347.05,1986.85,2026-07-26 19:48:51.390162,Medium,Good
1689,68,Male,North,Business,Monthly,1,64.82,1566.95,Debit Card,Basic,0,7.8,1.2,27.0,1655.89,788.02,2026-08-25 19:48:51.390166,Low,Excellent
1690,43,Female,Central,Premium,Monthly,21,48.1,2647.05,Mobile Money,Standard,3,6.7,3.5,24.0,1504.09,1276.7,2026-08-02 19:48:51.390169,Low,Good
1691,46,Male,Central,Basic,1 Year,78,39.84,1654.74,Bank Transfer,Standard,2,33.4,5.0,6.0,1091.47,2253.21,2026-08-05 19:48:51.390173,Low,Good
1692,38,Female,West,Basic,Monthly,1,24.51,3514.68,Credit Card,Basic,1,16.8,4.1,20.0,2517.4,100.0,2026-07-02 19:48:51.390176,Low,Excellent
1693,28,Female,Central,Basic,Monthly,25,106.45,549.14,Cash,Basic,1,1.4,2.4,4.0,1719.67,2101.47,2026-06-05 19:48:51.390180,Low,Excellent
1694,57,Male,West,Premium,2 Year,35,56.64,50.0,Credit Card,Standard,4,1.0,4.0,21.0,1751.18,1457.77,2026-07-21 19:48:51.390183,Low,Needs Improvement
1695,28,Male,East,Premium,1 Year,5,77.17,1418.55,Mobile Money,Premium,6,4.7,1.7,15.0,2361.3,1264.39,2026-06-20 19:48:51.390187,Low,Needs Improvement
1696,53,Male,North,Standard,Monthly,7,67.41,1519.46,Bank Transfer,Premium,2,6.3,5.0,22.0,1151.38,1126.43,2026-06-23 19:48:51.390190,Low,Good
1697,66,Female,Central,Standard,2 Year,5,77.43,2460.97,Bank Transfer,Premium,4,12.5,4.0,32.0,1312.29,1707.55,2026-08-04 19:48:51.390194,Medium,Needs Improvement
1698,56,Female,West,Premium,Monthly,8,20.0,2723.57,Mobile Money,Basic,3,1.4,4.6,25.0,1988.2,2293.37,2026-07-11 19:48:51.390197,Low,Good
1699,57,Male,East,Standard,2 Year,2,53.25,50.0,Debit Card,Basic,3,20.2,5.0,43.0,1092.3,1302.11,2026-07-06 19:48:51.390201,Medium,Good
1700,52,Female,Central,Standard,1 Year,11,93.99,1062.22,Mobile Money,Basic,0,6.8,4.0,8.0,639.9,1913.87,2026-07-11 19:48:51.390204,Low,Excellent
1701,71,Female,South,Basic,1 Year,11,113.58,1311.22,Bank Transfer,Basic,2,14.8,4.0,52.0,1776.82,2793.68,2026-07-24 19:48:51.390208,Medium,Good
1702,51,Male,East,Business,1 Year,39,55.89,277.1,Cash,Basic,1,14.5,2.7,16.0,1737.44,1375.01,2026-08-01 19:48:51.390211,Low,Excellent
1703,72,Male,Central,Standard,1 Year,38,58.77,1088.1,Bank Transfer,Standard,2,24.3,1.3,35.0,1026.6,276.93,2026-08-09 19:48:51.390215,Medium,Good
1704,64,Female,East,Basic,2 Year,38,91.66,2072.69,Debit Card,Basic,1,8.6,2.9,27.0,1468.63,2182.41,2026-06-22 19:48:51.390218,Low,Excellent
1705,41,Female,North,Basic,2 Year,20,76.02,2129.9,Mobile Money,Basic,3,12.3,4.0,2.0,1461.33,3172.96,2026-06-11 19:48:51.390222,Low,Good
1706,71,Female,North,Business,Monthly,9,65.74,1499.6,Debit Card,Standard,2,13.7,3.9,39.0,1207.52,1790.52,2026-07-06 19:48:51.390226,Medium,Good
1707,39,Female,North,Business,Monthly,12,63.39,2556.82,Mobile Money,Basic,3,5.1,4.1,9.0,1509.91,1187.22,2026-07-03 19:48:51.390229,Low,Good
1708,22,Female,South,Basic,2 Year,9,50.74,1478.79,Mobile Money,Basic,1,4.5,2.3,1.0,2367.28,1140.86,2026-08-22 19:48:51.390233,Low,Excellent
1709,73,Male,North,Standard,1 Year,20,49.86,2223.33,Bank Transfer,Standard,3,23.4,3.0,24.0,1398.8,974.45,2026-06-03 19:48:51.390236,Low,Good
1710,50,Female,South,Basic,2 Year,66,68.3,529.29,Mobile Money,Basic,3,1.0,4.9,19.0,2750.29,1061.94,2026-08-03 19:48:51.390240,Low,Good
1711,53,Female,North,Standard,1 Year,8,72.92,582.19,Debit Card,Premium,2,24.5,4.0,25.0,1440.92,959.27,2026-07-30 19:48:51.390243,Low,Good
1712,64,Female,East,Business,1 Year,14,74.22,2861.72,Credit Card,Premium,5,6.9,2.1,44.0,1001.97,2419.29,2026-08-03 19:48:51.390247,Medium,Needs Improvement
1713,37,Male,Central,Standard,Monthly,25,47.86,809.73,Bank Transfer,Standard,1,2.8,5.0,55.00000000000001,2638.46,1889.46,2026-08-26 19:48:51.390250,Medium,Excellent
1714,36,Male,Central,Standard,Monthly,44,98.31,2010.91,Mobile Money,Standard,1,6.5,5.0,23.0,881.23,100.0,2026-07-14 19:48:51.390254,Low,Excellent
1715,52,Male,North,Standard,1 Year,7,24.47,778.41,Credit Card,Basic,3,8.1,2.7,17.0,300.0,1905.62,2026-06-27 19:48:51.390258,Low,Good
1716,69,Male,Central,Premium,1 Year,7,78.24,1512.15,Mobile Money,Premium,1,1.0,3.8,16.0,1906.11,359.79,2026-07-24 19:48:51.390261,Low,Excellent
1717,60,Male,North,Basic,1 Year,51,51.5,1091.37,Bank Transfer,Basic,2,8.9,3.5,10.0,2912.35,1671.22,2026-06-06 19:48:51.390265,Low,Good
1718,34,Female,North,Standard,1 Year,2,43.35,1772.91,Credit Card,Premium,1,18.6,2.4,43.0,1142.83,1842.75,2026-06-20 19:48:51.390268,Medium,Excellent
1719,62,Female,West,Standard,1 Year,22,56.88,1768.67,Debit Card,Standard,2,28.4,3.8,11.0,1480.42,2276.13,2026-07-26 19:48:51.390271,Low,Good
1720,60,Male,West,Basic,2 Year,47,25.21,670.77,Credit Card,Premium,2,7.3,4.3,34.0,940.75,2182.41,2026-08-01 19:48:51.390275,Medium,Good
1721,51,Female,West,Standard,Monthly,61,73.86,1799.91,Debit Card,Premium,1,3.2,4.1,32.0,1357.25,2022.66,2026-08-10 19:48:51.390279,Medium,Excellent
1722,26,Male,South,Basic,1 Year,1,105.36,286.0,Mobile Money,Standard,2,6.6,5.0,22.0,908.27,2389.27,2026-06-20 19:48:51.390282,Low,Good
1723,43,Male,West,Basic,Monthly,11,48.89,2580.62,Credit Card,Basic,1,1.0,2.6,48.0,1940.66,1973.93,2026-06-17 19:48:51.390286,Medium,Excellent
1724,19,Male,North,Standard,Monthly,7,123.77,1487.39,Debit Card,Premium,1,20.1,2.4,6.0,2173.03,1544.46,2026-07-18 19:48:51.390289,Low,Excellent
1725,70,Female,East,Standard,Monthly,20,43.48,50.0,Bank Transfer,Premium,3,12.3,5.0,26.0,627.02,893.35,2026-08-09 19:48:51.390293,Low,Good
1726,26,Male,West,Basic,Monthly,24,54.42,153.2,Cash,Standard,1,1.5,5.0,5.0,2168.79,1061.16,2026-08-17 19:48:51.390296,Low,Excellent
1727,26,Male,West,Business,Monthly,120,99.0,1747.51,Bank Transfer,Premium,2,7.5,1.2,26.0,886.69,998.8,2026-08-12 19:48:51.390300,Low,Good
1728,57,Male,East,Premium,Monthly,17,35.07,1968.5,Credit Card,Standard,2,1.0,2.7,24.0,1614.99,1372.01,2026-08-10 19:48:51.390303,Low,Good
1729,34,Female,North,Basic,Monthly,19,59.33,887.42,Cash,Premium,1,1.9,1.7,35.0,1968.43,2591.24,2026-07-25 19:48:51.390307,Medium,Excellent
1730,18,Male,South,Basic,2 Year,12,107.98,1325.62,Debit Card,Standard,3,1.5,5.0,21.0,1294.86,2022.8,2026-06-28 19:48:51.390310,Low,Good
1731,42,Female,West,Basic,Monthly,3,35.53,1780.51,Debit Card,Basic,0,1.4,4.9,39.0,683.52,829.95,2026-06-13 19:48:51.390314,Medium,Excellent
1732,60,Female,East,Premium,1 Year,8,79.76,2248.91,Credit Card,Standard,3,6.4,3.7,25.0,849.95,1789.68,2026-08-16 19:48:51.390317,Low,Good
1733,57,Female,North,Business,1 Year,6,77.76,1926.28,Cash,Basic,2,26.7,5.0,26.0,1962.1,2133.92,2026-08-02 19:48:51.390321,Low,Good
1734,59,Female,Central,Premium,Monthly,38,20.0,751.69,Bank Transfer,Standard,2,1.1,4.6,47.0,2066.11,1304.07,2026-06-16 19:48:51.390324,Medium,Good
1735,42,Male,South,Standard,Monthly,18,49.61,2291.43,Cash,Premium,2,16.5,4.2,10.0,455.42,1886.15,2026-07-29 19:48:51.390328,Low,Good
1736,56,Male,East,Standard,Monthly,8,124.54,50.0,Credit Card,Basic,2,1.0,3.2,35.0,2290.2,663.43,2026-06-26 19:48:51.390332,Medium,Good
1737,52,Female,East,Standard,1 Year,16,70.59,976.15,Debit Card,Standard,2,1.0,2.1,60.0,960.12,1357.45,2026-07-05 19:48:51.390335,Medium,Good
1738,20,Male,East,Premium,Monthly,5,74.6,1696.03,Credit Card,Basic,0,7.9,3.5,36.0,1088.96,1354.42,2026-08-17 19:48:51.390338,Medium,Excellent
1739,67,Female,West,Standard,Monthly,4,70.95,235.15,Debit Card,Basic,4,6.8,3.8,15.0,1673.41,858.41,2026-06-14 19:48:51.390342,Low,Needs Improvement
1740,54,Female,Central,Standard,Monthly,47,116.07,1243.97,Mobile Money,Standard,2,3.4,4.5,24.0,300.0,2502.18,2026-07-27 19:48:51.390346,Low,Good
1741,61,Female,South,Premium,1 Year,69,40.66,1642.65,Credit Card,Standard,2,6.1,4.0,38.0,1571.72,2217.87,2026-07-01 19:48:51.390349,Medium,Good
1742,61,Female,North,Basic,1 Year,2,48.04,579.38,Credit Card,Premium,6,11.2,3.7,46.0,1333.47,1809.76,2026-07-15 19:48:51.390352,Medium,Needs Improvement
1743,68,Female,North,Business,Monthly,34,62.23,1352.36,Bank Transfer,Basic,3,11.9,4.1,14.000000000000002,1767.96,549.13,2026-06-05 19:48:51.390356,Low,Good
1744,47,Female,Central,Basic,Monthly,14,78.89,221.7,Credit Card,Standard,2,1.0,2.6,54.0,1338.83,2745.04,2026-07-11 19:48:51.390359,Medium,Good
1745,55,Male,East,Basic,Monthly,11,68.84,2004.5,Debit Card,Basic,6,1.0,3.2,5.0,2040.05,1600.97,2026-06-30 19:48:51.390363,Low,Needs Improvement
1746,51,Female,East,Standard,Monthly,28,69.55,1626.67,Debit Card,Basic,3,1.0,4.8,61.0,906.83,1500.09,2026-08-13 19:48:51.390367,High,Good
1747,29,Male,East,Business,Monthly,7,51.2,1790.99,Mobile Money,Premium,1,1.0,3.3,6.0,1774.31,3091.98,2026-07-13 19:48:51.390370,Low,Excellent
1748,36,Male,East,Business,1 Year,1,80.18,1144.5,Credit Card,Basic,1,14.6,3.5,14.000000000000002,1241.41,1961.28,2026-08-26 19:48:51.390373,Low,Excellent
1749,54,Female,East,Basic,1 Year,5,20.0,50.0,Mobile Money,Basic,2,1.0,4.4,38.0,382.97,1189.59,2026-07-10 19:48:51.390377,Medium,Good
1750,61,Male,Central,Business,1 Year,4,51.31,1093.82,Bank Transfer,Standard,4,9.9,2.9,13.0,1006.88,1031.73,2026-08-23 19:48:51.390381,Low,Needs Improvement
1751,66,Male,West,Basic,1 Year,1,44.47,2580.92,Credit Card,Premium,2,31.3,3.2,41.0,1477.04,850.65,2026-08-03 19:48:51.390384,Medium,Good
1752,34,Male,South,Basic,Monthly,9,37.47,2013.1,Credit Card,Standard,2,13.8,1.7,28.000000000000004,1367.16,1794.92,2026-07-11 19:48:51.390388,Low,Good
1753,27,Female,East,Basic,Monthly,15,20.48,2596.24,Cash,Premium,1,1.0,5.0,42.0,1048.07,3312.7,2026-06-14 19:48:51.390391,Medium,Excellent
1754,74,Female,West,Standard,Monthly,31,70.81,1244.26,Bank Transfer,Basic,4,17.9,5.0,52.0,902.74,1466.37,2026-07-10 19:48:51.390395,Medium,Needs Improvement
1755,72,Female,North,Basic,1 Year,9,75.74,646.48,Debit Card,Standard,2,25.4,4.9,23.0,1427.85,631.02,2026-07-06 19:48:51.390398,Low,Good
1756,66,Male,Central,Basic,Monthly,5,75.92,1669.3,Credit Card,Standard,1,9.8,4.0,27.0,2305.73,852.23,2026-06-24 19:48:51.390402,Low,Excellent
1757,64,Female,West,Standard,2 Year,6,88.53,1046.31,Credit Card,Premium,1,7.7,2.4,69.0,1320.8,1018.47,2026-07-21 19:48:51.390405,High,Excellent
1758,29,Female,East,Business,1 Year,53,92.89,753.64,Bank Transfer,Standard,1,7.4,3.2,49.0,660.85,2181.69,2026-06-06 19:48:51.390409,Medium,Excellent
1759,33,Male,East,Premium,Monthly,5,20.0,50.0,Debit Card,Standard,6,13.7,2.7,30.0,3031.3,1950.33,2026-07-09 19:48:51.390412,Low,Needs Improvement
1760,41,Male,East,Premium,1 Year,50,80.77,1467.41,Mobile Money,Standard,4,6.4,2.8,28.999999999999996,300.0,1563.44,2026-06-06 19:48:51.390416,Low,Needs Improvement
1761,36,Male,West,Basic,Monthly,14,69.56,1949.62,Mobile Money,Standard,2,3.2,3.3,25.0,2481.79,2351.16,2026-08-25 19:48:51.390419,Low,Good
1762,25,Female,East,Standard,Monthly,65,69.28,268.15,Debit Card,Standard,3,28.2,3.3,13.0,1492.56,2442.81,2026-08-24 19:48:51.390423,Low,Good
1763,48,Female,West,Basic,Monthly,12,61.9,2391.37,Credit Card,Standard,1,1.0,5.0,36.0,1233.28,1244.84,2026-06-21 19:48:51.390426,Medium,Excellent
1764,38,Female,East,Basic,Monthly,4,51.24,1399.73,Mobile Money,Basic,2,8.8,3.8,59.0,1165.02,1193.2,2026-06-10 19:48:51.390430,Medium,Good
1765,34,Male,North,Standard,2 Year,19,78.2,1288.27,Bank Transfer,Basic,2,7.0,5.0,11.0,1274.39,2380.08,2026-07-29 19:48:51.390433,Low,Good
1766,40,Female,North,Standard,1 Year,21,40.49,224.49,Cash,Basic,3,8.2,2.9,28.999999999999996,1305.29,2420.0,2026-08-27 19:48:51.390437,Low,Good
1767,54,Female,South,Premium,Monthly,24,92.57,1622.0,Mobile Money,Premium,2,8.2,4.2,21.0,2480.46,1297.67,2026-06-17 19:48:51.390440,Low,Good
1768,71,Female,East,Basic,Monthly,12,52.56,277.82,Debit Card,Premium,4,1.1,3.5,7.000000000000001,719.4,100.0,2026-08-06 19:48:51.390444,Low,Needs Improvement
1769,33,Female,East,Standard,Monthly,1,20.0,436.05,Debit Card,Standard,1,1.1,4.4,6.0,1299.43,2362.72,2026-06-20 19:48:51.390447,Low,Excellent
1770,23,Male,West,Standard,2 Year,23,67.82,50.0,Credit Card,Basic,5,1.0,4.8,3.0,1330.14,1311.86,2026-08-11 19:48:51.390451,Low,Needs Improvement
1771,25,Male,West,Premium,Monthly,64,35.56,3360.32,Debit Card,Basic,0,22.3,5.0,6.0,1376.08,458.02,2026-07-27 19:48:51.390454,Low,Excellent
1772,42,Female,East,Basic,Monthly,75,35.04,1161.45,Bank Transfer,Basic,2,7.5,3.4,31.0,2486.0,2322.19,2026-06-16 19:48:51.390458,Medium,Good
1773,35,Female,South,Basic,Monthly,21,82.09,712.26,Bank Transfer,Basic,1,1.0,3.8,47.0,1281.68,2497.72,2026-07-06 19:48:51.390461,Medium,Excellent
1774,42,Female,East,Standard,Monthly,1,88.37,1166.52,Debit Card,Basic,2,4.5,4.9,11.0,870.56,2129.7,2026-07-08 19:48:51.390465,Low,Good
1775,29,Male,West,Standard,1 Year,2,62.27,798.38,Mobile Money,Premium,1,3.6,5.0,54.0,2616.46,2196.14,2026-06-12 19:48:51.390468,Medium,Excellent
1776,32,Female,East,Basic,1 Year,43,20.0,1056.66,Credit Card,Standard,1,1.3,3.9,48.0,1052.01,2429.63,2026-08-13 19:48:51.390471,Medium,Excellent
1777,43,Male,West,Business,1 Year,42,78.29,1497.48,Credit Card,Basic,0,13.8,3.6,18.0,1435.57,1117.96,2026-06-04 19:48:51.390475,Low,Excellent
1778,58,Male,East,Business,1 Year,70,57.01,874.97,Debit Card,Basic,4,12.0,3.7,38.0,976.68,2506.7,2026-06-26 19:48:51.390478,Medium,Needs Improvement
1779,62,Female,Central,Standard,1 Year,19,99.46,1299.2,Bank Transfer,Standard,2,5.0,1.4,31.0,1208.75,1214.29,2026-08-13 19:48:51.390482,Medium,Good
1780,43,Female,West,Premium,Monthly,47,114.18,3066.36,Bank Transfer,Basic,4,5.9,4.2,47.0,1824.89,570.83,2026-08-12 19:48:51.390485,Medium,Needs Improvement
1781,64,Male,South,Standard,Monthly,41,27.39,50.0,Debit Card,Standard,1,4.6,3.0,24.0,1531.13,1922.6,2026-08-26 19:48:51.390489,Low,Excellent
1782,49,Male,Central,Standard,Monthly,21,126.81,289.3,Bank Transfer,Basic,6,6.4,2.5,22.0,1124.5,853.28,2026-08-02 19:48:51.390492,Low,Needs Improvement
1783,27,Male,East,Standard,1 Year,36,26.04,1594.83,Credit Card,Premium,4,10.6,4.5,16.0,1517.89,1435.05,2026-07-06 19:48:51.390496,Low,Needs Improvement
1784,33,Male,West,Business,2 Year,3,51.54,2294.75,Credit Card,Standard,5,16.7,3.7,74.0,2275.77,512.41,2026-06-02 19:48:51.390499,High,Needs Improvement
1785,24,Female,Central,Standard,Monthly,24,90.66,3593.78,Bank Transfer,Standard,0,7.2,4.8,16.0,916.86,943.65,2026-07-26 19:48:51.390503,Low,Excellent
1786,34,Female,South,Business,Monthly,73,46.96,1531.61,Credit Card,Premium,4,1.1,3.8,19.0,1822.58,2006.37,2026-07-20 19:48:51.390506,Low,Needs Improvement
1787,40,Male,West,Standard,Monthly,4,44.67,224.77,Credit Card,Basic,2,11.8,2.4,31.0,637.12,2185.67,2026-07-13 19:48:51.390510,Medium,Good
1788,43,Female,Central,Standard,2 Year,32,22.34,2404.27,Credit Card,Standard,4,3.7,4.0,54.0,884.5,1555.15,2026-06-10 19:48:51.390513,Medium,Needs Improvement
1789,38,Female,Central,Basic,2 Year,9,31.61,1299.68,Debit Card,Basic,2,8.0,1.5,11.0,1507.6,862.01,2026-06-04 19:48:51.390517,Low,Good
1790,39,Female,Central,Premium,Monthly,40,44.64,1268.76,Mobile Money,Standard,1,1.8,4.7,38.0,1142.13,2202.39,2026-06-21 19:48:51.390522,Medium,Excellent
1791,24,Male,North,Basic,1 Year,28,84.36,50.0,Mobile Money,Basic,4,1.4,5.0,17.0,2379.01,2787.6,2026-06-20 19:48:51.390526,Low,Needs Improvement
1792,31,Female,East,Business,1 Year,62,106.96,2134.83,Mobile Money,Standard,4,1.0,3.5,51.0,1917.18,641.25,2026-08-20 19:48:51.390529,Medium,Needs Improvement
1793,32,Male,West,Standard,Monthly,29,46.04,463.02,Credit Card,Basic,0,3.0,4.0,30.0,1967.74,1233.1,2026-08-06 19:48:51.390533,Low,Excellent
1794,70,Male,West,Standard,Monthly,12,54.98,1653.52,Cash,Basic,0,7.3,5.0,12.0,2624.2,1199.5,2026-06-16 19:48:51.390536,Low,Excellent
1795,24,Male,West,Standard,1 Year,1,40.15,1253.81,Debit Card,Premium,1,3.1,3.8,22.0,948.6,565.45,2026-08-12 19:48:51.390540,Low,Excellent
1796,26,Female,Central,Basic,Monthly,37,26.79,1359.6,Mobile Money,Premium,1,2.2,1.8,16.0,840.46,818.71,2026-07-26 19:48:51.390543,Low,Excellent
1797,68,Male,East,Standard,Monthly,12,26.86,1241.5,Cash,Basic,1,42.2,5.0,22.0,1616.88,1485.19,2026-06-30 19:48:51.390547,Low,Excellent
1798,65,Male,South,Business,Monthly,26,33.11,596.75,Debit Card,Basic,2,48.0,3.2,60.0,1477.44,1789.19,2026-07-06 19:48:51.390550,Medium,Good
1799,25,Male,West,Basic,1 Year,2,63.75,527.18,Credit Card,Basic,0,7.4,3.5,33.0,1492.71,3043.16,2026-08-23 19:48:51.390554,Medium,Excellent
1800,67,Female,East,Business,2 Year,53,49.29,1958.19,Bank Transfer,Basic,0,3.1,5.0,38.0,1156.24,755.02,2026-06-13 19:48:51.390557,Medium,Excellent
1801,40,Female,East,Business,1 Year,13,55.57,1187.36,Debit Card,Basic,5,15.8,5.0,14.000000000000002,901.07,390.88,2026-07-03 19:48:51.390561,Low,Needs Improvement
1802,46,Male,North,Premium,Monthly,60,74.92,676.12,Credit Card,Standard,3,10.7,2.9,26.0,1279.73,100.0,2026-08-06 19:48:51.390564,Low,Good
1803,35,Female,West,Business,Monthly,29,62.69,790.09,Credit Card,Basic,4,7.7,5.0,21.0,1065.22,1881.02,2026-08-25 19:48:51.390568,Low,Needs Improvement
1804,48,Female,Central,Standard,1 Year,3,35.89,1750.4,Bank Transfer,Basic,3,19.1,4.1,25.0,2066.33,2204.95,2026-06-27 19:48:51.390571,Low,Good
1805,47,Female,East,Standard,Monthly,20,88.93,657.52,Credit Card,Standard,1,4.7,5.0,7.000000000000001,1412.31,1114.74,2026-07-05 19:48:51.390575,Low,Excellent
1806,69,Male,East,Business,1 Year,57,20.0,2476.71,Mobile Money,Standard,2,2.4,3.5,13.0,2070.98,1499.62,2026-08-25 19:48:51.390578,Low,Good
1807,56,Female,South,Premium,Monthly,38,45.65,1075.52,Credit Card,Standard,1,27.3,4.2,54.0,835.07,663.31,2026-06-18 19:48:51.390582,Medium,Excellent
1808,52,Female,North,Basic,1 Year,12,108.05,920.36,Debit Card,Basic,1,15.7,3.2,28.000000000000004,1450.14,1270.35,2026-08-16 19:48:51.390585,Low,Excellent
1809,35,Female,East,Basic,2 Year,74,73.51,1694.29,Credit Card,Standard,2,19.4,5.0,72.0,1009.61,1804.55,2026-06-14 19:48:51.390589,High,Good
1810,59,Male,East,Basic,2 Year,7,20.04,972.68,Mobile Money,Premium,2,20.0,3.2,13.0,1256.53,3619.32,2026-06-24 19:48:51.390592,Low,Good
1811,56,Female,Central,Basic,Monthly,11,25.42,1505.37,Bank Transfer,Standard,2,3.9,3.2,22.0,1987.0,475.96,2026-06-20 19:48:51.390596,Low,Good
1812,34,Female,Central,Basic,1 Year,33,56.5,1155.49,Credit Card,Standard,3,15.8,4.6,52.0,2290.05,428.16,2026-06-25 19:48:51.390599,Medium,Good
1813,31,Female,South,Basic,Monthly,6,52.83,50.0,Bank Transfer,Basic,3,17.6,2.8,50.0,2214.91,466.91,2026-08-05 19:48:51.390603,Medium,Good
1814,48,Male,South,Standard,1 Year,17,82.73,346.17,Credit Card,Basic,1,6.3,4.2,20.0,870.67,1250.86,2026-07-07 19:48:51.390606,Low,Excellent
1815,41,Male,South,Premium,Monthly,31,93.27,1434.26,Mobile Money,Standard,1,7.9,3.4,6.0,1852.04,2832.79,2026-06-06 19:48:51.390610,Low,Excellent
1816,52,Female,Central,Standard,1 Year,24,52.11,839.18,Debit Card,Premium,1,6.9,3.1,17.0,902.17,1285.41,2026-08-20 19:48:51.390613,Low,Excellent
1817,61,Female,Central,Premium,Monthly,4,62.37,2847.01,Credit Card,Standard,2,1.0,3.6,33.0,1870.29,1759.02,2026-06-12 19:48:51.390616,Medium,Good
1818,62,Male,North,Basic,2 Year,23,39.19,570.54,Bank Transfer,Standard,2,6.1,2.5,7.000000000000001,721.61,189.9,2026-07-13 19:48:51.390620,Low,Good
1819,51,Female,West,Standard,1 Year,20,61.05,152.63,Credit Card,Standard,2,1.0,2.4,31.0,1595.42,334.73,2026-08-15 19:48:51.390624,Medium,Good
1820,20,Male,West,Standard,Monthly,19,39.37,1231.72,Bank Transfer,Standard,2,4.8,3.1,31.0,859.69,1246.79,2026-08-04 19:48:51.390627,Medium,Good
1821,54,Female,North,Premium,2 Year,41,65.61,1400.76,Bank Transfer,Premium,2,1.0,5.0,12.0,2000.3,3727.35,2026-07-16 19:48:51.390630,Low,Good
1822,60,Female,West,Standard,Monthly,4,49.34,1906.83,Mobile Money,Basic,0,4.9,3.0,32.0,812.8,100.0,2026-07-06 19:48:51.390634,Medium,Excellent
1823,57,Female,Central,Business,2 Year,33,80.64,50.0,Mobile Money,Premium,0,2.9,5.0,12.0,1658.54,2579.12,2026-06-14 19:48:51.390637,Low,Excellent
1824,43,Female,West,Business,1 Year,34,91.24,2405.99,Bank Transfer,Standard,1,11.9,4.6,9.0,1792.93,1209.31,2026-08-25 19:48:51.390641,Low,Excellent
1825,72,Male,Central,Standard,2 Year,30,97.35,152.94,Debit Card,Basic,1,5.2,3.5,18.0,1066.93,242.85,2026-07-31 19:48:51.390644,Low,Excellent
1826,40,Female,North,Premium,Monthly,16,65.9,2071.38,Mobile Money,Basic,1,5.7,3.1,18.0,1141.61,303.17,2026-07-20 19:48:51.390648,Low,Excellent
1827,61,Male,South,Standard,Monthly,12,80.18,2766.0,Mobile Money,Standard,1,18.7,3.9,28.999999999999996,1587.95,2925.25,2026-08-09 19:48:51.390651,Low,Excellent
1828,56,Female,North,Standard,1 Year,12,52.51,1797.38,Mobile Money,Basic,3,5.3,5.0,27.0,1938.17,1124.77,2026-06-10 19:48:51.390655,Low,Good
1829,32,Female,West,Basic,2 Year,31,43.98,282.59,Cash,Standard,6,1.4,2.2,13.0,2391.76,1477.46,2026-08-22 19:48:51.390658,Low,Needs Improvement
1830,73,Female,Central,Standard,Monthly,16,30.81,1045.6,Cash,Basic,2,1.0,3.4,35.0,1957.73,2613.42,2026-05-31 19:48:51.390662,Medium,Good
1831,66,Male,West,Standard,Monthly,9,73.96,1804.47,Credit Card,Standard,1,2.9,4.9,17.0,2051.64,1624.74,2026-07-29 19:48:51.390665,Low,Excellent
1832,21,Female,West,Basic,Monthly,23,20.0,1226.58,Credit Card,Standard,0,2.5,3.6,21.0,1705.15,2279.26,2026-06-30 19:48:51.390669,Low,Excellent
1833,46,Male,South,Standard,2 Year,43,86.82,360.64,Debit Card,Standard,0,13.7,4.0,28.000000000000004,1308.07,1420.6,2026-08-23 19:48:51.390672,Low,Excellent
1834,39,Male,West,Standard,1 Year,1,56.03,1279.87,Cash,Premium,2,11.4,1.1,18.0,1688.29,931.38,2026-07-17 19:48:51.390676,Low,Good
1835,42,Female,South,Standard,Monthly,85,57.68,786.63,Credit Card,Premium,2,1.0,4.0,42.0,1405.1,953.01,2026-06-29 19:48:51.390679,Medium,Good
1836,30,Male,Central,Basic,Monthly,2,81.85,1681.57,Bank Transfer,Premium,3,1.8,4.4,42.0,1718.03,2623.87,2026-08-26 19:48:51.390682,Medium,Good
1837,35,Female,Central,Business,1 Year,17,20.0,350.62,Mobile Money,Standard,3,4.8,3.7,27.0,300.0,1857.22,2026-07-04 19:48:51.390686,Low,Good
1838,50,Male,South,Standard,Monthly,19,59.45,50.0,Cash,Standard,4,1.0,3.4,6.0,2300.33,1570.38,2026-08-05 19:48:51.390689,Low,Needs Improvement
1839,33,Male,North,Basic,1 Year,3,104.46,386.74,Bank Transfer,Standard,4,1.5,5.0,15.0,2597.26,100.0,2026-06-04 19:48:51.390693,Low,Needs Improvement
1840,62,Female,Central,Premium,Monthly,59,57.9,50.0,Debit Card,Standard,2,19.1,4.5,14.000000000000002,644.31,2227.55,2026-07-03 19:48:51.390696,Low,Good
1841,59,Female,North,Basic,1 Year,15,31.92,697.35,Credit Card,Basic,1,6.2,4.3,26.0,1971.95,3493.42,2026-08-23 19:48:51.390700,Low,Excellent
1842,61,Male,Central,Standard,2 Year,3,56.34,1736.88,Cash,Standard,1,12.7,5.0,15.0,2070.43,1978.17,2026-07-16 19:48:51.390703,Low,Excellent
1843,19,Female,Central,Standard,1 Year,29,97.72,884.85,Cash,Standard,3,3.2,3.4,30.0,1512.89,1170.04,2026-06-29 19:48:51.390707,Low,Good
1844,72,Female,East,Basic,Monthly,26,45.87,1180.58,Mobile Money,Premium,3,3.8,3.8,41.0,300.0,2059.35,2026-05-30 19:48:51.390710,Medium,Good
1845,52,Female,West,Business,1 Year,79,26.5,396.0,Cash,Basic,0,15.6,5.0,52.0,1232.63,2630.03,2026-08-14 19:48:51.390714,Medium,Excellent
1846,59,Male,West,Basic,Monthly,13,53.33,1215.87,Credit Card,Basic,0,8.6,3.3,14.000000000000002,992.41,170.9,2026-07-25 19:48:51.390717,Low,Excellent
1847,51,Female,North,Basic,2 Year,7,29.88,435.18,Bank Transfer,Basic,0,9.1,5.0,14.000000000000002,2299.98,510.77,2026-08-02 19:48:51.390721,Low,Excellent
1848,47,Female,West,Standard,Monthly,1,20.0,248.97,Credit Card,Premium,1,8.1,3.7,40.0,1392.72,997.55,2026-07-16 19:48:51.390724,Medium,Excellent
1849,72,Female,North,Basic,2 Year,31,83.84,1019.34,Mobile Money,Basic,2,6.2,5.0,65.0,1591.69,1822.47,2026-07-18 19:48:51.390728,High,Good
1850,30,Male,Central,Premium,Monthly,23,91.2,658.87,Credit Card,Premium,3,37.8,4.7,63.0,1900.68,684.43,2026-08-18 19:48:51.390731,High,Good
1851,30,Female,East,Basic,Monthly,86,75.48,50.0,Credit Card,Premium,1,18.0,2.8,20.0,1305.13,1596.14,2026-07-22 19:48:51.390734,Low,Excellent
1852,35,Female,East,Business,Monthly,29,87.34,1136.53,Mobile Money,Premium,3,9.9,4.3,16.0,1002.32,100.0,2026-06-08 19:48:51.390738,Low,Good
1853,49,Female,Central,Business,2 Year,64,54.84,420.57,Bank Transfer,Premium,3,9.1,4.4,10.0,1914.85,1502.76,2026-08-08 19:48:51.390741,Low,Good
1854,49,Male,South,Business,2 Year,114,98.79,365.75,Cash,Premium,2,1.0,4.4,17.0,1574.12,2298.83,2026-06-19 19:48:51.390745,Low,Good
1855,52,Female,South,Business,Monthly,13,49.29,2316.73,Bank Transfer,Basic,4,5.3,5.0,42.0,1269.76,1658.24,2026-06-09 19:48:51.390749,Medium,Needs Improvement
1856,56,Female,West,Business,Monthly,3,65.01,1883.05,Debit Card,Basic,2,5.5,4.6,30.0,1077.61,2700.64,2026-07-19 19:48:51.390752,Low,Good
1857,63,Male,North,Basic,Monthly,5,43.91,1499.92,Debit Card,Premium,2,1.0,3.7,15.0,300.0,1375.55,2026-08-26 19:48:51.390755,Low,Good
1858,69,Male,East,Basic,Monthly,9,29.95,1248.2,Cash,Basic,1,11.3,2.5,47.0,2211.9,2074.24,2026-08-17 19:48:51.390759,Medium,Excellent
1859,46,Female,West,Premium,1 Year,17,49.1,1684.7,Bank Transfer,Basic,1,1.0,3.9,13.0,2015.1,1487.69,2026-07-25 19:48:51.390762,Low,Excellent
1860,66,Male,Central,Premium,Monthly,3,120.73,886.04,Mobile Money,Basic,2,4.4,3.2,22.0,2579.36,3147.53,2026-07-19 19:48:51.390766,Low,Good
1861,46,Female,East,Basic,1 Year,8,103.33,1263.31,Credit Card,Standard,3,18.7,2.8,6.0,2214.51,1279.62,2026-08-14 19:48:51.390769,Low,Good
1862,70,Female,North,Standard,1 Year,8,84.38,877.05,Debit Card,Standard,2,3.3,3.7,42.0,1983.85,100.0,2026-08-15 19:48:51.390773,Medium,Good
1863,61,Female,North,Business,1 Year,1,54.29,1289.81,Cash,Basic,3,7.0,2.1,25.0,1632.82,599.06,2026-07-17 19:48:51.390776,Low,Good
1864,74,Male,South,Standard,2 Year,10,53.72,1428.38,Credit Card,Standard,1,2.9,1.4,22.0,988.85,2257.22,2026-06-01 19:48:51.390780,Low,Excellent
1865,33,Male,West,Standard,Monthly,2,107.83,1378.53,Debit Card,Standard,0,1.6,4.1,10.0,1818.03,2268.25,2026-08-15 19:48:51.390783,Low,Excellent
1866,73,Female,Central,Business,Monthly,13,65.56,906.03,Debit Card,Premium,4,10.5,5.0,11.0,1412.48,1103.18,2026-08-20 19:48:51.390787,Low,Needs Improvement
1867,61,Male,East,Basic,1 Year,5,84.77,1752.6,Bank Transfer,Basic,1,1.8,4.9,20.0,2260.86,262.73,2026-06-11 19:48:51.390790,Low,Excellent
1868,64,Female,North,Standard,Monthly,41,51.16,1038.08,Credit Card,Basic,2,1.0,2.8,6.0,1469.29,1876.77,2026-06-07 19:48:51.390794,Low,Good
1869,74,Male,East,Premium,Monthly,2,57.57,1017.47,Bank Transfer,Basic,5,4.6,4.8,24.0,1410.63,991.1,2026-08-01 19:48:51.390797,Low,Needs Improvement
1870,27,Male,Central,Basic,2 Year,48,84.52,50.0,Cash,Premium,3,9.9,5.0,11.0,877.27,1665.29,2026-06-26 19:48:51.390800,Low,Good
1871,47,Male,East,Standard,1 Year,20,46.61,518.92,Credit Card,Basic,1,6.9,3.2,27.0,2177.96,1368.92,2026-06-29 19:48:51.390804,Low,Excellent
1872,42,Female,West,Business,Monthly,14,73.71,1892.73,Debit Card,Basic,4,2.2,2.3,19.0,891.38,1413.35,2026-07-19 19:48:51.390808,Low,Needs Improvement
1873,56,Female,South,Business,1 Year,19,47.49,1826.92,Credit Card,Basic,0,13.6,4.5,39.0,1792.14,2037.66,2026-07-29 19:48:51.390811,Medium,Excellent
1874,37,Male,East,Premium,Monthly,11,77.75,1182.39,Debit Card,Standard,2,1.0,5.0,28.999999999999996,2211.4,100.0,2026-06-20 19:48:51.390815,Low,Good
1875,22,Male,South,Standard,2 Year,3,46.74,753.41,Debit Card,Standard,3,8.9,4.2,5.0,1434.49,1728.29,2026-06-29 19:48:51.390818,Low,Good
1876,18,Male,Central,Premium,Monthly,34,108.81,1321.18,Bank Transfer,Premium,3,7.5,3.7,11.0,1576.85,1521.19,2026-06-04 19:48:51.390822,Low,Good
1877,47,Female,South,Standard,1 Year,63,63.39,50.0,Credit Card,Standard,0,18.3,3.2,61.0,551.65,2351.56,2026-06-10 19:48:51.390825,High,Excellent
1878,66,Male,East,Premium,1 Year,71,84.36,1311.77,Debit Card,Standard,0,6.0,2.6,28.000000000000004,597.61,1375.13,2026-07-11 19:48:51.390829,Low,Excellent
1879,20,Female,East,Standard,Monthly,26,64.48,202.4,Bank Transfer,Basic,1,13.7,3.0,22.0,703.28,1892.79,2026-07-04 19:48:51.390832,Low,Excellent
1880,62,Female,North,Basic,1 Year,12,52.47,1127.33,Cash,Standard,2,1.9,3.6,10.0,1921.26,1717.94,2026-08-12 19:48:51.390836,Low,Good
1881,31,Female,East,Standard,2 Year,15,79.36,1369.94,Credit Card,Standard,2,6.3,5.0,19.0,819.9,961.75,2026-08-27 19:48:51.390839,Low,Good
1882,73,Male,South,Standard,1 Year,25,93.85,920.3,Bank Transfer,Basic,2,6.1,1.0,14.000000000000002,1949.41,1192.62,2026-08-11 19:48:51.390843,Low,Good
1883,47,Female,North,Basic,Monthly,41,28.79,1797.26,Debit Card,Standard,3,2.8,5.0,7.000000000000001,652.35,2289.12,2026-06-17 19:48:51.390846,Low,Good
1884,67,Male,East,Standard,1 Year,11,68.28,694.37,Credit Card,Basic,5,1.0,5.0,12.0,1341.52,715.54,2026-06-15 19:48:51.390850,Low,Needs Improvement
1885,21,Male,East,Standard,2 Year,59,62.3,617.11,Bank Transfer,Standard,2,10.9,3.4,22.0,1038.89,1765.31,2026-06-06 19:48:51.390854,Low,Good
1886,35,Female,Central,Standard,Monthly,9,70.24,1699.45,Bank Transfer,Basic,2,4.0,4.4,46.0,1211.01,1149.12,2026-08-09 19:48:51.390857,Medium,Good
1887,54,Female,North,Basic,1 Year,18,98.85,911.87,Bank Transfer,Standard,1,2.9,2.9,25.0,2192.63,1516.78,2026-06-30 19:48:51.390861,Low,Excellent
1888,42,Male,Central,Premium,Monthly,78,85.41,2277.38,Credit Card,Basic,2,1.7,5.0,13.0,300.0,1694.07,2026-08-08 19:48:51.390864,Low,Good
1889,65,Male,Central,Business,Monthly,66,93.92,1210.83,Mobile Money,Basic,4,15.3,2.1,18.0,2322.22,448.14,2026-08-17 19:48:51.390868,Low,Needs Improvement
1890,18,Female,Central,Standard,Monthly,28,71.58,1641.03,Credit Card,Premium,3,3.3,2.0,36.0,1677.88,2829.61,2026-07-27 19:48:51.390872,Medium,Good
1891,70,Male,West,Standard,2 Year,9,54.16,1945.01,Credit Card,Standard,4,1.8,4.6,22.0,684.79,1901.39,2026-06-13 19:48:51.390875,Low,Needs Improvement
1892,63,Female,Central,Basic,1 Year,5,20.0,1142.71,Bank Transfer,Standard,2,5.9,4.0,33.0,1876.0,1420.19,2026-08-15 19:48:51.390879,Medium,Good
1893,32,Female,South,Business,Monthly,2,100.38,50.0,Credit Card,Premium,3,12.2,3.9,17.0,1065.24,1059.27,2026-08-06 19:48:51.390882,Low,Good
1894,26,Male,East,Premium,2 Year,29,20.0,1702.0,Credit Card,Standard,2,7.4,3.5,30.0,1271.68,2775.16,2026-07-07 19:48:51.390886,Low,Good
1895,32,Male,West,Basic,1 Year,16,104.69,2154.26,Debit Card,Standard,1,25.8,2.9,16.0,2255.83,3939.72,2026-07-12 19:48:51.390889,Low,Excellent
1896,66,Male,Central,Premium,1 Year,20,83.52,987.55,Bank Transfer,Basic,3,25.1,3.4,9.0,647.19,672.96,2026-07-08 19:48:51.390893,Low,Good
1897,74,Female,East,Premium,Monthly,15,114.21,1994.14,Debit Card,Basic,2,18.6,5.0,18.0,1347.8,1469.15,2026-07-03 19:48:51.390896,Low,Good
1898,41,Female,North,Standard,2 Year,15,71.64,265.58,Bank Transfer,Basic,1,6.7,5.0,20.0,1854.96,1638.4,2026-07-30 19:48:51.390900,Low,Excellent
1899,21,Male,North,Basic,1 Year,20,77.51,1319.69,Mobile Money,Premium,2,11.7,4.9,7.000000000000001,951.73,1418.73,2026-07-23 19:48:51.390903,Low,Good
1900,29,Female,East,Basic,1 Year,58,60.37,971.31,Cash,Standard,3,2.7,3.1,22.0,300.0,1982.53,2026-06-20 19:48:51.390907,Low,Good
1901,54,Female,South,Basic,Monthly,1,66.89,50.0,Credit Card,Basic,3,6.9,2.4,33.0,838.41,961.99,2026-08-03 19:48:51.390910,Medium,Good
1902,54,Male,East,Premium,Monthly,38,46.88,1518.61,Bank Transfer,Standard,2,1.0,5.0,33.0,1684.42,1901.7,2026-06-21 19:48:51.390914,Medium,Good
1903,60,Female,East,Standard,Monthly,11,62.06,489.53,Credit Card,Basic,4,2.4,1.8,5.0,300.0,912.69,2026-05-31 19:48:51.390917,Low,Needs Improvement
1904,23,Male,West,Business,2 Year,32,43.84,1501.14,Mobile Money,Premium,1,3.1,3.5,35.0,300.0,1070.92,2026-08-15 19:48:51.390921,Medium,Excellent
1905,56,Male,North,Basic,Monthly,71,66.16,401.65,Mobile Money,Standard,2,3.6,4.0,26.0,1637.6,836.78,2026-06-22 19:48:51.390924,Low,Good
1906,73,Male,North,Standard,1 Year,8,64.36,50.0,Debit Card,Premium,0,1.4,5.0,9.0,741.74,1678.41,2026-06-16 19:48:51.390928,Low,Excellent
1907,63,Male,Central,Premium,Monthly,2,64.5,628.63,Bank Transfer,Basic,1,1.0,3.8,44.0,1998.83,2571.46,2026-07-13 19:48:51.390931,Medium,Excellent
1908,41,Male,East,Basic,Monthly,6,62.74,2028.12,Mobile Money,Basic,8,6.9,4.6,28.000000000000004,1717.5,688.82,2026-06-01 19:48:51.390935,Low,Needs Improvement
1909,28,Male,East,Standard,Monthly,6,49.55,1072.06,Debit Card,Standard,3,5.4,4.5,52.0,1175.05,1104.4,2026-07-19 19:48:51.390938,Medium,Good
1910,30,Female,South,Standard,1 Year,32,78.99,1228.53,Bank Transfer,Premium,0,7.0,5.0,63.0,1851.39,742.19,2026-06-21 19:48:51.390942,High,Excellent
1911,51,Female,North,Basic,1 Year,1,72.87,1311.71,Mobile Money,Standard,2,1.1,4.9,22.0,1469.46,4008.1,2026-06-17 19:48:51.390945,Low,Good
1912,42,Female,South,Business,2 Year,1,71.91,1281.38,Mobile Money,Premium,1,23.6,4.6,27.0,1369.78,2112.18,2026-06-15 19:48:51.390949,Low,Excellent
1913,24,Male,West,Business,2 Year,28,41.46,2699.37,Debit Card,Basic,2,4.3,4.2,34.0,1574.38,294.46,2026-07-20 19:48:51.390952,Medium,Good
1914,69,Male,Central,Business,Monthly,19,81.83,1166.76,Cash,Standard,1,4.8,4.7,24.0,1211.55,2003.57,2026-06-15 19:48:51.390956,Low,Excellent
1915,21,Male,South,Business,2 Year,12,45.91,50.0,Bank Transfer,Standard,0,6.3,3.4,20.0,1606.49,3194.86,2026-07-31 19:48:51.390959,Low,Excellent
1916,25,Female,North,Premium,Monthly,20,51.93,902.47,Credit Card,Standard,1,9.4,1.0,34.0,603.34,419.15,2026-08-27 19:48:51.390963,Medium,Excellent
1917,37,Female,West,Standard,2 Year,31,67.29,1254.67,Bank Transfer,Standard,5,3.9,3.0,10.0,2749.56,2233.09,2026-06-01 19:48:51.390966,Low,Needs Improvement
1918,46,Male,East,Business,Monthly,2,93.75,191.31,Credit Card,Standard,6,1.2,4.5,31.0,2052.11,1052.8,2026-06-12 19:48:51.390970,Medium,Needs Improvement
1919,71,Male,West,Basic,2 Year,19,34.8,1009.62,Debit Card,Standard,1,12.2,3.0,7.000000000000001,1642.05,968.81,2026-06-05 19:48:51.390973,Low,Excellent
1920,70,Female,South,Business,Monthly,41,40.28,1019.76,Mobile Money,Basic,1,2.4,3.7,9.0,2085.38,1463.3,2026-07-17 19:48:51.390977,Low,Excellent
1921,68,Male,North,Business,Monthly,10,20.0,2620.71,Cash,Basic,0,4.7,3.5,21.0,2101.9,2184.7,2026-08-21 19:48:51.390980,Low,Excellent
1922,62,Male,South,Business,Monthly,34,77.66,657.88,Mobile Money,Basic,0,8.0,3.4,16.0,1376.72,615.31,2026-08-15 19:48:51.390984,Low,Excellent
1923,63,Female,East,Basic,Monthly,44,56.57,1959.69,Debit Card,Standard,0,26.9,4.6,12.0,904.09,2368.0,2026-08-17 19:48:51.390987,Low,Excellent
1924,27,Female,East,Standard,Monthly,41,75.61,1083.23,Debit Card,Standard,2,1.0,4.1,17.0,656.29,2147.78,2026-08-21 19:48:51.390991,Low,Good
1925,60,Male,North,Basic,2 Year,25,73.46,1888.08,Cash,Standard,1,5.9,3.8,25.0,1887.31,1855.49,2026-07-01 19:48:51.390995,Low,Excellent
1926,51,Male,Central,Basic,1 Year,30,84.7,2316.55,Cash,Basic,2,22.0,1.1,28.000000000000004,2274.07,2238.82,2026-06-10 19:48:51.390998,Low,Good
1927,74,Female,West,Basic,Monthly,37,65.04,1504.97,Cash,Basic,2,2.4,1.8,35.0,1086.3,1638.21,2026-07-06 19:48:51.391001,Medium,Good
1928,43,Male,West,Basic,Monthly,31,47.27,1154.0,Debit Card,Basic,3,1.0,4.5,23.0,1612.21,2896.73,2026-08-03 19:48:51.391005,Low,Good
1929,58,Male,East,Premium,Monthly,14,70.8,2118.84,Mobile Money,Standard,1,7.3,2.6,10.0,2090.74,208.95,2026-08-18 19:48:51.391008,Low,Excellent
1930,66,Male,South,Basic,2 Year,4,75.36,50.0,Mobile Money,Premium,0,1.3,4.6,28.000000000000004,1851.16,844.94,2026-06-04 19:48:51.391012,Low,Excellent
1931,20,Male,South,Basic,Monthly,8,56.29,1338.6,Credit Card,Premium,2,16.9,3.1,20.0,1757.75,1087.16,2026-06-03 19:48:51.391016,Low,Good
1932,73,Male,Central,Basic,1 Year,5,67.27,202.86,Credit Card,Premium,1,10.3,3.1,17.0,2802.56,1318.95,2026-06-13 19:48:51.391019,Low,Excellent
1933,23,Female,South,Premium,Monthly,10,31.37,1839.89,Mobile Money,Basic,0,1.0,1.8,28.000000000000004,1182.14,407.24,2026-08-27 19:48:51.391022,Low,Excellent
1934,22,Male,West,Standard,Monthly,16,33.19,1278.7,Debit Card,Basic,1,6.9,3.6,18.0,1369.64,1355.14,2026-06-27 19:48:51.391026,Low,Excellent
1935,22,Male,South,Business,Monthly,76,23.49,1142.1,Credit Card,Standard,2,1.0,1.4,28.000000000000004,890.9,1812.34,2026-07-17 19:48:51.391030,Low,Good
1936,71,Female,Central,Business,Monthly,76,72.21,903.98,Credit Card,Standard,2,14.9,2.5,15.0,740.62,1395.34,2026-07-21 19:48:51.391033,Low,Good
1937,64,Female,West,Basic,Monthly,35,83.5,1741.37,Debit Card,Basic,1,1.8,3.2,36.0,1547.57,704.54,2026-07-09 19:48:51.391037,Medium,Excellent
1938,40,Female,South,Basic,Monthly,94,29.36,50.0,Credit Card,Standard,0,10.5,4.5,38.0,688.53,1174.54,2026-08-06 19:48:51.391040,Medium,Excellent
1939,66,Female,West,Standard,Monthly,120,69.03,2722.1,Credit Card,Standard,1,1.0,4.1,83.0,300.0,1098.32,2026-06-22 19:48:51.391043,High,Excellent
1940,26,Male,East,Basic,1 Year,51,76.18,1086.16,Credit Card,Premium,0,5.1,3.7,20.0,1120.85,1718.85,2026-06-29 19:48:51.391047,Low,Excellent
1941,52,Female,East,Premium,Monthly,1,55.02,160.09,Mobile Money,Premium,2,21.2,4.7,20.0,1248.59,2131.25,2026-08-23 19:48:51.391051,Low,Good
1942,37,Male,East,Premium,Monthly,13,105.04,50.0,Credit Card,Basic,0,1.0,3.0,8.0,2103.15,116.64,2026-06-22 19:48:51.391054,Low,Excellent
1943,66,Female,South,Standard,Monthly,18,28.57,1065.39,Debit Card,Basic,0,2.8,4.1,50.0,444.03,1602.12,2026-07-21 19:48:51.391058,Medium,Excellent
1944,59,Female,Central,Standard,2 Year,3,55.56,1384.18,Debit Card,Standard,2,12.2,2.5,43.0,614.37,524.18,2026-07-31 19:48:51.391061,Medium,Good
1945,52,Female,West,Basic,1 Year,39,20.0,1444.28,Mobile Money,Basic,1,5.0,3.6,27.0,1018.83,1594.19,2026-06-12 19:48:51.391065,Low,Excellent
1946,67,Female,North,Business,1 Year,3,73.64,50.0,Credit Card,Basic,3,8.4,2.8,24.0,1160.93,3534.69,2026-08-10 19:48:51.391068,Low,Good
1947,35,Male,East,Standard,Monthly,11,46.7,216.08,Debit Card,Premium,4,13.4,4.0,46.0,621.68,821.92,2026-07-14 19:48:51.391072,Medium,Needs Improvement
1948,34,Female,East,Standard,Monthly,1,20.0,2284.89,Credit Card,Premium,2,12.3,4.3,30.0,1454.39,967.64,2026-06-09 19:48:51.391075,Low,Good
1949,41,Female,North,Business,Monthly,17,79.85,50.0,Cash,Standard,2,4.0,4.5,11.0,1594.85,1744.22,2026-08-11 19:48:51.391078,Low,Good
1950,20,Female,North,Basic,Monthly,21,61.08,1289.05,Bank Transfer,Premium,2,4.5,3.1,13.0,517.24,2379.74,2026-06-28 19:48:51.391082,Low,Good
1951,49,Male,South,Standard,1 Year,31,57.33,891.79,Credit Card,Basic,3,6.8,4.5,36.0,1734.44,2156.81,2026-08-25 19:48:51.391086,Medium,Good
1952,52,Female,West,Standard,2 Year,9,93.19,771.26,Mobile Money,Standard,0,1.0,4.1,14.000000000000002,1795.09,2802.95,2026-06-10 19:48:51.391089,Low,Excellent
1953,55,Male,East,Basic,2 Year,21,45.47,980.81,Credit Card,Standard,3,16.3,3.3,22.0,626.72,481.63,2026-08-11 19:48:51.391093,Low,Good
1954,30,Male,Central,Business,Monthly,31,81.1,768.33,Debit Card,Premium,3,1.0,3.4,12.0,2171.35,1120.8,2026-07-11 19:48:51.391096,Low,Good
1955,73,Male,South,Basic,Monthly,34,84.73,741.65,Bank Transfer,Basic,2,1.6,4.7,32.0,1965.88,1268.41,2026-08-24 19:48:51.391100,Medium,Good
1956,64,Male,South,Premium,Monthly,8,50.94,1998.94,Debit Card,Premium,0,23.2,4.1,18.0,1013.4,1880.78,2026-08-20 19:48:51.391104,Low,Excellent
1957,42,Female,Central,Business,Monthly,1,65.21,876.96,Bank Transfer,Premium,2,2.6,3.3,47.0,920.25,754.62,2026-07-28 19:48:51.391108,Medium,Good
1958,26,Male,Central,Basic,2 Year,1,106.97,225.09,Credit Card,Standard,3,2.2,5.0,34.0,442.68,2427.57,2026-07-26 19:48:51.391111,Medium,Good
1959,21,Female,Central,Basic,Monthly,35,39.76,1132.89,Mobile Money,Standard,2,4.4,1.6,34.0,537.03,1524.51,2026-08-26 19:48:51.391115,Medium,Good
1960,31,Male,North,Standard,2 Year,11,78.87,352.94,Debit Card,Premium,2,10.3,2.9,17.0,1078.73,1503.05,2026-07-06 19:48:51.391118,Low,Good
1961,54,Male,East,Standard,1 Year,3,66.55,330.26,Credit Card,Basic,1,3.6,2.7,11.0,1292.44,645.74,2026-08-24 19:48:51.391122,Low,Excellent
1962,51,Male,North,Basic,Monthly,4,96.77,2364.2,Bank Transfer,Basic,3,16.6,2.4,26.0,1635.61,2402.04,2026-07-10 19:48:51.391125,Low,Good
1963,28,Male,East,Business,Monthly,34,64.16,1053.46,Cash,Basic,0,1.3,3.2,25.0,1922.94,1779.96,2026-06-19 19:48:51.391129,Low,Excellent
1964,58,Male,North,Premium,1 Year,21,82.14,178.06,Debit Card,Standard,3,1.0,5.0,35.0,733.16,322.6,2026-07-26 19:48:51.391132,Medium,Good
1965,73,Male,West,Standard,Monthly,16,24.99,1117.65,Bank Transfer,Premium,2,1.0,2.5,38.0,1380.82,1699.28,2026-08-02 19:48:51.391135,Medium,Good
1966,20,Female,East,Premium,Monthly,23,20.0,1251.05,Bank Transfer,Standard,4,2.8,4.2,12.0,1710.81,1710.58,2026-07-08 19:48:51.391139,Low,Needs Improvement
1967,45,Male,South,Business,Monthly,3,38.77,1034.34,Mobile Money,Standard,4,1.8,4.1,46.0,1826.72,2404.21,2026-08-02 19:48:51.391142,Medium,Needs Improvement
1968,46,Male,East,Basic,Monthly,9,53.96,809.22,Credit Card,Premium,2,4.9,5.0,9.0,1040.83,1556.34,2026-08-27 19:48:51.391146,Low,Good
1969,26,Male,East,Premium,1 Year,11,56.15,90.19,Bank Transfer,Standard,4,43.6,4.5,18.0,1684.18,1969.58,2026-08-16 19:48:51.391150,Low,Needs Improvement
1970,20,Female,East,Basic,Monthly,9,92.31,867.49,Bank Transfer,Premium,2,16.2,4.8,7.000000000000001,1720.82,1222.74,2026-07-19 19:48:51.391153,Low,Good
1971,42,Female,West,Standard,1 Year,47,55.18,564.82,Credit Card,Premium,4,18.0,5.0,30.0,2282.86,530.99,2026-07-03 19:48:51.391157,Low,Needs Improvement
1972,51,Female,North,Standard,1 Year,20,65.6,1102.39,Debit Card,Standard,4,14.2,2.9,35.0,1350.25,1102.72,2026-07-30 19:48:51.391160,Medium,Needs Improvement
1973,29,Male,South,Standard,Monthly,31,68.49,1538.13,Debit Card,Basic,1,2.5,3.7,28.999999999999996,1292.45,2461.25,2026-08-11 19:48:51.391164,Low,Excellent
1974,59,Male,North,Standard,1 Year,6,49.21,2601.13,Mobile Money,Basic,3,2.1,3.0,33.0,969.61,2488.89,2026-08-18 19:48:51.391167,Medium,Good
1975,26,Female,North,Premium,Monthly,7,64.54,1819.86,Mobile Money,Standard,1,10.5,1.4,14.000000000000002,823.65,519.23,2026-08-24 19:48:51.391171,Low,Excellent
1976,32,Male,Central,Premium,1 Year,6,91.28,50.0,Credit Card,Premium,4,7.3,1.9,36.0,1139.17,100.0,2026-08-26 19:48:51.391174,Medium,Needs Improvement
1977,57,Male,West,Basic,Monthly,27,72.48,1377.9,Credit Card,Basic,4,1.8,3.8,15.0,633.4,932.22,2026-07-31 19:48:51.391178,Low,Needs Improvement
1978,42,Male,Central,Business,Monthly,10,79.83,2412.62,Bank Transfer,Basic,0,27.4,2.6,8.0,1105.82,263.27,2026-07-20 19:48:51.391181,Low,Excellent
1979,22,Male,West,Premium,Monthly,12,73.33,1086.03,Bank Transfer,Standard,7,4.4,2.9,18.0,598.71,4319.2,2026-08-22 19:48:51.391185,Low,Needs Improvement
1980,28,Male,North,Basic,1 Year,29,106.18,2444.47,Credit Card,Standard,1,13.5,5.0,32.0,616.59,1994.26,2026-08-10 19:48:51.391188,Medium,Excellent
1981,51,Female,North,Basic,Monthly,85,38.69,316.28,Debit Card,Standard,2,1.0,4.2,48.0,836.04,2313.72,2026-06-19 19:48:51.391192,Medium,Good
1982,41,Male,West,Standard,Monthly,4,127.52,497.99,Mobile Money,Standard,2,1.0,5.0,27.0,1651.56,2376.87,2026-07-27 19:48:51.391195,Low,Good
1983,32,Female,North,Premium,Monthly,1,89.91,1064.79,Credit Card,Basic,2,4.9,4.4,22.0,1763.06,956.96,2026-06-04 19:48:51.391199,Low,Good
1984,55,Male,North,Basic,Monthly,5,94.45,1083.04,Debit Card,Premium,1,1.0,4.2,26.0,1341.44,100.0,2026-06-24 19:48:51.391202,Low,Excellent
1985,25,Male,South,Basic,1 Year,31,97.75,1869.37,Bank Transfer,Standard,3,31.0,5.0,4.0,1430.4,2428.61,2026-06-12 19:48:51.391206,Low,Good
1986,22,Female,Central,Premium,1 Year,5,90.91,1201.55,Mobile Money,Standard,0,13.4,3.7,26.0,1744.37,1063.03,2026-06-21 19:48:51.391209,Low,Excellent
1987,65,Male,Central,Premium,2 Year,21,32.75,1112.83,Bank Transfer,Basic,4,4.8,4.3,53.0,1161.44,2544.81,2026-08-22 19:48:51.391213,Medium,Needs Improvement
1988,43,Female,Central,Basic,Monthly,21,36.67,3181.03,Debit Card,Standard,1,31.1,3.2,25.0,1519.86,100.0,2026-07-07 19:48:51.391216,Low,Excellent
1989,35,Female,East,Basic,Monthly,8,82.48,577.93,Cash,Standard,3,2.2,3.8,12.0,815.03,966.83,2026-06-07 19:48:51.391220,Low,Good
1990,23,Male,South,Basic,1 Year,1,79.44,2230.93,Credit Card,Basic,6,9.1,3.3,30.0,1643.76,1324.17,2026-08-04 19:48:51.391223,Low,Needs Improvement
1991,54,Female,Central,Business,1 Year,12,87.15,1532.49,Debit Card,Premium,3,1.0,4.2,37.0,1300.0,1793.02,2026-07-25 19:48:51.391227,Medium,Good
1992,65,Male,Central,Standard,Monthly,4,66.17,906.76,Debit Card,Basic,0,3.7,2.2,8.0,1573.7,1095.99,2026-07-19 19:48:51.391231,Low,Excellent
1993,30,Female,South,Standard,1 Year,4,32.07,1407.05,Credit Card,Basic,2,1.0,3.4,7.000000000000001,1192.03,1655.71,2026-06-16 19:48:51.391234,Low,Good
1994,45,Male,North,Business,1 Year,17,62.25,545.97,Bank Transfer,Standard,3,3.7,4.7,50.0,2210.22,1169.4,2026-07-12 19:48:51.391237,Medium,Good
1995,22,Female,Central,Business,Monthly,26,83.53,1268.99,Credit Card,Basic,1,3.8,2.3,34.0,2166.27,3278.93,2026-07-22 19:48:51.391241,Medium,Excellent
1996,30,Male,North,Business,1 Year,1,58.67,1196.82,Debit Card,Basic,6,3.8,4.4,19.0,2158.77,2046.56,2026-07-14 19:48:51.391244,Low,Needs Improvement
1997,34,Female,Central,Standard,Monthly,20,64.88,1581.06,Debit Card,Standard,2,4.3,5.0,47.0,400.95,3198.85,2026-06-20 19:48:51.391248,Medium,Good
1998,67,Female,West,Standard,2 Year,6,65.75,1106.6,Mobile Money,Standard,3,7.7,5.0,15.0,1622.1,1903.12,2026-06-05 19:48:51.391251,Low,Good
1999,57,Female,East,Basic,1 Year,26,51.95,2532.94,Cash,Standard,3,1.7,2.3,20.0,2394.24,2083.11,2026-07-28 19:48:51.391255,Low,Good
2000,62,Female,Central,Basic,Monthly,39,44.65,494.14,Credit Card,Basic,3,2.1,3.2,34.0,1431.98,597.1,2026-06-14 19:48:51.391258,Medium,Good
2001,49,Female,West,Basic,Monthly,39,117.71,649.08,Cash,Basic,4,8.3,4.7,26.0,1577.77,2032.72,2026-07-01 19:48:51.391262,Low,Needs Improvement
2002,46,Female,South,Basic,2 Year,11,103.97,1391.38,Cash,Standard,0,5.0,3.1,21.0,1544.89,1336.77,2026-08-27 19:48:51.391265,Low,Excellent
2003,68,Male,West,Business,1 Year,20,91.75,555.51,Credit Card,Standard,2,1.4,2.9,38.0,2695.06,3416.99,2026-07-07 19:48:51.391269,Medium,Good
2004,20,Male,South,Business,Monthly,37,75.38,1738.37,Cash,Premium,0,12.4,3.8,46.0,1823.27,1280.53,2026-07-12 19:48:51.391273,Medium,Excellent
2005,73,Male,Central,Standard,1 Year,1,39.88,2251.5,Bank Transfer,Standard,3,21.4,3.3,6.0,2020.87,2845.83,2026-06-28 19:48:51.391276,Low,Good
2006,57,Male,South,Premium,1 Year,22,87.18,784.32,Mobile Money,Standard,4,5.0,4.3,10.0,1369.1,100.0,2026-06-07 19:48:51.391280,Low,Needs Improvement
2007,51,Male,West,Basic,Monthly,43,92.88,1270.5,Cash,Premium,4,7.6,2.9,48.0,1787.23,1438.07,2026-06-23 19:48:51.391283,Medium,Needs Improvement
2008,57,Female,East,Premium,Monthly,11,56.39,1723.76,Mobile Money,Basic,0,13.5,3.4,22.0,1189.94,1540.12,2026-08-27 19:48:51.391287,Low,Excellent
2009,44,Male,North,Business,1 Year,14,38.31,1906.66,Debit Card,Basic,1,26.5,3.8,56.00000000000001,2483.27,1707.3,2026-08-03 19:48:51.391290,Medium,Excellent
2010,30,Female,North,Standard,Monthly,28,75.67,3982.26,Bank Transfer,Standard,3,27.8,3.4,48.0,834.25,1526.5,2026-06-30 19:48:51.391294,Medium,Good
2011,62,Male,East,Standard,Monthly,1,91.7,113.94,Debit Card,Standard,1,20.5,2.7,20.0,704.37,2986.24,2026-08-25 19:48:51.391298,Low,Excellent
2012,50,Male,North,Standard,1 Year,11,49.0,2395.34,Debit Card,Basic,3,13.5,2.2,11.0,663.51,2163.66,2026-06-01 19:48:51.391302,Low,Good
2013,23,Female,Central,Standard,Monthly,8,78.22,686.01,Credit Card,Standard,2,4.4,4.3,18.0,1612.09,1558.77,2026-07-01 19:48:51.391306,Low,Good
2014,41,Female,Central,Business,Monthly,1,42.31,719.87,Debit Card,Basic,0,8.9,3.2,26.0,2568.83,2146.69,2026-06-06 19:48:51.391309,Low,Excellent
2015,36,Female,West,Business,Monthly,5,36.58,1314.4,Mobile Money,Standard,2,11.5,3.9,23.0,1432.58,886.32,2026-07-15 19:48:51.391313,Low,Good
2016,33,Female,West,Basic,1 Year,12,70.12,1249.69,Mobile Money,Basic,1,1.0,2.2,50.0,2841.29,1223.45,2026-06-14 19:48:51.391316,Medium,Excellent
2017,57,Male,South,Business,1 Year,5,44.64,2200.67,Cash,Premium,2,1.0,4.8,36.0,2240.2,1373.16,2026-06-05 19:48:51.391320,Medium,Good
2018,45,Female,West,Business,1 Year,22,75.75,50.0,Credit Card,Basic,4,9.8,3.7,4.0,1774.83,1965.13,2026-07-26 19:48:51.391325,Low,Needs Improvement
2019,50,Male,Central,Standard,Monthly,14,24.61,50.0,Bank Transfer,Premium,1,8.8,3.2,57.99999999999999,716.5,100.0,2026-06-15 19:48:51.391328,Medium,Excellent
2020,65,Male,West,Premium,1 Year,1,43.57,2747.06,Bank Transfer,Basic,1,13.0,5.0,26.0,1889.7,1847.73,2026-06-16 19:48:51.391332,Low,Excellent
2021,58,Male,North,Standard,2 Year,7,90.73,50.0,Credit Card,Premium,0,1.6,3.0,6.0,2826.61,982.09,2026-06-05 19:48:51.391335,Low,Excellent
2022,30,Male,South,Standard,Monthly,1,82.31,2004.04,Debit Card,Premium,2,22.1,4.3,30.0,2052.44,2286.93,2026-08-03 19:48:51.391339,Low,Good
2023,60,Male,South,Basic,Monthly,10,75.48,2315.8,Debit Card,Basic,2,2.2,4.1,47.0,2036.53,2326.44,2026-08-23 19:48:51.391342,Medium,Good
2024,62,Female,Central,Basic,1 Year,7,53.86,2107.7,Cash,Basic,3,1.2,3.1,11.0,921.25,1477.55,2026-07-09 19:48:51.391346,Low,Good
2025,42,Female,West,Premium,Monthly,27,65.34,1609.14,Cash,Standard,1,3.1,3.7,28.999999999999996,1655.77,100.0,2026-06-03 19:48:51.391350,Low,Excellent
2026,70,Male,North,Standard,Monthly,8,59.38,1796.66,Mobile Money,Basic,3,13.2,4.0,8.0,2398.46,1284.74,2026-08-17 19:48:51.391353,Low,Good
2027,59,Male,West,Premium,Monthly,11,123.34,781.92,Debit Card,Premium,1,1.0,4.4,59.0,1847.0,368.27,2026-07-02 19:48:51.391356,Medium,Excellent
2028,53,Male,East,Premium,Monthly,31,72.91,50.0,Credit Card,Basic,3,2.1,3.7,12.0,659.01,1438.28,2026-05-31 19:48:51.391360,Low,Good
2029,44,Male,West,Standard,Monthly,15,45.83,921.95,Cash,Basic,1,24.9,4.0,20.0,1661.48,1642.29,2026-07-11 19:48:51.391364,Low,Excellent
2030,55,Female,Central,Business,Monthly,19,62.98,765.1,Credit Card,Basic,4,1.0,4.1,10.0,1440.91,1394.7,2026-08-26 19:48:51.391367,Low,Needs Improvement
2031,24,Male,West,Standard,2 Year,44,22.99,444.33,Debit Card,Basic,2,2.6,1.1,11.0,1220.45,1246.83,2026-06-06 19:48:51.391371,Low,Good
2032,22,Female,South,Basic,1 Year,5,20.0,1239.64,Credit Card,Standard,3,3.2,3.2,24.0,1752.69,1490.19,2026-08-07 19:48:51.391374,Low,Good
2033,60,Male,North,Basic,1 Year,108,101.57,50.0,Cash,Standard,3,20.6,3.9,74.0,1099.07,1255.63,2026-08-19 19:48:51.391377,High,Good
2034,62,Female,Central,Basic,Monthly,55,71.84,2203.55,Credit Card,Standard,1,15.2,1.0,27.0,1646.27,2723.37,2026-07-30 19:48:51.391381,Low,Excellent
2035,74,Male,East,Premium,1 Year,8,53.71,1144.31,Credit Card,Premium,1,4.9,3.9,15.0,1145.2,2274.51,2026-08-03 19:48:51.391384,Low,Excellent
2036,68,Female,North,Standard,Monthly,53,64.34,804.74,Mobile Money,Basic,4,3.1,5.0,47.0,1065.08,911.71,2026-07-15 19:48:51.391388,Medium,Needs Improvement
2037,48,Male,North,Business,1 Year,33,62.4,952.38,Credit Card,Premium,1,23.1,4.7,19.0,866.56,111.36,2026-07-19 19:48:51.391392,Low,Excellent
2038,40,Female,South,Standard,2 Year,64,66.69,1074.85,Cash,Basic,2,1.7,2.8,19.0,1237.63,2854.54,2026-06-17 19:48:51.391396,Low,Good
2039,59,Male,South,Business,1 Year,28,93.69,370.96,Debit Card,Basic,5,5.2,5.0,46.0,1550.24,1881.9,2026-06-01 19:48:51.391399,Medium,Needs Improvement
2040,27,Male,South,Premium,Monthly,26,78.39,368.04,Cash,Basic,1,4.3,2.1,10.0,1638.53,713.14,2026-07-02 19:48:51.391402,Low,Excellent
2041,49,Female,Central,Standard,1 Year,1,54.76,153.88,Bank Transfer,Premium,2,21.9,3.1,34.0,1184.23,100.0,2026-06-15 19:48:51.391406,Medium,Good
2042,60,Female,West,Basic,Monthly,15,21.28,64.55,Bank Transfer,Standard,3,11.3,5.0,15.0,1862.78,1321.14,2026-06-27 19:48:51.391410,Low,Good
2043,70,Female,North,Basic,Monthly,5,39.94,515.14,Cash,Standard,1,5.0,3.8,34.0,2738.54,1513.2,2026-08-01 19:48:51.391413,Medium,Excellent
2044,47,Female,West,Standard,Monthly,9,83.96,1082.13,Debit Card,Standard,4,7.5,4.7,32.0,2108.02,1834.68,2026-08-09 19:48:51.391417,Medium,Needs Improvement
2045,56,Female,West,Standard,2 Year,92,104.05,2080.85,Debit Card,Standard,3,19.0,5.0,16.0,1298.59,2436.56,2026-06-23 19:48:51.391420,Low,Good
2046,48,Male,South,Standard,Monthly,2,43.05,50.0,Credit Card,Standard,3,14.2,4.8,54.0,1408.66,1291.82,2026-07-01 19:48:51.391424,Medium,Good
2047,35,Male,West,Standard,2 Year,30,39.27,1932.31,Credit Card,Basic,5,7.6,2.2,32.0,2002.4,906.84,2026-07-14 19:48:51.391427,Medium,Needs Improvement
2048,53,Male,North,Premium,Monthly,4,54.19,50.0,Mobile Money,Basic,1,19.8,2.9,16.0,1459.28,2178.94,2026-07-28 19:48:51.391431,Low,Excellent
2049,19,Female,North,Basic,Monthly,1,109.61,1277.16,Credit Card,Standard,2,3.8,3.5,23.0,1808.18,1156.14,2026-08-13 19:48:51.391434,Low,Good
2050,31,Male,East,Standard,1 Year,16,68.69,50.0,Debit Card,Standard,1,10.6,4.4,1.0,1191.67,1943.76,2026-06-26 19:48:51.391438,Low,Excellent
2051,30,Male,Central,Business,Monthly,4,45.94,188.32,Debit Card,Basic,0,1.0,3.8,61.0,2330.59,1150.57,2026-05-30 19:48:51.391441,High,Excellent
2052,46,Female,West,Premium,1 Year,80,55.97,1453.04,Bank Transfer,Basic,2,7.0,2.6,37.0,1446.51,1825.1,2026-07-11 19:48:51.391445,Medium,Good
2053,29,Female,Central,Premium,1 Year,5,51.8,1443.88,Credit Card,Basic,2,1.2,3.1,14.000000000000002,1492.2,785.04,2026-06-15 19:48:51.391448,Low,Good
2054,56,Male,Central,Standard,1 Year,5,82.6,1799.18,Mobile Money,Standard,4,5.9,4.8,18.0,2033.64,2000.3,2026-07-23 19:48:51.391452,Low,Needs Improvement
2055,19,Male,Central,Basic,1 Year,1,113.84,454.73,Credit Card,Standard,1,2.3,1.1,21.0,1239.95,2185.73,2026-08-01 19:48:51.391455,Low,Excellent
2056,49,Male,Central,Business,Monthly,9,68.27,1997.34,Mobile Money,Standard,0,3.8,3.7,7.000000000000001,1362.6,2130.01,2026-08-17 19:48:51.391459,Low,Excellent
2057,30,Male,North,Standard,Monthly,1,92.34,2450.66,Mobile Money,Standard,3,12.6,4.9,15.0,1839.25,1462.15,2026-08-17 19:48:51.391462,Low,Good
2058,63,Male,West,Basic,Monthly,16,31.35,1386.52,Credit Card,Basic,1,1.0,5.0,23.0,1141.32,1636.74,2026-08-15 19:48:51.391466,Low,Excellent
2059,44,Female,East,Business,Monthly,16,123.53,50.0,Mobile Money,Premium,2,6.2,1.6,17.0,1134.26,1384.05,2026-07-11 19:48:51.391469,Low,Good
2060,66,Female,Central,Premium,2 Year,1,31.52,50.0,Bank Transfer,Premium,2,1.3,2.9,34.0,1197.37,1229.75,2026-08-19 19:48:51.391473,Medium,Good
2061,58,Female,East,Business,1 Year,6,95.3,1322.41,Mobile Money,Basic,0,6.8,5.0,7.000000000000001,1329.68,100.0,2026-06-09 19:48:51.391476,Low,Excellent
2062,34,Male,North,Basic,1 Year,42,73.47,742.22,Debit Card,Standard,0,8.0,2.0,30.0,1058.58,100.0,2026-07-10 19:48:51.391480,Low,Excellent
2063,57,Female,North,Standard,1 Year,14,33.55,403.49,Credit Card,Premium,0,1.6,4.3,8.0,1237.58,1209.51,2026-08-11 19:48:51.391483,Low,Excellent
2064,48,Male,South,Standard,Monthly,13,85.86,1066.3,Cash,Standard,2,1.0,4.9,38.0,1847.31,743.03,2026-07-22 19:48:51.391487,Medium,Good
2065,51,Male,Central,Basic,1 Year,28,64.27,913.57,Mobile Money,Premium,1,1.0,4.6,33.0,2471.12,207.57,2026-06-24 19:48:51.391490,Medium,Excellent
2066,41,Female,South,Basic,1 Year,30,42.21,1071.75,Credit Card,Basic,1,9.4,4.4,14.000000000000002,1484.72,1442.72,2026-08-26 19:48:51.391494,Low,Excellent
2067,62,Male,East,Premium,Monthly,34,65.27,495.67,Cash,Standard,0,3.8,3.8,32.0,1274.53,3183.77,2026-08-09 19:48:51.391497,Medium,Excellent
2068,52,Male,West,Basic,2 Year,42,23.75,2783.61,Cash,Basic,0,3.7,4.0,36.0,883.99,504.68,2026-07-29 19:48:51.391501,Medium,Excellent
2069,65,Female,South,Premium,1 Year,6,52.94,330.12,Debit Card,Basic,0,9.4,2.6,40.0,1680.78,2972.13,2026-06-17 19:48:51.391504,Medium,Excellent
2070,23,Male,North,Standard,Monthly,1,40.89,984.62,Credit Card,Premium,1,5.5,3.9,22.0,1558.06,918.38,2026-08-24 19:48:51.391508,Low,Excellent
2071,36,Female,Central,Business,1 Year,11,60.44,50.0,Bank Transfer,Basic,5,8.1,5.0,59.0,851.24,2091.82,2026-08-11 19:48:51.391511,Medium,Needs Improvement
2072,47,Male,East,Standard,Monthly,46,21.73,274.84,Cash,Basic,6,20.1,1.9,28.999999999999996,1324.27,401.4,2026-08-20 19:48:51.391515,Low,Needs Improvement
2073,24,Female,North,Business,Monthly,1,20.23,158.85,Credit Card,Standard,1,5.7,3.4,53.0,1220.24,2703.77,2026-08-11 19:48:51.391518,Medium,Excellent
2074,27,Male,West,Basic,1 Year,20,43.77,769.54,Bank Transfer,Premium,4,8.1,2.9,40.0,985.34,1294.2,2026-08-10 19:48:51.391522,Medium,Needs Improvement
2075,58,Male,Central,Business,2 Year,28,64.04,1000.88,Bank Transfer,Basic,2,8.2,5.0,24.0,1258.89,2603.47,2026-07-27 19:48:51.391525,Low,Good
2076,49,Female,West,Standard,1 Year,15,40.67,862.53,Credit Card,Basic,1,6.1,3.2,37.0,1884.94,1543.57,2026-08-14 19:48:51.391529,Medium,Excellent
2077,51,Male,West,Business,2 Year,7,76.54,762.37,Debit Card,Standard,3,8.7,5.0,41.0,300.0,848.14,2026-06-01 19:48:51.391533,Medium,Good
2078,45,Male,Central,Basic,2 Year,9,82.55,1371.4,Credit Card,Premium,3,14.4,5.0,28.999999999999996,1694.6,100.0,2026-05-30 19:48:51.391536,Low,Good
2079,32,Male,Central,Basic,2 Year,1,43.9,1432.77,Bank Transfer,Basic,3,13.2,2.6,28.000000000000004,1278.37,2359.17,2026-06-23 19:48:51.391540,Low,Good
2080,47,Male,West,Business,Monthly,8,99.76,50.0,Debit Card,Basic,1,1.0,2.4,18.0,1956.1,1614.23,2026-06-27 19:48:51.391543,Low,Excellent
2081,54,Male,East,Basic,Monthly,1,57.43,2046.11,Credit Card,Basic,5,24.3,5.0,22.0,611.49,1309.39,2026-07-19 19:48:51.391547,Low,Needs Improvement
2082,46,Male,Central,Standard,Monthly,31,110.79,1408.99,Mobile Money,Basic,3,15.0,3.6,60.0,300.0,197.52,2026-07-16 19:48:51.391550,Medium,Good
2083,39,Female,North,Standard,1 Year,54,58.51,50.0,Debit Card,Basic,1,28.2,2.4,34.0,1811.68,1683.46,2026-06-27 19:48:51.391554,Medium,Excellent
2084,21,Male,South,Basic,2 Year,24,36.96,1918.92,Bank Transfer,Premium,2,1.7,2.4,33.0,1242.86,1677.36,2026-08-24 19:48:51.391557,Medium,Good
2085,37,Female,East,Premium,Monthly,25,95.7,2015.76,Mobile Money,Premium,3,6.2,5.0,41.0,959.54,293.53,2026-07-01 19:48:51.391561,Medium,Good
2086,49,Male,Central,Basic,1 Year,15,38.96,50.0,Credit Card,Premium,4,4.6,4.1,8.0,1087.34,2501.88,2026-05-31 19:48:51.391564,Low,Needs Improvement
2087,53,Male,Central,Business,1 Year,4,93.44,950.18,Credit Card,Basic,0,3.8,2.5,6.0,1304.94,502.63,2026-06-17 19:48:51.391568,Low,Excellent
2088,67,Female,East,Business,Monthly,1,68.02,1411.01,Credit Card,Basic,3,4.2,3.8,33.0,894.32,1125.73,2026-08-02 19:48:51.391571,Medium,Good
2089,21,Male,South,Basic,Monthly,10,51.1,2055.83,Debit Card,Basic,0,18.7,3.7,9.0,2086.08,100.0,2026-07-20 19:48:51.391575,Low,Excellent
2090,44,Female,West,Basic,Monthly,33,45.79,1593.12,Mobile Money,Basic,4,9.6,4.8,36.0,979.53,1444.18,2026-08-04 19:48:51.391578,Medium,Needs Improvement
2091,34,Male,North,Premium,Monthly,77,62.84,749.52,Mobile Money,Premium,2,3.1,2.8,30.0,1607.87,870.46,2026-08-03 19:48:51.391582,Low,Good
2092,29,Female,Central,Premium,1 Year,13,82.0,333.97,Mobile Money,Premium,4,3.8,2.9,46.0,2297.31,2470.23,2026-08-08 19:48:51.391585,Medium,Needs Improvement
2093,39,Female,South,Basic,Monthly,10,64.0,50.0,Mobile Money,Premium,1,5.1,3.2,17.0,1454.13,781.44,2026-07-17 19:48:51.391589,Low,Excellent
2094,34,Female,North,Premium,1 Year,14,101.99,457.41,Credit Card,Basic,3,3.7,4.3,18.0,1316.2,1104.36,2026-06-20 19:48:51.391592,Low,Good
2095,27,Female,East,Basic,Monthly,13,35.61,1630.21,Debit Card,Standard,3,1.9,2.3,17.0,1877.77,2808.81,2026-08-22 19:48:51.391596,Low,Good
2096,71,Female,Central,Basic,1 Year,23,62.58,1936.78,Credit Card,Standard,0,4.6,4.8,30.0,829.51,1861.54,2026-07-16 19:48:51.391599,Low,Excellent
2097,18,Male,West,Business,Monthly,31,92.52,898.2,Credit Card,Premium,1,1.0,3.3,51.0,1506.56,1115.54,2026-06-07 19:48:51.391603,Medium,Excellent
2098,39,Male,East,Standard,2 Year,36,34.9,2077.13,Debit Card,Standard,2,15.4,5.0,12.0,1906.62,234.55,2026-08-01 19:48:51.391606,Low,Good
2099,43,Female,Central,Standard,Monthly,25,91.01,1526.25,Debit Card,Basic,1,13.9,2.5,48.0,2580.34,1541.99,2026-07-10 19:48:51.391610,Medium,Excellent
2100,73,Male,South,Standard,2 Year,13,65.49,3222.48,Bank Transfer,Basic,1,17.8,3.5,3.0,3028.22,896.71,2026-07-05 19:48:51.391613,Low,Excellent
2101,35,Male,North,Basic,1 Year,71,67.75,50.0,Credit Card,Premium,2,4.7,3.2,27.0,546.27,1251.35,2026-07-14 19:48:51.391617,Low,Good
2102,67,Female,North,Basic,1 Year,29,56.51,1025.15,Bank Transfer,Standard,4,8.4,5.0,21.0,825.21,1471.54,2026-07-13 19:48:51.391620,Low,Needs Improvement
2103,31,Male,Central,Standard,Monthly,13,34.78,1369.76,Credit Card,Standard,4,13.3,3.9,12.0,1781.83,3240.51,2026-06-15 19:48:51.391624,Low,Needs Improvement
2104,64,Female,East,Standard,Monthly,14,63.03,2678.08,Debit Card,Premium,1,3.0,2.5,36.0,1291.52,811.36,2026-07-10 19:48:51.391628,Medium,Excellent
2105,46,Female,West,Business,Monthly,40,51.11,50.0,Debit Card,Standard,1,8.0,1.6,37.0,972.24,1603.96,2026-07-16 19:48:51.391631,Medium,Excellent
2106,29,Female,South,Standard,Monthly,13,103.11,427.19,Credit Card,Basic,2,4.6,4.2,28.000000000000004,1053.77,535.08,2026-08-11 19:48:51.391634,Low,Good
2107,53,Female,Central,Standard,2 Year,17,77.76,1244.03,Debit Card,Basic,1,3.7,2.9,27.0,2251.89,2432.83,2026-06-25 19:48:51.391639,Low,Excellent
2108,52,Male,South,Standard,Monthly,8,65.86,221.42,Credit Card,Basic,5,15.7,2.5,67.0,1947.1,1265.83,2026-07-25 19:48:51.391642,High,Needs Improvement
2109,69,Male,North,Premium,2 Year,43,97.94,1001.2,Debit Card,Basic,4,7.8,4.6,8.0,1840.62,443.01,2026-08-25 19:48:51.391646,Low,Needs Improvement
2110,29,Male,West,Basic,1 Year,17,63.6,50.0,Credit Card,Basic,5,7.8,3.6,25.0,1328.49,1174.35,2026-06-07 19:48:51.391649,Low,Needs Improvement
2111,24,Male,South,Business,Monthly,19,82.57,2156.18,Cash,Basic,2,1.4,4.0,54.0,1089.61,2398.76,2026-06-09 19:48:51.391653,Medium,Good
2112,46,Female,Central,Basic,1 Year,51,94.11,2543.33,Credit Card,Basic,3,3.4,3.9,38.0,1722.52,246.12,2026-06-23 19:48:51.391656,Medium,Good
2113,28,Female,West,Basic,Monthly,60,58.19,2572.25,Cash,Basic,2,14.7,3.5,34.0,1479.25,2379.71,2026-07-10 19:48:51.391660,Medium,Good
2114,50,Male,East,Standard,Monthly,41,75.87,1322.61,Debit Card,Basic,2,1.9,5.0,25.0,677.78,753.29,2026-07-23 19:48:51.391663,Low,Good
2115,23,Male,Central,Standard,Monthly,1,54.08,1340.21,Debit Card,Premium,3,28.2,1.5,33.0,1670.25,1651.18,2026-06-04 19:48:51.391667,Medium,Good
2116,64,Female,South,Standard,2 Year,14,93.65,1190.23,Mobile Money,Premium,1,14.3,1.8,32.0,2036.35,2655.16,2026-07-28 19:48:51.391670,Medium,Excellent
2117,32,Male,West,Premium,Monthly,10,64.32,1888.82,Bank Transfer,Standard,2,2.5,3.1,10.0,317.48,1732.49,2026-08-11 19:48:51.391674,Low,Good
2118,49,Female,Central,Basic,1 Year,5,99.27,2209.1,Credit Card,Premium,2,1.0,4.2,53.0,1605.65,1648.35,2026-07-09 19:48:51.391677,Medium,Good
2119,68,Male,West,Premium,Monthly,57,69.97,1770.66,Credit Card,Standard,0,1.5,4.5,8.0,2171.48,1339.68,2026-06-06 19:48:51.391681,Low,Excellent
2120,28,Female,West,Standard,1 Year,52,128.65,1394.07,Mobile Money,Premium,1,2.2,2.0,41.0,1556.42,282.36,2026-06-08 19:48:51.391685,Medium,Excellent
2121,40,Female,West,Premium,Monthly,15,47.32,1764.34,Credit Card,Standard,1,2.2,5.0,32.0,1736.73,1709.38,2026-07-27 19:48:51.391688,Medium,Excellent
2122,43,Female,South,Basic,Monthly,3,86.49,1191.59,Bank Transfer,Standard,1,1.0,5.0,8.0,552.27,1792.45,2026-06-15 19:48:51.391691,Low,Excellent
2123,51,Female,Central,Standard,Monthly,1,63.92,126.9,Cash,Premium,2,10.1,4.2,28.999999999999996,1552.61,1279.63,2026-06-22 19:48:51.391695,Low,Good
2124,63,Male,North,Standard,Monthly,13,59.37,726.77,Debit Card,Standard,4,30.2,3.2,59.0,986.99,100.0,2026-07-21 19:48:51.391698,Medium,Needs Improvement
2125,51,Male,North,Standard,1 Year,1,20.0,1370.36,Credit Card,Basic,1,2.7,5.0,34.0,1997.64,1318.29,2026-06-07 19:48:51.391702,Medium,Excellent
2126,46,Female,South,Basic,Monthly,22,66.82,503.69,Credit Card,Standard,1,1.0,5.0,8.0,984.93,966.41,2026-06-18 19:48:51.391706,Low,Excellent
2127,21,Male,South,Premium,2 Year,22,40.64,448.21,Credit Card,Premium,1,20.0,3.4,3.0,1211.29,177.51,2026-07-11 19:48:51.391709,Low,Excellent
2128,34,Female,West,Standard,Monthly,55,57.26,1694.54,Bank Transfer,Standard,0,1.8,3.3,16.0,1361.95,1378.76,2026-06-19 19:48:51.391712,Low,Excellent
2129,52,Female,Central,Standard,Monthly,5,41.63,1744.39,Bank Transfer,Standard,0,1.0,3.8,41.0,1017.94,640.18,2026-07-05 19:48:51.391716,Medium,Excellent
2130,30,Female,Central,Premium,Monthly,11,44.97,1436.54,Debit Card,Standard,2,2.0,4.9,25.0,1190.2,1449.99,2026-07-14 19:48:51.391719,Low,Good
2131,58,Female,East,Business,Monthly,47,38.18,801.81,Credit Card,Premium,1,1.0,5.0,26.0,909.59,1217.36,2026-08-18 19:48:51.391723,Low,Excellent
2132,56,Female,East,Business,2 Year,15,38.44,929.88,Credit Card,Standard,3,10.4,3.5,14.000000000000002,1114.53,937.81,2026-08-26 19:48:51.391726,Low,Good
2133,32,Female,North,Premium,2 Year,1,25.22,1760.03,Cash,Standard,1,1.0,4.8,25.0,1965.5,374.78,2026-06-05 19:48:51.391730,Low,Excellent
2134,72,Male,East,Standard,1 Year,2,74.41,478.68,Credit Card,Standard,4,4.7,3.1,8.0,2019.78,2812.0,2026-08-09 19:48:51.391733,Low,Needs Improvement
2135,46,Male,East,Premium,2 Year,40,65.45,50.0,Debit Card,Basic,1,5.4,5.0,14.000000000000002,1612.85,2402.36,2026-06-30 19:48:51.391737,Low,Excellent
2136,46,Male,North,Standard,2 Year,32,82.69,1605.76,Credit Card,Basic,1,12.3,2.6,17.0,2387.0,713.79,2026-06-14 19:48:51.391740,Low,Excellent
2137,28,Female,North,Business,1 Year,50,55.2,1104.48,Credit Card,Standard,2,5.9,4.6,36.0,1652.18,1595.26,2026-06-19 19:48:51.391744,Medium,Good
2138,69,Male,East,Business,2 Year,3,48.51,2245.77,Cash,Standard,0,1.1,3.5,36.0,1628.98,1836.97,2026-08-05 19:48:51.391747,Medium,Excellent
2139,49,Female,Central,Basic,Monthly,34,62.8,347.79,Credit Card,Basic,3,4.4,3.6,63.0,1693.92,1917.56,2026-06-14 19:48:51.391751,High,Good
2140,19,Male,East,Standard,1 Year,25,82.54,2059.75,Bank Transfer,Basic,1,21.8,3.5,20.0,921.46,1807.94,2026-07-02 19:48:51.391754,Low,Excellent
2141,64,Female,West,Business,1 Year,6,72.5,732.97,Debit Card,Premium,2,2.2,3.0,45.0,902.39,1687.19,2026-07-30 19:48:51.391758,Medium,Good
2142,31,Male,West,Standard,Monthly,87,65.32,1825.67,Bank Transfer,Standard,1,2.8,2.8,69.0,1112.98,2332.76,2026-08-12 19:48:51.391761,High,Excellent
2143,37,Female,West,Business,2 Year,20,81.61,169.29,Mobile Money,Basic,5,16.5,2.6,45.0,1097.14,100.0,2026-08-11 19:48:51.391765,Medium,Needs Improvement
2144,39,Female,South,Premium,Monthly,56,65.13,50.0,Credit Card,Basic,3,12.3,3.7,56.00000000000001,1561.12,1243.24,2026-07-24 19:48:51.391769,Medium,Good
2145,28,Male,West,Premium,2 Year,47,50.21,1480.73,Credit Card,Standard,1,2.8,3.9,36.0,2212.52,2809.13,2026-07-10 19:48:51.391772,Medium,Excellent
2146,44,Male,Central,Basic,Monthly,9,87.69,979.86,Credit Card,Premium,2,9.9,3.2,7.000000000000001,1167.02,446.24,2026-07-22 19:48:51.391775,Low,Good
2147,20,Female,South,Basic,Monthly,18,33.79,1327.47,Debit Card,Premium,1,1.0,1.2,32.0,947.04,1591.5,2026-08-09 19:48:51.391779,Medium,Excellent
2148,34,Female,South,Basic,Monthly,13,29.49,419.54,Debit Card,Basic,4,6.3,3.8,5.0,735.5,184.53,2026-06-05 19:48:51.391782,Low,Needs Improvement
2149,61,Male,West,Basic,2 Year,29,64.38,1462.46,Cash,Premium,2,16.4,3.6,43.0,1628.47,1516.52,2026-06-20 19:48:51.391786,Medium,Good
2150,73,Female,East,Basic,Monthly,21,67.15,2219.13,Credit Card,Standard,0,14.8,5.0,24.0,1386.91,117.43,2026-08-25 19:48:51.391790,Low,Excellent
2151,45,Female,North,Basic,1 Year,36,70.83,2077.33,Mobile Money,Standard,5,1.8,3.6,48.0,2531.51,949.12,2026-06-18 19:48:51.391793,Medium,Needs Improvement
2152,46,Female,East,Standard,1 Year,1,56.81,660.22,Credit Card,Premium,0,6.1,4.2,26.0,1058.11,966.58,2026-07-08 19:48:51.391797,Low,Excellent
2153,38,Male,East,Business,Monthly,27,98.83,194.98,Credit Card,Basic,2,4.1,5.0,16.0,2197.81,2193.8,2026-08-03 19:48:51.391800,Low,Good
2154,64,Male,South,Premium,2 Year,9,27.54,1197.55,Bank Transfer,Basic,0,6.6,5.0,27.0,300.0,971.63,2026-07-08 19:48:51.391804,Low,Excellent
2155,33,Female,South,Standard,Monthly,6,68.37,1877.99,Cash,Premium,4,1.0,3.8,24.0,453.1,1607.92,2026-07-16 19:48:51.391807,Low,Needs Improvement
2156,54,Female,South,Standard,1 Year,38,83.97,50.0,Credit Card,Basic,4,31.9,2.3,50.0,2009.62,1211.97,2026-06-09 19:48:51.391811,Medium,Needs Improvement
2157,37,Female,Central,Basic,Monthly,2,99.61,1687.52,Credit Card,Premium,3,6.6,5.0,28.000000000000004,1394.53,2931.04,2026-08-19 19:48:51.391814,Low,Good
2158,23,Male,Central,Standard,Monthly,6,98.36,2808.23,Bank Transfer,Standard,2,1.0,1.0,67.0,1253.4,132.17,2026-06-04 19:48:51.391818,High,Good
2159,36,Male,North,Standard,Monthly,5,37.6,1711.72,Mobile Money,Basic,1,8.2,2.6,48.0,1111.05,100.0,2026-07-07 19:48:51.391821,Medium,Excellent
2160,74,Male,South,Standard,1 Year,13,74.05,50.0,Mobile Money,Basic,1,1.0,2.8,39.0,1900.92,1003.05,2026-07-15 19:48:51.391824,Medium,Excellent
2161,22,Male,West,Business,2 Year,9,59.65,293.81,Credit Card,Basic,1,1.0,4.7,60.0,1927.6,3036.17,2026-08-16 19:48:51.391828,Medium,Excellent
2162,20,Male,South,Standard,Monthly,30,64.53,648.04,Bank Transfer,Standard,4,1.6,3.6,44.0,2494.11,693.57,2026-08-14 19:48:51.391831,Medium,Needs Improvement
2163,18,Male,Central,Standard,Monthly,28,93.35,1083.98,Debit Card,Basic,3,2.5,2.4,23.0,1720.05,2382.25,2026-07-20 19:48:51.391835,Low,Good
2164,55,Female,South,Standard,2 Year,9,112.5,1479.21,Debit Card,Standard,5,2.4,5.0,20.0,1944.52,1511.71,2026-08-26 19:48:51.391838,Low,Needs Improvement
2165,32,Male,Central,Standard,Monthly,13,71.52,1776.36,Credit Card,Basic,1,4.7,3.3,56.99999999999999,604.5,2015.02,2026-06-27 19:48:51.391842,Medium,Excellent
2166,51,Female,South,Business,1 Year,5,20.0,961.22,Credit Card,Premium,3,5.8,2.4,13.0,743.43,3031.76,2026-07-06 19:48:51.391845,Low,Good
2167,52,Female,West,Standard,1 Year,26,23.29,1404.82,Cash,Premium,0,4.4,2.3,24.0,1687.26,2156.51,2026-07-31 19:48:51.391849,Low,Excellent
2168,66,Female,North,Standard,Monthly,12,63.84,334.88,Debit Card,Standard,3,3.7,2.3,43.0,1914.59,2852.5,2026-07-08 19:48:51.391852,Medium,Good
2169,42,Male,West,Standard,1 Year,3,89.94,635.21,Credit Card,Premium,2,8.9,3.8,12.0,2217.57,3286.27,2026-08-04 19:48:51.391856,Low,Good
2170,41,Female,Central,Standard,2 Year,3,45.36,1907.97,Mobile Money,Basic,1,2.3,3.2,17.0,513.0,1494.24,2026-07-08 19:48:51.391859,Low,Excellent
2171,29,Female,East,Premium,Monthly,9,60.22,1561.71,Bank Transfer,Basic,2,7.9,3.2,15.0,1125.49,1429.14,2026-06-06 19:48:51.391863,Low,Good
2172,35,Female,West,Business,1 Year,33,105.45,1661.56,Debit Card,Basic,2,25.1,3.9,47.0,1167.02,2410.9,2026-08-14 19:48:51.391866,Medium,Good
2173,32,Female,South,Business,1 Year,1,55.09,368.56,Debit Card,Standard,2,5.1,3.5,68.0,947.87,573.92,2026-08-09 19:48:51.391870,High,Good
2174,61,Female,North,Standard,Monthly,7,108.82,1169.68,Debit Card,Basic,1,5.7,4.1,14.000000000000002,346.09,1333.06,2026-07-21 19:48:51.391873,Low,Excellent
2175,33,Female,South,Standard,Monthly,4,54.24,1268.28,Credit Card,Premium,0,10.4,3.4,5.0,1705.1,2502.83,2026-08-05 19:48:51.391877,Low,Excellent
2176,44,Male,South,Basic,1 Year,75,87.61,1458.37,Cash,Premium,2,5.7,3.4,35.0,303.42,3028.91,2026-07-13 19:48:51.391880,Medium,Good
2177,25,Female,West,Business,Monthly,29,66.92,2013.81,Debit Card,Standard,0,1.2,2.8,38.0,1758.91,2569.41,2026-08-12 19:48:51.391884,Medium,Excellent
2178,63,Male,North,Premium,Monthly,6,84.42,1236.1,Mobile Money,Standard,0,7.5,3.6,38.0,1878.2,1476.48,2026-06-18 19:48:51.391887,Medium,Excellent
2179,42,Female,East,Standard,2 Year,5,115.22,2472.27,Bank Transfer,Basic,2,5.7,4.4,39.0,1914.67,2087.68,2026-08-11 19:48:51.391891,Medium,Good
2180,34,Male,South,Standard,1 Year,46,75.49,50.0,Bank Transfer,Basic,1,24.2,4.9,37.0,1636.36,933.95,2026-07-29 19:48:51.391894,Medium,Excellent
2181,46,Male,North,Standard,2 Year,5,96.53,953.37,Credit Card,Standard,1,1.0,3.9,4.0,1634.12,2003.16,2026-08-20 19:48:51.391898,Low,Excellent
2182,70,Female,East,Basic,Monthly,120,42.63,2025.91,Debit Card,Standard,1,6.2,1.0,12.0,488.06,440.93,2026-07-21 19:48:51.391901,Low,Excellent
2183,25,Female,South,Basic,2 Year,7,41.71,602.87,Bank Transfer,Standard,2,7.7,5.0,25.0,825.62,3551.39,2026-06-29 19:48:51.391905,Low,Good
2184,32,Male,North,Premium,1 Year,2,24.19,1866.98,Credit Card,Basic,1,7.7,3.0,43.0,1220.79,2644.03,2026-08-17 19:48:51.391908,Medium,Excellent
2185,44,Male,West,Basic,2 Year,28,38.61,1278.3,Bank Transfer,Standard,4,1.0,3.9,23.0,515.0,1837.21,2026-07-06 19:48:51.391912,Low,Needs Improvement
2186,63,Female,South,Premium,2 Year,22,102.93,2718.58,Credit Card,Premium,3,3.2,4.5,40.0,628.59,1102.22,2026-07-20 19:48:51.391915,Medium,Good
2187,67,Male,South,Standard,2 Year,120,73.29,1079.07,Mobile Money,Standard,2,2.4,4.9,35.0,1057.64,2606.08,2026-07-30 19:48:51.391919,Medium,Good
2188,69,Female,North,Standard,2 Year,38,58.31,1088.67,Cash,Basic,4,9.1,5.0,20.0,1400.31,112.43,2026-07-10 19:48:51.391922,Low,Needs Improvement
2189,24,Male,South,Standard,Monthly,13,70.1,2640.95,Bank Transfer,Basic,3,10.6,4.1,16.0,1830.6,421.74,2026-06-27 19:48:51.391926,Low,Good
2190,20,Female,East,Business,1 Year,27,82.0,910.84,Credit Card,Basic,0,1.9,4.7,26.0,410.83,532.28,2026-06-24 19:48:51.391929,Low,Excellent
2191,46,Female,South,Business,Monthly,40,84.46,2045.0,Bank Transfer,Standard,2,14.0,4.1,21.0,1617.46,3354.66,2026-07-30 19:48:51.391933,Low,Good
2192,61,Male,Central,Standard,1 Year,17,70.46,1446.06,Bank Transfer,Basic,1,5.3,5.0,13.0,919.03,331.42,2026-06-15 19:48:51.391936,Low,Excellent
2193,70,Male,East,Business,2 Year,7,99.57,2069.73,Cash,Premium,3,2.4,5.0,32.0,1488.61,457.58,2026-06-17 19:48:51.391940,Medium,Good
2194,41,Male,North,Premium,Monthly,5,40.73,920.74,Credit Card,Basic,2,2.9,5.0,62.0,2032.04,2932.01,2026-07-28 19:48:51.391943,High,Good
2195,20,Female,East,Standard,1 Year,8,56.23,1114.78,Mobile Money,Standard,2,2.4,2.5,27.0,1152.34,667.41,2026-06-09 19:48:51.391947,Low,Good
2196,37,Female,Central,Standard,1 Year,45,94.26,905.98,Credit Card,Standard,2,7.4,3.6,41.0,1677.3,1321.59,2026-08-22 19:48:51.391950,Medium,Good
2197,63,Female,Central,Standard,Monthly,11,88.91,50.0,Mobile Money,Basic,0,6.0,5.0,43.0,1928.32,2369.5,2026-06-11 19:48:51.391954,Medium,Excellent
2198,32,Male,South,Premium,Monthly,8,74.27,987.95,Mobile Money,Premium,1,22.3,3.5,37.0,1549.34,584.14,2026-07-08 19:48:51.391957,Medium,Excellent
2199,42,Male,South,Basic,Monthly,39,51.43,3761.6,Mobile Money,Premium,1,2.6,4.4,22.0,1635.58,2197.36,2026-08-14 19:48:51.391961,Low,Excellent
2200,47,Male,West,Premium,Monthly,1,84.69,614.13,Bank Transfer,Basic,3,3.1,4.0,36.0,300.0,1298.0,2026-08-12 19:48:51.391964,Medium,Good
2201,31,Male,East,Basic,1 Year,21,42.27,1316.77,Debit Card,Standard,0,1.0,3.5,49.0,1486.19,100.0,2026-07-18 19:48:51.391968,Medium,Excellent
2202,24,Female,West,Standard,1 Year,49,94.55,2152.93,Mobile Money,Standard,1,2.8,1.7,37.0,491.83,1306.61,2026-06-05 19:48:51.391971,Medium,Excellent
2203,34,Female,Central,Standard,Monthly,12,103.04,1617.22,Debit Card,Standard,4,2.3,3.1,6.0,1871.64,3242.4,2026-07-17 19:48:51.391975,Low,Needs Improvement
2204,61,Female,South,Basic,2 Year,7,50.6,1137.95,Credit Card,Standard,1,4.1,4.3,36.0,1374.38,123.12,2026-08-06 19:48:51.391978,Medium,Excellent
2205,37,Male,South,Business,1 Year,16,129.71,484.61,Cash,Premium,2,5.5,4.1,24.0,707.01,3414.87,2026-07-17 19:48:51.391982,Low,Good
2206,53,Female,South,Business,1 Year,30,40.07,2353.88,Debit Card,Premium,3,8.9,3.3,31.0,1679.88,1577.34,2026-07-15 19:48:51.391985,Medium,Good
2207,26,Female,North,Standard,Monthly,17,60.27,2086.9,Bank Transfer,Standard,5,1.7,3.5,35.0,1922.99,836.82,2026-06-06 19:48:51.391989,Medium,Needs Improvement
2208,55,Female,Central,Business,1 Year,1,59.66,2334.83,Credit Card,Basic,0,6.5,5.0,53.0,1049.51,1215.36,2026-06-09 19:48:51.391992,Medium,Excellent
2209,65,Female,South,Standard,Monthly,1,62.4,2254.83,Credit Card,Basic,2,10.4,4.0,11.0,1710.85,3249.1,2026-06-12 19:48:51.391996,Low,Good
2210,74,Male,Central,Business,1 Year,30,100.62,57.98,Bank Transfer,Standard,1,2.2,3.1,5.0,300.0,365.2,2026-06-29 19:48:51.391999,Low,Excellent
2211,39,Male,South,Basic,1 Year,12,75.94,918.56,Bank Transfer,Premium,1,3.5,2.3,2.0,1513.4,1636.32,2026-06-19 19:48:51.392003,Low,Excellent
2212,71,Female,East,Standard,Monthly,36,44.21,1448.78,Debit Card,Standard,0,1.8,5.0,50.0,1779.88,1064.41,2026-07-01 19:48:51.392006,Medium,Excellent
2213,70,Male,Central,Premium,2 Year,25,67.73,439.05,Debit Card,Standard,1,1.0,3.8,14.000000000000002,1479.51,1688.44,2026-07-12 19:48:51.392010,Low,Excellent
2214,70,Male,West,Basic,Monthly,20,81.58,695.87,Debit Card,Basic,1,11.3,2.7,23.0,2111.89,1865.18,2026-08-06 19:48:51.392013,Low,Excellent
2215,19,Female,North,Business,Monthly,55,78.02,1712.46,Mobile Money,Standard,2,2.2,1.5,13.0,567.49,1276.46,2026-08-07 19:48:51.392017,Low,Good
2216,41,Female,West,Business,2 Year,1,95.55,1679.48,Debit Card,Basic,2,3.7,3.6,5.0,1768.84,1772.36,2026-06-11 19:48:51.392020,Low,Good
2217,25,Female,Central,Standard,Monthly,4,67.23,2608.7,Cash,Standard,1,2.3,5.0,49.0,1764.92,1220.92,2026-07-22 19:48:51.392024,Medium,Excellent
2218,28,Male,South,Standard,1 Year,23,84.99,623.01,Credit Card,Premium,0,1.0,5.0,34.0,891.92,1132.53,2026-07-29 19:48:51.392027,Medium,Excellent
2219,30,Male,Central,Standard,1 Year,1,61.44,455.98,Cash,Premium,1,10.4,3.2,54.0,2424.95,1584.96,2026-06-13 19:48:51.392031,Medium,Excellent
2220,34,Female,North,Standard,Monthly,24,48.83,2878.52,Bank Transfer,Premium,1,8.2,4.4,11.0,2550.96,1520.26,2026-08-02 19:48:51.392034,Low,Excellent
2221,25,Female,Central,Premium,2 Year,99,36.47,1003.42,Debit Card,Standard,3,5.2,2.1,39.0,2137.4,1367.91,2026-08-20 19:48:51.392037,Medium,Good
2222,38,Female,South,Basic,Monthly,50,104.16,50.0,Credit Card,Premium,3,9.0,3.6,14.000000000000002,737.04,2098.4,2026-07-08 19:48:51.392041,Low,Good
2223,35,Female,West,Basic,Monthly,21,27.28,1519.72,Mobile Money,Standard,1,15.0,3.8,24.0,1845.77,2321.28,2026-07-09 19:48:51.392045,Low,Excellent
2224,47,Female,East,Business,2 Year,53,71.35,340.0,Cash,Premium,4,7.7,2.2,5.0,1466.69,2439.94,2026-06-16 19:48:51.392048,Low,Needs Improvement
2225,35,Female,West,Basic,1 Year,2,75.24,890.98,Cash,Standard,1,19.0,2.7,55.00000000000001,1402.09,641.84,2026-08-09 19:48:51.392051,Medium,Excellent
2226,63,Male,South,Standard,1 Year,14,40.48,65.89,Debit Card,Premium,1,1.8,3.0,27.0,1521.84,1463.94,2026-06-26 19:48:51.392055,Low,Excellent
2227,64,Female,South,Premium,2 Year,13,87.52,2089.18,Credit Card,Basic,1,17.2,4.3,17.0,1085.75,100.0,2026-07-12 19:48:51.392059,Low,Excellent
2228,48,Female,North,Business,Monthly,9,31.24,1526.57,Debit Card,Premium,1,6.2,4.1,3.0,1057.27,1168.96,2026-05-30 19:48:51.392062,Low,Excellent
2229,55,Female,Central,Premium,Monthly,1,50.51,168.25,Debit Card,Basic,1,14.7,2.7,9.0,1810.59,1259.87,2026-06-03 19:48:51.392066,Low,Excellent
2230,49,Female,Central,Basic,Monthly,53,89.12,1358.68,Credit Card,Basic,0,10.9,4.5,27.0,889.33,1601.02,2026-08-02 19:48:51.392069,Low,Excellent
2231,28,Female,West,Standard,2 Year,36,32.48,1736.88,Debit Card,Standard,1,1.0,3.8,48.0,1934.43,1813.6,2026-06-07 19:48:51.392072,Medium,Excellent
2232,62,Male,East,Business,Monthly,25,85.42,1030.68,Bank Transfer,Basic,1,14.6,5.0,43.0,1590.3,1120.69,2026-08-24 19:48:51.392083,Medium,Excellent
2233,42,Female,East,Premium,Monthly,3,92.89,2524.3,Bank Transfer,Standard,3,3.3,2.3,14.000000000000002,300.0,1222.36,2026-06-09 19:48:51.392089,Low,Good
2234,50,Male,North,Standard,Monthly,11,91.83,2033.19,Credit Card,Standard,2,4.4,5.0,37.0,1341.53,846.94,2026-07-22 19:48:51.392094,Medium,Good
2235,55,Female,South,Standard,Monthly,61,74.36,814.55,Credit Card,Basic,3,1.0,3.2,4.0,1479.45,268.93,2026-07-27 19:48:51.392101,Low,Good
2236,58,Male,North,Basic,1 Year,23,44.04,1018.64,Debit Card,Standard,5,11.4,5.0,33.0,1537.01,1861.46,2026-06-28 19:48:51.392106,Medium,Needs Improvement
2237,25,Male,Central,Basic,2 Year,22,40.24,210.7,Mobile Money,Premium,5,5.0,4.6,5.0,782.47,2224.27,2026-07-30 19:48:51.392112,Low,Needs Improvement
2238,28,Male,South,Standard,Monthly,58,52.42,50.0,Cash,Premium,2,22.5,2.2,17.0,775.36,240.29,2026-06-25 19:48:51.392117,Low,Good
2239,39,Female,North,Standard,Monthly,19,20.0,503.72,Credit Card,Basic,3,2.6,4.0,20.0,2374.19,487.01,2026-08-25 19:48:51.392123,Low,Good
2240,68,Male,West,Standard,1 Year,21,65.58,637.8,Debit Card,Standard,1,5.5,5.0,44.0,879.22,1115.43,2026-08-24 19:48:51.392128,Medium,Excellent
2241,41,Male,Central,Basic,Monthly,10,62.12,2261.18,Debit Card,Basic,1,4.2,2.9,19.0,967.2,1239.59,2026-06-24 19:48:51.392134,Low,Excellent
2242,58,Female,East,Business,2 Year,11,66.9,100.2,Debit Card,Standard,2,12.6,5.0,32.0,1642.34,1420.21,2026-08-18 19:48:51.392140,Medium,Good
2243,34,Male,North,Business,1 Year,27,58.99,1277.88,Credit Card,Standard,4,6.1,5.0,28.000000000000004,300.0,2518.09,2026-08-02 19:48:51.392145,Low,Needs Improvement
2244,29,Female,Central,Basic,Monthly,9,69.42,1371.61,Debit Card,Premium,1,4.9,5.0,3.0,1102.85,558.3,2026-05-31 19:48:51.392151,Low,Excellent
2245,74,Female,Central,Premium,2 Year,19,66.98,634.3,Credit Card,Standard,3,23.5,4.5,28.999999999999996,1668.88,2682.56,2026-07-19 19:48:51.392156,Low,Good
2246,63,Female,East,Business,Monthly,7,28.5,2015.6,Bank Transfer,Standard,1,3.8,2.9,75.0,1163.12,100.0,2026-08-07 19:48:51.392162,High,Excellent
2247,49,Male,East,Standard,Monthly,4,72.0,949.94,Debit Card,Standard,2,5.4,4.7,11.0,300.0,1341.49,2026-06-10 19:48:51.392167,Low,Good
2248,32,Female,East,Business,Monthly,14,64.47,725.87,Debit Card,Standard,1,6.5,5.0,20.0,1693.27,1356.79,2026-07-29 19:48:51.392171,Low,Excellent
2249,33,Male,North,Business,2 Year,5,21.85,2513.86,Bank Transfer,Premium,2,1.0,4.8,56.00000000000001,1017.36,2772.42,2026-07-03 19:48:51.392174,Medium,Good
2250,71,Male,East,Standard,1 Year,54,87.37,526.43,Mobile Money,Basic,3,6.0,1.2,10.0,1361.3,978.02,2026-08-01 19:48:51.392178,Low,Good
2251,39,Male,West,Standard,Monthly,8,57.54,1822.78,Credit Card,Basic,0,3.3,4.1,32.0,1144.6,1265.27,2026-07-09 19:48:51.392181,Medium,Excellent
2252,45,Female,Central,Premium,2 Year,21,80.89,745.8,Debit Card,Basic,1,8.4,4.7,19.0,771.93,2925.92,2026-06-22 19:48:51.392185,Low,Excellent
2253,37,Male,East,Basic,1 Year,7,63.89,227.85,Mobile Money,Basic,2,8.3,5.0,34.0,1478.17,2073.85,2026-08-12 19:48:51.392188,Medium,Good
2254,50,Female,Central,Premium,Monthly,7,20.49,935.66,Debit Card,Standard,0,9.9,1.9,65.0,1026.29,989.53,2026-08-07 19:48:51.392192,High,Excellent
2255,27,Female,South,Basic,1 Year,10,71.26,3084.6,Debit Card,Basic,1,4.1,2.5,34.0,1574.21,2621.69,2026-07-16 19:48:51.392195,Medium,Excellent
2256,57,Female,South,Premium,1 Year,59,77.41,50.0,Credit Card,Premium,2,1.0,3.7,28.999999999999996,1958.11,981.97,2026-06-12 19:48:51.392199,Low,Good
2257,49,Male,East,Standard,1 Year,11,94.26,639.67,Mobile Money,Standard,2,4.6,5.0,46.0,1479.0,592.98,2026-05-31 19:48:51.392202,Medium,Good
2258,67,Female,Central,Business,Monthly,41,87.97,2183.27,Credit Card,Standard,3,6.4,4.7,9.0,1553.01,2429.18,2026-06-22 19:48:51.392206,Low,Good
2259,50,Female,South,Premium,Monthly,5,94.96,448.15,Bank Transfer,Standard,4,1.0,2.9,52.0,677.71,827.96,2026-06-03 19:48:51.392209,Medium,Needs Improvement
2260,19,Female,East,Premium,1 Year,1,83.41,718.46,Debit Card,Premium,2,6.3,3.8,6.0,1096.38,1040.51,2026-06-11 19:48:51.392213,Low,Good
2261,50,Male,Central,Standard,2 Year,36,52.71,1307.73,Debit Card,Premium,2,4.1,4.7,33.0,1745.88,2220.61,2026-07-13 19:48:51.392216,Medium,Good
2262,50,Female,East,Standard,1 Year,18,53.3,1020.11,Bank Transfer,Basic,0,5.2,4.2,10.0,1892.3,2380.69,2026-08-01 19:48:51.392220,Low,Excellent
2263,58,Male,Central,Premium,2 Year,16,89.72,1607.09,Bank Transfer,Basic,0,2.9,4.1,32.0,818.91,494.4,2026-08-05 19:48:51.392223,Medium,Excellent
2264,30,Male,South,Basic,1 Year,7,55.29,989.81,Debit Card,Premium,0,5.4,3.3,12.0,1237.81,2424.6,2026-06-20 19:48:51.392227,Low,Excellent
2265,47,Male,East,Business,2 Year,1,78.25,1204.62,Credit Card,Standard,1,17.1,3.3,70.0,300.0,809.1,2026-08-26 19:48:51.392231,High,Excellent
2266,50,Female,South,Standard,Monthly,15,107.73,1095.41,Debit Card,Basic,0,12.4,4.2,52.0,2213.7,168.87,2026-06-06 19:48:51.392234,Medium,Excellent
2267,30,Male,East,Business,Monthly,48,49.55,545.91,Credit Card,Standard,0,7.7,4.6,36.0,1145.62,1393.47,2026-08-01 19:48:51.392237,Medium,Excellent
2268,69,Male,North,Standard,Monthly,3,83.21,50.0,Credit Card,Premium,5,7.9,1.6,15.0,371.88,927.43,2026-08-18 19:48:51.392241,Low,Needs Improvement
2269,43,Female,South,Basic,Monthly,63,44.92,2737.51,Mobile Money,Premium,1,18.1,3.6,7.000000000000001,1406.08,1747.8,2026-05-30 19:48:51.392244,Low,Excellent
2270,39,Female,South,Standard,1 Year,7,79.66,537.21,Bank Transfer,Standard,4,5.2,5.0,60.0,1351.4,2144.66,2026-06-23 19:48:51.392248,Medium,Needs Improvement
2271,56,Male,West,Business,2 Year,18,105.34,585.06,Credit Card,Premium,1,6.2,5.0,21.0,2498.21,1463.03,2026-08-08 19:48:51.392251,Low,Excellent
2272,19,Female,South,Business,Monthly,1,98.47,1358.72,Credit Card,Standard,1,15.7,4.8,45.0,2302.05,831.05,2026-07-10 19:48:51.392255,Medium,Excellent
2273,55,Male,Central,Basic,2 Year,13,55.37,372.47,Credit Card,Standard,2,11.2,4.5,55.00000000000001,1788.68,1728.56,2026-07-21 19:48:51.392258,Medium,Good
2274,56,Male,East,Premium,1 Year,3,104.34,1932.59,Mobile Money,Standard,2,4.5,5.0,68.0,1559.45,859.64,2026-07-25 19:48:51.392264,High,Good
2275,43,Male,North,Standard,1 Year,1,59.38,1403.69,Mobile Money,Premium,3,2.9,4.2,26.0,1054.39,1955.87,2026-06-29 19:48:51.392268,Low,Good
2276,63,Female,Central,Business,1 Year,81,122.21,983.01,Debit Card,Standard,1,5.8,2.4,40.0,1836.12,2654.93,2026-06-15 19:48:51.392272,Medium,Excellent
2277,67,Male,Central,Business,Monthly,31,65.81,800.26,Mobile Money,Basic,0,1.0,3.4,34.0,1326.41,1976.25,2026-08-23 19:48:51.392276,Medium,Excellent
2278,32,Male,Central,Business,Monthly,30,81.57,239.63,Cash,Standard,2,9.1,2.1,12.0,1604.27,633.27,2026-06-13 19:48:51.392279,Low,Good
2279,51,Male,Central,Basic,1 Year,2,80.81,1450.67,Cash,Standard,2,5.0,4.9,43.0,1706.1,2612.14,2026-07-05 19:48:51.392283,Medium,Good
2280,59,Female,North,Basic,2 Year,63,37.65,1308.96,Cash,Standard,4,7.2,1.4,22.0,1733.39,100.0,2026-08-11 19:48:51.392286,Low,Needs Improvement
2281,72,Male,West,Standard,1 Year,15,99.41,683.19,Mobile Money,Basic,1,15.0,4.2,21.0,1601.97,241.14,2026-07-01 19:48:51.392290,Low,Excellent
2282,61,Male,South,Business,Monthly,45,70.49,1619.27,Credit Card,Standard,2,3.5,4.3,6.0,1160.85,1364.15,2026-07-25 19:48:51.392293,Low,Good
2283,66,Male,Central,Standard,Monthly,1,51.1,2464.42,Credit Card,Basic,1,5.5,3.8,9.0,1909.45,1684.84,2026-07-26 19:48:51.392297,Low,Excellent
2284,57,Male,South,Standard,2 Year,8,46.22,1211.76,Mobile Money,Premium,1,6.5,1.0,14.000000000000002,1852.64,1665.13,2026-08-06 19:48:51.392300,Low,Excellent
2285,28,Female,South,Standard,Monthly,120,49.93,1002.21,Debit Card,Standard,4,2.6,2.1,34.0,1644.82,2890.47,2026-06-03 19:48:51.392304,Medium,Needs Improvement
2286,20,Female,Central,Premium,2 Year,13,63.08,431.49,Debit Card,Premium,3,2.6,4.0,24.0,1680.81,1296.24,2026-07-12 19:48:51.392307,Low,Good
2287,23,Male,West,Basic,1 Year,52,38.32,1072.72,Credit Card,Standard,0,6.0,4.8,20.0,2110.01,1545.68,2026-08-24 19:48:51.392311,Low,Excellent
2288,26,Male,South,Standard,1 Year,9,44.59,864.48,Bank Transfer,Standard,1,2.4,3.8,30.0,887.41,508.02,2026-07-23 19:48:51.392314,Low,Excellent
2289,23,Male,East,Basic,1 Year,17,21.8,362.77,Debit Card,Basic,1,15.8,5.0,31.0,1404.46,2131.93,2026-07-20 19:48:51.392318,Medium,Excellent
2290,26,Male,South,Premium,Monthly,46,44.77,1561.0,Credit Card,Standard,0,42.2,4.5,45.0,1967.98,241.89,2026-07-19 19:48:51.392321,Medium,Excellent
2291,56,Male,Central,Business,1 Year,22,99.11,1418.72,Bank Transfer,Premium,1,1.9,3.8,32.0,430.61,100.0,2026-06-20 19:48:51.392325,Medium,Excellent
2292,48,Female,North,Premium,1 Year,31,95.03,1261.12,Cash,Basic,1,6.9,3.7,4.0,2322.19,1462.97,2026-08-14 19:48:51.392328,Low,Excellent
2293,49,Female,South,Basic,1 Year,6,71.75,910.23,Debit Card,Basic,0,1.3,3.0,28.000000000000004,1688.12,1995.53,2026-08-11 19:48:51.392332,Low,Excellent
2294,58,Female,West,Business,2 Year,4,117.66,1937.15,Bank Transfer,Premium,3,1.6,5.0,20.0,1501.39,2834.54,2026-07-05 19:48:51.392335,Low,Good
2295,67,Female,East,Basic,Monthly,6,95.37,50.0,Credit Card,Premium,3,11.6,4.8,35.0,2016.89,1077.32,2026-06-14 19:48:51.392339,Medium,Good
2296,29,Female,East,Basic,1 Year,16,75.87,50.0,Credit Card,Standard,3,1.8,4.3,34.0,810.94,2404.93,2026-06-22 19:48:51.392342,Medium,Good
2297,25,Female,North,Standard,Monthly,38,78.59,1380.39,Debit Card,Standard,3,11.1,3.7,5.0,2534.01,1307.97,2026-06-19 19:48:51.392346,Low,Good
2298,25,Male,North,Standard,Monthly,10,67.22,2211.51,Mobile Money,Standard,3,4.1,4.0,45.0,1298.84,2472.68,2026-06-05 19:48:51.392349,Medium,Good
2299,67,Female,South,Basic,1 Year,19,33.52,1296.42,Cash,Standard,3,5.2,1.5,33.0,1141.85,1576.61,2026-06-14 19:48:51.392353,Medium,Good
2300,45,Male,Central,Standard,Monthly,39,58.34,1301.68,Bank Transfer,Standard,1,2.4,3.9,33.0,1066.73,2584.46,2026-07-28 19:48:51.392356,Medium,Excellent
2301,37,Female,West,Standard,1 Year,6,20.0,362.23,Debit Card,Standard,4,6.4,3.8,1.0,3276.47,2691.59,2026-07-25 19:48:51.392359,Low,Needs Improvement
2302,64,Female,East,Standard,Monthly,51,37.64,50.0,Mobile Money,Standard,0,3.2,1.0,12.0,2607.61,1353.5,2026-06-17 19:48:51.392363,Low,Excellent
2303,24,Male,North,Basic,Monthly,73,99.7,420.29,Credit Card,Basic,1,1.5,5.0,73.0,2008.55,4062.79,2026-08-22 19:48:51.392367,High,Excellent
2304,28,Male,West,Business,Monthly,1,66.94,1715.42,Credit Card,Basic,2,1.2,4.1,28.000000000000004,1528.77,2555.09,2026-08-12 19:48:51.392370,Low,Good
2305,37,Female,Central,Basic,Monthly,1,38.35,50.0,Mobile Money,Standard,0,48.0,4.0,17.0,480.36,1021.57,2026-08-25 19:48:51.392374,Low,Excellent
2306,33,Male,East,Premium,2 Year,2,78.18,518.52,Mobile Money,Basic,4,3.4,3.0,32.0,1952.57,828.8,2026-07-19 19:48:51.392377,Medium,Needs Improvement
2307,21,Female,East,Business,1 Year,35,80.11,50.0,Mobile Money,Standard,2,13.1,5.0,31.0,318.12,1732.03,2026-07-09 19:48:51.392380,Medium,Good
2308,23,Female,Central,Premium,2 Year,5,103.55,475.83,Bank Transfer,Basic,5,3.3,4.3,44.0,749.0,1207.11,2026-06-28 19:48:51.392384,Medium,Needs Improvement
2309,39,Female,East,Premium,Monthly,31,109.46,2111.96,Mobile Money,Basic,1,7.8,2.5,36.0,1676.27,1614.82,2026-07-30 19:48:51.392388,Medium,Excellent
2310,43,Female,Central,Basic,1 Year,13,84.53,715.26,Credit Card,Basic,2,14.7,2.2,22.0,1337.02,1229.48,2026-07-28 19:48:51.392391,Low,Good
2311,20,Male,East,Basic,1 Year,43,27.13,1931.49,Credit Card,Basic,3,9.5,2.6,17.0,1598.47,1114.45,2026-07-19 19:48:51.392395,Low,Good
2312,58,Male,South,Basic,Monthly,39,122.01,735.18,Mobile Money,Basic,5,1.0,3.2,31.0,911.86,1492.05,2026-06-19 19:48:51.392398,Medium,Needs Improvement
2313,59,Female,Central,Basic,1 Year,77,98.83,2352.97,Debit Card,Basic,1,1.7,3.1,44.0,1866.83,2081.44,2026-07-16 19:48:51.392402,Medium,Excellent
2314,31,Female,West,Business,1 Year,6,86.23,1479.24,Credit Card,Standard,1,16.5,3.1,44.0,942.45,1292.33,2026-06-01 19:48:51.392405,Medium,Excellent
2315,28,Female,South,Premium,Monthly,6,64.58,831.41,Mobile Money,Basic,0,5.1,4.3,18.0,300.0,2090.57,2026-08-14 19:48:51.392409,Low,Excellent
2316,35,Male,West,Standard,1 Year,1,26.25,1070.53,Mobile Money,Basic,1,7.3,3.2,41.0,2332.32,394.58,2026-07-28 19:48:51.392412,Medium,Excellent
2317,71,Male,East,Basic,Monthly,12,51.0,50.0,Debit Card,Standard,1,1.0,5.0,28.000000000000004,513.98,2229.77,2026-08-02 19:48:51.392416,Low,Excellent
2318,29,Female,West,Premium,Monthly,14,63.73,791.18,Debit Card,Standard,4,5.3,5.0,18.0,1710.81,958.35,2026-06-17 19:48:51.392419,Low,Needs Improvement
2319,40,Male,South,Basic,Monthly,80,54.98,2336.45,Mobile Money,Basic,1,4.5,2.4,16.0,1573.87,1655.41,2026-08-04 19:48:51.392422,Low,Excellent
2320,29,Female,Central,Standard,2 Year,42,92.34,1487.45,Mobile Money,Basic,2,9.3,5.0,23.0,1125.93,456.21,2026-06-24 19:48:51.392426,Low,Good
2321,30,Male,North,Basic,Monthly,4,63.09,50.0,Mobile Money,Basic,1,2.6,2.7,33.0,739.5,100.0,2026-08-18 19:48:51.392430,Medium,Excellent
2322,42,Female,West,Standard,Monthly,38,45.58,1063.13,Bank Transfer,Standard,5,10.9,4.9,20.0,1899.28,1411.13,2026-07-01 19:48:51.392433,Low,Needs Improvement
2323,62,Female,North,Standard,1 Year,4,77.52,1334.45,Credit Card,Standard,2,8.9,4.3,43.0,2035.87,100.0,2026-06-26 19:48:51.392437,Medium,Good
2324,68,Female,West,Basic,1 Year,1,44.27,1800.45,Debit Card,Basic,4,5.7,5.0,45.0,1580.78,1499.88,2026-08-20 19:48:51.392440,Medium,Needs Improvement
2325,36,Male,West,Basic,1 Year,43,24.21,900.12,Debit Card,Premium,4,3.8,2.4,50.0,1744.18,3431.55,2026-07-07 19:48:51.392444,Medium,Needs Improvement
2326,72,Female,Central,Business,Monthly,89,77.74,1103.96,Credit Card,Premium,3,2.9,4.6,76.0,1607.1,3273.94,2026-08-09 19:48:51.392447,High,Good
2327,63,Female,East,Basic,1 Year,2,63.19,2026.2,Credit Card,Basic,2,6.1,2.5,20.0,1037.61,921.0,2026-06-13 19:48:51.392451,Low,Good
2328,53,Male,South,Basic,Monthly,40,68.92,1005.4,Credit Card,Basic,2,6.9,3.5,81.0,1435.97,1329.1,2026-06-10 19:48:51.392454,High,Good
2329,62,Female,South,Premium,1 Year,47,99.41,617.04,Credit Card,Basic,2,4.8,2.8,28.000000000000004,1126.46,2559.84,2026-07-18 19:48:51.392457,Low,Good
2330,25,Female,South,Premium,1 Year,3,71.27,1868.59,Debit Card,Premium,3,3.1,2.5,15.0,1991.88,2484.47,2026-07-13 19:48:51.392461,Low,Good
2331,46,Female,East,Standard,1 Year,7,79.23,1883.54,Debit Card,Standard,4,17.0,3.9,36.0,1709.15,1427.98,2026-08-17 19:48:51.392465,Medium,Needs Improvement
2332,72,Female,North,Standard,2 Year,31,65.43,50.0,Debit Card,Basic,2,3.0,4.7,38.0,2403.89,1490.98,2026-07-14 19:48:51.392468,Medium,Good
2333,70,Male,South,Basic,1 Year,39,85.25,1407.15,Debit Card,Premium,3,8.9,3.9,56.99999999999999,2147.36,1449.43,2026-07-06 19:48:51.392472,Medium,Good
2334,72,Male,North,Premium,1 Year,10,20.0,394.1,Debit Card,Standard,2,18.8,3.8,28.000000000000004,1267.57,1448.34,2026-08-11 19:48:51.392475,Low,Good
2335,49,Male,East,Standard,Monthly,4,45.64,1519.93,Credit Card,Standard,0,8.3,3.5,33.0,1204.82,1300.06,2026-07-31 19:48:51.392479,Medium,Excellent
2336,68,Female,East,Standard,Monthly,25,55.35,1962.07,Bank Transfer,Premium,3,3.6,4.9,12.0,300.0,1847.27,2026-08-14 19:48:51.392482,Low,Good
2337,61,Female,Central,Business,2 Year,29,53.01,1695.4,Bank Transfer,Premium,3,2.8,2.8,6.0,763.32,100.0,2026-08-04 19:48:51.392486,Low,Good
2338,35,Female,South,Standard,Monthly,16,45.21,1774.36,Mobile Money,Basic,9,15.4,4.9,35.0,1795.07,647.71,2026-07-15 19:48:51.392489,Medium,Needs Improvement
2339,23,Male,Central,Business,1 Year,3,62.95,671.71,Debit Card,Standard,2,5.4,3.8,17.0,1198.0,1425.73,2026-06-04 19:48:51.392493,Low,Good
2340,35,Male,South,Premium,1 Year,44,61.61,833.94,Bank Transfer,Standard,0,7.2,5.0,32.0,769.21,3216.16,2026-07-21 19:48:51.392496,Medium,Excellent
2341,36,Female,East,Standard,Monthly,24,62.94,1674.15,Bank Transfer,Basic,2,7.3,3.9,17.0,1289.3,1788.11,2026-08-05 19:48:51.392500,Low,Good
2342,39,Male,East,Basic,2 Year,48,70.01,1256.75,Debit Card,Basic,3,6.1,3.7,17.0,817.59,1653.3,2026-06-18 19:48:51.392503,Low,Good
2343,54,Male,West,Business,1 Year,64,77.44,50.0,Cash,Basic,6,21.4,1.6,50.0,1391.5,2382.35,2026-07-11 19:48:51.392507,Medium,Needs Improvement
2344,49,Female,West,Standard,1 Year,39,45.6,1913.13,Bank Transfer,Premium,1,21.4,5.0,32.0,505.16,1790.42,2026-07-04 19:48:51.392510,Medium,Excellent
2345,73,Male,East,Business,Monthly,76,51.94,50.0,Debit Card,Premium,3,1.0,2.7,6.0,920.75,979.32,2026-05-31 19:48:51.392514,Low,Good
2346,58,Male,East,Business,1 Year,74,88.07,1459.81,Bank Transfer,Premium,1,5.6,3.8,26.0,2077.45,1972.18,2026-07-27 19:48:51.392517,Low,Excellent
2347,20,Male,North,Standard,Monthly,23,41.45,1365.81,Cash,Premium,3,6.7,3.4,27.0,2040.45,2122.91,2026-06-20 19:48:51.392520,Low,Good
2348,45,Male,North,Basic,1 Year,31,44.8,2145.26,Cash,Basic,0,20.8,4.5,10.0,1676.18,1468.69,2026-08-20 19:48:51.392524,Low,Excellent
2349,27,Female,Central,Premium,1 Year,28,45.68,1011.38,Cash,Standard,4,1.0,3.5,28.000000000000004,1314.49,2448.9,2026-08-07 19:48:51.392528,Low,Needs Improvement
2350,68,Male,West,Basic,Monthly,23,60.0,50.0,Credit Card,Standard,4,12.5,2.3,69.0,405.61,3331.36,2026-07-31 19:48:51.392531,High,Needs Improvement
2351,52,Male,West,Premium,1 Year,1,89.95,1314.64,Debit Card,Standard,1,8.2,2.6,25.0,573.35,1357.68,2026-06-22 19:48:51.392534,Low,Excellent
2352,46,Male,East,Basic,Monthly,10,78.1,1466.08,Debit Card,Premium,1,10.5,2.5,12.0,1774.52,1250.9,2026-07-23 19:48:51.392538,Low,Excellent
2353,71,Female,East,Basic,2 Year,2,43.18,2058.9,Debit Card,Standard,4,2.8,4.0,55.00000000000001,1729.35,1821.07,2026-07-11 19:48:51.392541,Medium,Needs Improvement
2354,32,Male,Central,Standard,1 Year,8,110.33,777.68,Credit Card,Standard,1,11.0,5.0,17.0,1998.31,2889.1,2026-08-03 19:48:51.392545,Low,Excellent
2355,50,Female,West,Premium,Monthly,1,47.61,1762.56,Mobile Money,Standard,5,2.7,3.4,33.0,726.73,1125.88,2026-07-27 19:48:51.392549,Medium,Needs Improvement
2356,24,Male,North,Standard,Monthly,60,24.47,1917.63,Bank Transfer,Standard,3,9.0,4.5,9.0,1211.07,1332.97,2026-06-04 19:48:51.392552,Low,Good
2357,29,Male,South,Standard,2 Year,14,110.6,614.28,Bank Transfer,Basic,4,12.4,4.9,32.0,1456.41,1418.31,2026-08-03 19:48:51.392555,Medium,Needs Improvement
2358,66,Male,Central,Basic,Monthly,5,44.08,1453.6,Debit Card,Premium,1,12.2,4.2,14.000000000000002,1077.9,1851.07,2026-06-21 19:48:51.392559,Low,Excellent
2359,47,Female,South,Standard,Monthly,21,62.23,50.0,Debit Card,Basic,1,6.3,2.8,3.0,1954.15,1434.57,2026-06-05 19:48:51.392563,Low,Excellent
2360,38,Female,North,Standard,Monthly,5,61.65,1651.28,Mobile Money,Basic,2,4.3,5.0,39.0,947.74,2587.25,2026-06-08 19:48:51.392566,Medium,Good
2361,48,Male,North,Basic,Monthly,39,79.54,1377.91,Debit Card,Basic,0,2.2,2.8,49.0,1622.92,2071.83,2026-07-17 19:48:51.392570,Medium,Excellent
2362,41,Female,South,Basic,2 Year,8,20.0,209.04,Bank Transfer,Standard,2,1.0,4.2,36.0,1838.78,1561.58,2026-06-23 19:48:51.392573,Medium,Good
2363,37,Female,Central,Standard,1 Year,9,57.48,882.45,Credit Card,Premium,2,1.0,3.8,33.0,1418.13,651.22,2026-08-11 19:48:51.392577,Medium,Good
2364,54,Male,South,Basic,Monthly,48,55.83,2067.95,Debit Card,Premium,4,4.3,4.4,26.0,1092.98,1253.93,2026-08-15 19:48:51.392580,Low,Needs Improvement
2365,21,Female,Central,Standard,Monthly,19,100.34,1359.88,Credit Card,Standard,0,1.0,4.3,60.0,1344.01,1812.29,2026-07-15 19:48:51.392584,Medium,Excellent
2366,45,Male,Central,Standard,Monthly,52,51.41,653.76,Credit Card,Standard,6,1.0,4.8,27.0,2111.41,1527.62,2026-06-12 19:48:51.392587,Low,Needs Improvement
2367,61,Female,East,Standard,2 Year,12,56.98,585.77,Bank Transfer,Standard,4,1.7,3.9,19.0,1604.95,1415.85,2026-06-25 19:48:51.392591,Low,Needs Improvement
2368,37,Female,West,Basic,1 Year,10,84.0,2002.53,Credit Card,Premium,3,5.3,4.5,52.0,809.09,1982.09,2026-07-25 19:48:51.392594,Medium,Good
2369,41,Female,West,Business,1 Year,16,77.79,807.17,Cash,Basic,1,7.2,4.9,40.0,707.99,1719.26,2026-06-21 19:48:51.392597,Medium,Excellent
2370,67,Female,North,Standard,1 Year,1,46.9,1376.49,Bank Transfer,Standard,3,9.5,1.9,36.0,2025.65,100.0,2026-07-08 19:48:51.392601,Medium,Good
2371,66,Male,East,Standard,2 Year,4,75.71,869.62,Bank Transfer,Standard,1,5.3,5.0,39.0,1752.5,2895.3,2026-07-03 19:48:51.392605,Medium,Excellent
2372,68,Female,West,Business,2 Year,5,46.57,50.0,Credit Card,Basic,1,8.7,3.6,13.0,892.86,965.33,2026-08-13 19:48:51.392608,Low,Excellent
2373,49,Male,Central,Business,Monthly,40,85.08,677.41,Credit Card,Basic,4,15.9,4.2,40.0,1318.65,1463.31,2026-07-03 19:48:51.392612,Medium,Needs Improvement
2374,58,Male,Central,Basic,2 Year,31,60.99,2110.37,Debit Card,Standard,0,3.7,4.0,19.0,1120.7,1966.27,2026-08-23 19:48:51.392615,Low,Excellent
2375,53,Female,South,Standard,2 Year,5,33.58,2915.16,Cash,Premium,1,9.3,3.3,11.0,2337.37,2610.53,2026-07-04 19:48:51.392619,Low,Excellent
2376,70,Female,South,Premium,Monthly,7,20.0,581.3,Credit Card,Premium,0,8.6,3.7,37.0,1270.95,1804.21,2026-08-18 19:48:51.392622,Medium,Excellent
2377,51,Female,Central,Basic,2 Year,69,55.6,1466.66,Debit Card,Standard,1,8.1,4.0,60.0,1614.43,100.0,2026-06-04 19:48:51.392626,Medium,Excellent
2378,53,Male,Central,Basic,1 Year,2,45.41,3063.0,Credit Card,Premium,4,7.0,3.6,28.000000000000004,2496.64,2417.81,2026-07-01 19:48:51.392629,Low,Needs Improvement
2379,19,Female,South,Standard,1 Year,19,59.01,2160.76,Mobile Money,Basic,3,10.4,5.0,26.0,1206.55,2089.63,2026-08-04 19:48:51.392632,Low,Good
2380,32,Female,West,Business,Monthly,17,63.77,230.19,Bank Transfer,Standard,1,13.7,4.9,23.0,926.21,3159.85,2026-08-07 19:48:51.392636,Low,Excellent
2381,51,Male,North,Basic,1 Year,31,20.0,988.33,Credit Card,Standard,0,4.0,3.2,28.000000000000004,957.98,1679.63,2026-07-25 19:48:51.392639,Low,Excellent
2382,53,Male,South,Basic,Monthly,7,46.75,1406.15,Bank Transfer,Premium,0,8.5,5.0,31.0,921.67,1608.64,2026-07-18 19:48:51.392643,Medium,Excellent
2383,23,Male,West,Business,2 Year,65,61.77,2218.17,Cash,Premium,0,2.3,2.0,37.0,1741.67,2424.73,2026-06-09 19:48:51.392646,Medium,Excellent
2384,56,Male,West,Premium,2 Year,12,67.5,237.4,Debit Card,Basic,1,11.3,2.5,23.0,1193.27,2213.9,2026-08-01 19:48:51.392650,Low,Excellent
2385,59,Female,West,Standard,1 Year,8,84.96,1819.37,Credit Card,Premium,1,17.0,3.7,5.0,1073.38,1110.27,2026-06-03 19:48:51.392653,Low,Excellent
2386,68,Female,East,Standard,1 Year,9,89.26,1762.85,Credit Card,Basic,3,11.5,4.2,25.0,1558.52,100.0,2026-06-26 19:48:51.392657,Low,Good
2387,68,Female,East,Business,1 Year,10,59.03,956.81,Cash,Premium,2,5.4,2.9,45.0,1539.57,2342.69,2026-06-25 19:48:51.392660,Medium,Good
2388,71,Female,West,Standard,Monthly,5,61.3,2915.32,Bank Transfer,Basic,1,1.1,3.4,12.0,2116.56,1257.82,2026-06-21 19:48:51.392664,Low,Excellent
2389,29,Male,Central,Standard,1 Year,63,52.98,470.9,Debit Card,Premium,1,16.5,2.6,61.0,1359.36,2453.06,2026-07-06 19:48:51.392667,High,Excellent
2390,20,Female,East,Basic,1 Year,4,81.39,1491.28,Credit Card,Basic,3,13.5,3.4,59.0,1223.87,1452.88,2026-06-30 19:48:51.392671,Medium,Good
2391,62,Male,South,Standard,Monthly,51,55.39,1359.52,Cash,Standard,2,9.6,2.0,34.0,1892.43,2277.23,2026-07-30 19:48:51.392674,Medium,Good
2392,35,Female,East,Standard,Monthly,12,40.83,1500.81,Bank Transfer,Premium,1,15.3,3.4,34.0,3071.27,735.85,2026-08-18 19:48:51.392678,Medium,Excellent
2393,57,Male,Central,Basic,1 Year,7,23.44,2124.38,Credit Card,Premium,1,6.1,3.3,28.999999999999996,1508.18,2641.69,2026-06-27 19:48:51.392681,Low,Excellent
2394,38,Female,North,Business,Monthly,5,41.31,125.86,Credit Card,Premium,1,37.5,2.4,7.000000000000001,1265.02,3242.36,2026-07-08 19:48:51.392685,Low,Excellent
2395,32,Male,East,Business,2 Year,16,58.35,1326.82,Cash,Premium,4,14.5,5.0,33.0,2309.84,1745.49,2026-07-30 19:48:51.392688,Medium,Needs Improvement
2396,50,Male,West,Basic,Monthly,26,89.49,2775.63,Bank Transfer,Standard,2,1.4,4.5,34.0,918.28,1074.08,2026-07-31 19:48:51.392692,Medium,Good
2397,52,Female,West,Business,Monthly,54,66.14,1838.59,Credit Card,Premium,4,4.1,5.0,59.0,1408.37,1095.07,2026-06-24 19:48:51.392696,Medium,Needs Improvement
2398,43,Male,West,Basic,1 Year,25,67.86,671.3,Bank Transfer,Premium,3,1.5,3.9,35.0,868.39,1280.68,2026-07-02 19:48:51.392699,Medium,Good
2399,25,Female,North,Premium,1 Year,15,65.08,559.99,Debit Card,Standard,2,2.0,4.4,46.0,1377.02,886.85,2026-07-02 19:48:51.392703,Medium,Good
2400,53,Male,Central,Premium,1 Year,1,97.0,1614.22,Mobile Money,Standard,2,5.6,3.6,18.0,1862.22,679.76,2026-06-23 19:48:51.392706,Low,Good
2401,65,Female,South,Basic,1 Year,59,77.7,808.55,Credit Card,Premium,1,3.6,3.6,31.0,724.56,1686.91,2026-08-24 19:48:51.392710,Medium,Excellent
2402,47,Male,Central,Standard,1 Year,55,64.63,1085.75,Debit Card,Premium,0,19.2,4.7,31.0,2273.35,1859.02,2026-08-19 19:48:51.392713,Medium,Excellent
2403,40,Male,North,Basic,1 Year,11,50.03,605.23,Credit Card,Basic,1,1.0,2.9,59.0,1414.15,1061.9,2026-08-24 19:48:51.392717,Medium,Excellent
2404,59,Male,West,Business,Monthly,1,33.49,2859.17,Credit Card,Standard,6,1.0,3.6,16.0,851.84,735.29,2026-07-19 19:48:51.392720,Low,Needs Improvement
2405,61,Male,Central,Business,Monthly,31,106.31,1477.16,Credit Card,Premium,3,20.2,5.0,28.000000000000004,1248.25,1382.64,2026-07-30 19:48:51.392724,Low,Good
2406,31,Male,South,Basic,Monthly,37,85.09,1242.22,Credit Card,Basic,1,2.2,3.7,49.0,1079.92,1136.15,2026-07-27 19:48:51.392727,Medium,Excellent
2407,31,Male,West,Standard,Monthly,18,60.17,50.0,Credit Card,Premium,2,1.0,4.0,26.0,1209.26,100.0,2026-07-14 19:48:51.392731,Low,Good
2408,19,Male,South,Standard,Monthly,12,109.85,539.59,Mobile Money,Standard,2,4.6,5.0,26.0,300.0,2177.27,2026-08-08 19:48:51.392734,Low,Good
2409,72,Male,East,Premium,Monthly,45,64.81,1151.24,Mobile Money,Standard,1,1.7,5.0,4.0,300.0,494.75,2026-07-30 19:48:51.392738,Low,Excellent
2410,54,Female,South,Standard,2 Year,5,44.58,1152.2,Credit Card,Basic,2,1.0,5.0,66.0,849.21,2028.22,2026-06-08 19:48:51.392741,High,Good
2411,22,Female,West,Basic,Monthly,13,95.54,2528.71,Bank Transfer,Basic,1,6.0,2.5,16.0,1156.09,2090.12,2026-08-08 19:48:51.392745,Low,Excellent
2412,55,Male,East,Basic,Monthly,1,32.98,1299.02,Bank Transfer,Standard,2,1.2,3.2,16.0,2492.2,175.91,2026-07-27 19:48:51.392748,Low,Good
2413,62,Female,West,Standard,2 Year,4,54.98,2030.64,Credit Card,Standard,2,14.5,5.0,35.0,1248.34,3538.01,2026-06-03 19:48:51.392752,Medium,Good
2414,58,Female,West,Standard,Monthly,67,34.98,1343.44,Credit Card,Basic,1,2.9,3.6,31.0,1232.14,100.0,2026-07-30 19:48:51.392755,Medium,Excellent
2415,71,Male,East,Standard,Monthly,20,45.02,1888.81,Bank Transfer,Standard,1,2.0,4.5,21.0,708.9,1610.79,2026-07-16 19:48:51.392759,Low,Excellent
2416,64,Female,South,Standard,Monthly,39,70.0,50.0,Debit Card,Basic,0,10.8,4.8,40.0,1529.25,3338.79,2026-06-02 19:48:51.392762,Medium,Excellent
2417,31,Male,North,Basic,Monthly,15,73.43,194.8,Bank Transfer,Premium,1,15.1,5.0,18.0,959.57,781.95,2026-08-22 19:48:51.392766,Low,Excellent
2418,73,Female,North,Business,Monthly,43,37.45,1939.05,Bank Transfer,Premium,2,1.0,2.7,10.0,2215.7,3001.27,2026-08-13 19:48:51.392769,Low,Good
2419,56,Male,North,Business,Monthly,18,110.23,2397.23,Credit Card,Standard,5,1.3,4.1,22.0,1211.21,2048.08,2026-06-09 19:48:51.392773,Low,Needs Improvement
2420,42,Female,North,Basic,2 Year,1,20.0,50.0,Bank Transfer,Premium,0,5.1,3.8,25.0,1206.73,1485.99,2026-08-20 19:48:51.392776,Low,Excellent
2421,37,Female,Central,Premium,Monthly,55,68.24,1209.76,Credit Card,Premium,2,7.1,5.0,20.0,1687.51,1156.39,2026-08-05 19:48:51.392780,Low,Good
2422,19,Male,North,Premium,Monthly,3,68.88,50.0,Debit Card,Standard,2,1.0,3.1,20.0,1358.83,2396.28,2026-08-13 19:48:51.392783,Low,Good
2423,56,Male,East,Standard,1 Year,14,71.59,668.66,Bank Transfer,Basic,4,3.8,2.7,42.0,300.0,2083.22,2026-07-26 19:48:51.392787,Medium,Needs Improvement
2424,23,Female,North,Basic,Monthly,15,86.98,50.0,Mobile Money,Basic,1,18.2,5.0,16.0,1377.74,1194.09,2026-06-14 19:48:51.392790,Low,Excellent
2425,34,Male,West,Standard,Monthly,1,20.0,1105.25,Debit Card,Premium,3,16.7,5.0,61.0,1691.04,854.67,2026-07-02 19:48:51.392794,High,Good
2426,42,Female,North,Standard,2 Year,1,45.65,1052.41,Credit Card,Basic,2,3.0,5.0,56.99999999999999,1377.79,100.0,2026-05-31 19:48:51.392797,Medium,Good
2427,74,Female,South,Basic,2 Year,34,68.78,1042.71,Mobile Money,Basic,2,2.1,1.9,27.0,1635.62,2700.97,2026-07-19 19:48:51.392801,Low,Good
2428,45,Female,East,Basic,1 Year,8,107.58,965.88,Mobile Money,Basic,4,7.0,2.6,44.0,1908.15,500.78,2026-06-10 19:48:51.392804,Medium,Needs Improvement
2429,19,Female,East,Basic,Monthly,12,50.45,1707.93,Cash,Standard,1,1.0,2.7,34.0,1499.12,1175.58,2026-08-19 19:48:51.392808,Medium,Excellent
2430,52,Female,Central,Premium,2 Year,19,60.19,2571.57,Debit Card,Standard,2,2.1,5.0,15.0,2342.57,855.41,2026-07-26 19:48:51.392811,Low,Good
2431,54,Female,West,Business,Monthly,11,83.14,232.99,Credit Card,Standard,5,1.5,3.7,30.0,1932.7,673.56,2026-06-12 19:48:51.392815,Low,Needs Improvement
2432,22,Male,East,Standard,Monthly,35,34.76,527.59,Cash,Basic,0,1.9,4.2,64.0,833.84,929.87,2026-08-03 19:48:51.392818,High,Excellent
2433,18,Male,South,Business,Monthly,51,65.56,1303.52,Debit Card,Basic,2,1.9,3.4,31.0,1806.76,2964.06,2026-07-07 19:48:51.392822,Medium,Good
2434,57,Male,North,Premium,1 Year,1,62.37,985.58,Credit Card,Basic,3,7.9,2.2,21.0,1289.38,244.04,2026-05-30 19:48:51.392825,Low,Good
2435,29,Female,East,Business,Monthly,24,49.77,946.7,Debit Card,Standard,0,5.4,2.9,31.0,1015.67,1761.99,2026-08-01 19:48:51.392829,Medium,Excellent
2436,73,Female,South,Standard,1 Year,9,77.58,150.06,Credit Card,Standard,1,15.9,5.0,16.0,1903.74,2524.77,2026-07-06 19:48:51.392832,Low,Excellent
2437,53,Male,North,Standard,2 Year,21,118.92,835.42,Debit Card,Basic,1,10.6,3.8,67.0,1332.65,3535.83,2026-07-10 19:48:51.392836,High,Excellent
2438,62,Female,Central,Basic,Monthly,15,69.34,843.43,Debit Card,Basic,2,5.5,1.6,48.0,1035.76,446.75,2026-06-27 19:48:51.392839,Medium,Good
2439,40,Female,East,Premium,1 Year,9,20.0,1375.05,Cash,Premium,0,2.9,4.6,21.0,1611.97,852.13,2026-06-14 19:48:51.392843,Low,Excellent
2440,64,Male,East,Standard,Monthly,2,43.22,474.03,Bank Transfer,Premium,1,14.3,3.7,33.0,2150.51,100.0,2026-07-22 19:48:51.392846,Medium,Excellent
2441,48,Female,South,Premium,Monthly,19,101.98,1913.89,Debit Card,Basic,1,1.0,3.7,34.0,925.34,838.92,2026-08-19 19:48:51.392850,Medium,Excellent
2442,28,Male,West,Standard,Monthly,2,59.01,188.24,Debit Card,Standard,6,9.1,3.5,31.0,2597.88,1901.91,2026-07-06 19:48:51.392853,Medium,Needs Improvement
2443,27,Female,Central,Standard,1 Year,4,35.68,2443.35,Bank Transfer,Standard,4,1.0,2.4,31.0,994.86,1348.77,2026-05-30 19:48:51.392857,Medium,Needs Improvement
2444,20,Male,West,Standard,Monthly,96,83.86,545.82,Mobile Money,Basic,6,6.1,3.0,23.0,1258.75,3066.68,2026-07-03 19:48:51.392860,Low,Needs Improvement
2445,71,Female,East,Basic,2 Year,9,49.03,2353.82,Credit Card,Premium,3,18.6,5.0,41.0,1779.24,2384.64,2026-06-22 19:48:51.392864,Medium,Good
2446,31,Female,West,Basic,2 Year,21,65.88,600.07,Bank Transfer,Basic,3,2.2,4.9,18.0,1098.12,1130.55,2026-06-06 19:48:51.392867,Low,Good
2447,33,Male,North,Standard,2 Year,7,36.71,1864.46,Debit Card,Basic,1,1.0,4.6,6.0,2116.79,365.26,2026-07-24 19:48:51.392871,Low,Excellent
2448,27,Female,Central,Basic,Monthly,48,54.55,908.12,Bank Transfer,Basic,6,3.3,3.6,56.00000000000001,1080.59,1725.55,2026-06-24 19:48:51.392875,Medium,Needs Improvement
2449,46,Female,West,Standard,Monthly,7,64.25,1264.47,Debit Card,Premium,0,5.2,3.9,25.0,1506.58,1372.1,2026-06-15 19:48:51.392878,Low,Excellent
2450,27,Male,North,Basic,Monthly,10,62.48,1681.47,Credit Card,Premium,2,10.3,5.0,20.0,1848.62,2263.53,2026-07-12 19:48:51.392882,Low,Good
2451,29,Male,South,Standard,1 Year,22,74.37,933.15,Bank Transfer,Standard,5,1.0,3.9,18.0,1440.37,1423.98,2026-06-01 19:48:51.392885,Low,Needs Improvement
2452,47,Female,West,Standard,2 Year,48,70.03,50.0,Bank Transfer,Standard,1,1.1,4.1,47.0,1320.75,1907.75,2026-07-22 19:48:51.392889,Medium,Excellent
2453,58,Male,Central,Basic,1 Year,40,39.54,691.22,Credit Card,Basic,3,4.2,4.5,40.0,889.18,1501.98,2026-06-14 19:48:51.392892,Medium,Good
2454,18,Male,North,Premium,1 Year,7,107.15,795.58,Credit Card,Premium,4,1.0,2.3,28.000000000000004,1022.81,2167.34,2026-07-24 19:48:51.392896,Low,Needs Improvement
2455,22,Male,West,Standard,Monthly,42,61.08,2582.82,Credit Card,Basic,2,25.0,3.6,16.0,490.19,3055.62,2026-07-26 19:48:51.392899,Low,Good
2456,37,Male,South,Basic,2 Year,28,31.24,1162.23,Bank Transfer,Basic,4,5.7,2.3,25.0,300.0,830.34,2026-07-18 19:48:51.392903,Low,Needs Improvement
2457,25,Female,West,Basic,Monthly,110,20.0,1336.49,Debit Card,Premium,3,3.8,1.0,28.000000000000004,2289.04,1751.45,2026-07-18 19:48:51.392906,Low,Good
2458,60,Male,North,Premium,Monthly,65,66.88,1107.51,Mobile Money,Premium,2,31.2,2.0,13.0,1262.16,176.74,2026-07-09 19:48:51.392910,Low,Good
2459,29,Male,West,Standard,2 Year,18,41.84,1374.34,Credit Card,Standard,2,8.3,3.7,9.0,1267.61,2342.09,2026-07-19 19:48:51.392914,Low,Good
2460,18,Male,Central,Basic,1 Year,33,79.32,209.78,Debit Card,Standard,4,5.8,5.0,18.0,2419.51,1056.68,2026-08-17 19:48:51.392917,Low,Needs Improvement
2461,74,Male,East,Basic,Monthly,20,66.21,650.36,Debit Card,Premium,2,2.2,4.2,27.0,938.62,2743.92,2026-06-24 19:48:51.392920,Low,Good
2462,71,Female,North,Standard,Monthly,21,150.0,1730.03,Debit Card,Premium,3,2.3,4.4,26.0,923.92,1201.98,2026-07-18 19:48:51.392924,Low,Good
2463,37,Male,North,Basic,Monthly,2,33.48,1021.43,Debit Card,Premium,2,3.6,5.0,25.0,1504.97,2315.72,2026-07-04 19:48:51.392928,Low,Good
2464,45,Female,North,Basic,1 Year,1,91.44,1118.96,Debit Card,Basic,0,11.1,5.0,10.0,1017.02,1538.68,2026-06-22 19:48:51.392931,Low,Excellent
2465,74,Female,North,Premium,Monthly,1,37.76,1183.85,Credit Card,Premium,3,13.5,4.7,52.0,425.13,100.0,2026-07-21 19:48:51.392935,Medium,Good
2466,60,Male,West,Basic,2 Year,81,85.77,1750.47,Mobile Money,Basic,2,1.7,2.9,28.999999999999996,1029.97,890.48,2026-06-10 19:48:51.392938,Low,Good
2467,54,Female,Central,Business,Monthly,3,100.58,687.34,Credit Card,Standard,0,13.6,3.7,5.0,300.0,1442.74,2026-07-02 19:48:51.392942,Low,Excellent
2468,64,Male,South,Standard,Monthly,1,56.39,1279.94,Debit Card,Basic,2,3.2,5.0,24.0,2137.22,999.32,2026-05-30 19:48:51.392945,Low,Good
2469,54,Female,Central,Standard,Monthly,8,46.77,50.0,Credit Card,Basic,2,1.8,4.6,48.0,1264.73,2731.83,2026-07-10 19:48:51.392949,Medium,Good
2470,29,Female,North,Standard,Monthly,21,61.09,50.0,Bank Transfer,Standard,2,1.7,2.9,28.000000000000004,333.12,3124.33,2026-08-26 19:48:51.392952,Low,Good
2471,54,Male,West,Basic,1 Year,71,46.42,1001.07,Debit Card,Basic,1,5.0,4.2,5.0,1512.87,1183.38,2026-06-15 19:48:51.392956,Low,Excellent
2472,66,Male,West,Standard,1 Year,28,105.27,315.8,Credit Card,Basic,2,11.7,5.0,21.0,2033.55,1631.18,2026-07-06 19:48:51.392959,Low,Good
2473,66,Female,North,Basic,Monthly,7,60.06,1986.62,Credit Card,Basic,2,6.8,5.0,19.0,1860.44,139.88,2026-08-20 19:48:51.392963,Low,Good
2474,73,Male,West,Basic,1 Year,67,75.99,345.51,Credit Card,Premium,3,5.0,4.7,62.0,2028.65,1433.17,2026-06-26 19:48:51.392967,High,Good
2475,61,Male,North,Basic,2 Year,1,76.72,1097.78,Mobile Money,Basic,2,1.0,2.6,7.000000000000001,1107.15,2546.79,2026-08-23 19:48:51.392970,Low,Good
2476,73,Male,Central,Standard,Monthly,92,87.3,1841.94,Mobile Money,Basic,2,6.6,2.6,24.0,1765.91,931.77,2026-06-14 19:48:51.392973,Low,Good
2477,45,Male,East,Premium,Monthly,1,53.7,1594.62,Cash,Standard,4,9.0,3.9,16.0,1266.03,1224.49,2026-06-13 19:48:51.392977,Low,Needs Improvement
2478,64,Female,West,Standard,Monthly,33,84.18,764.21,Credit Card,Premium,3,1.0,5.0,20.0,1932.46,100.0,2026-06-13 19:48:51.392981,Low,Good
2479,32,Male,North,Basic,1 Year,1,97.53,888.09,Credit Card,Standard,3,25.0,4.5,23.0,1178.63,1019.88,2026-06-26 19:48:51.392984,Low,Good
2480,23,Male,North,Business,Monthly,64,61.11,1579.75,Credit Card,Premium,1,1.0,3.8,38.0,1783.47,100.0,2026-07-29 19:48:51.392987,Medium,Excellent
2481,61,Female,West,Basic,Monthly,2,31.68,1845.51,Credit Card,Basic,0,9.4,3.0,40.0,1238.45,100.0,2026-06-19 19:48:51.392991,Medium,Excellent
2482,37,Male,South,Basic,1 Year,1,99.21,2397.55,Bank Transfer,Standard,4,5.9,4.7,27.0,1371.25,3256.22,2026-06-24 19:48:51.392994,Low,Needs Improvement
2483,67,Male,North,Basic,2 Year,52,69.34,1844.16,Cash,Premium,1,17.2,5.0,12.0,1253.66,987.83,2026-06-19 19:48:51.392998,Low,Excellent
2484,31,Female,West,Standard,Monthly,2,65.1,1748.3,Credit Card,Standard,5,4.3,3.4,17.0,1329.54,2519.35,2026-08-08 19:48:51.393002,Low,Needs Improvement
2485,19,Male,North,Standard,Monthly,38,81.92,1474.09,Debit Card,Basic,1,5.7,3.5,34.0,1057.42,1091.91,2026-08-18 19:48:51.393005,Medium,Excellent
2486,26,Female,South,Basic,1 Year,32,100.73,1296.69,Debit Card,Standard,4,6.4,3.2,50.0,1907.76,944.63,2026-07-26 19:48:51.393008,Medium,Needs Improvement
2487,54,Female,East,Standard,Monthly,21,59.45,903.27,Mobile Money,Premium,2,16.6,2.5,13.0,1302.49,2122.52,2026-08-24 19:48:51.393012,Low,Good
2488,37,Male,South,Basic,Monthly,11,96.39,1598.76,Bank Transfer,Premium,2,12.9,1.9,79.0,1013.67,1923.58,2026-08-12 19:48:51.393016,High,Good
2489,43,Female,Central,Standard,1 Year,59,66.8,1010.84,Cash,Basic,0,2.6,4.7,16.0,1896.08,562.36,2026-07-28 19:48:51.393019,Low,Excellent
2490,46,Male,West,Basic,2 Year,49,80.6,1757.19,Bank Transfer,Basic,3,24.9,2.2,28.999999999999996,1169.06,679.35,2026-08-18 19:48:51.393023,Low,Good
2491,18,Male,South,Basic,2 Year,13,49.83,1777.88,Bank Transfer,Premium,3,11.2,4.9,51.0,1643.08,594.09,2026-06-30 19:48:51.393026,Medium,Good
2492,72,Female,East,Premium,Monthly,6,58.65,1576.18,Credit Card,Basic,2,1.0,1.1,45.0,739.15,2439.04,2026-06-24 19:48:51.393029,Medium,Good
2493,52,Female,North,Premium,1 Year,7,92.12,702.18,Cash,Standard,1,1.6,4.6,21.0,1971.41,2727.05,2026-07-19 19:48:51.393033,Low,Excellent
2494,23,Male,West,Basic,Monthly,5,20.0,1129.37,Bank Transfer,Basic,1,15.5,3.3,22.0,791.31,2264.41,2026-07-18 19:48:51.393037,Low,Excellent
2495,54,Female,South,Business,Monthly,18,82.51,2067.08,Debit Card,Basic,0,8.3,4.2,10.0,1665.85,1598.27,2026-08-07 19:48:51.393040,Low,Excellent
2496,70,Female,East,Standard,2 Year,48,74.49,50.0,Debit Card,Premium,0,2.4,3.5,31.0,1829.59,1223.33,2026-07-31 19:48:51.393044,Medium,Excellent
2497,22,Female,South,Standard,2 Year,35,106.53,1352.06,Credit Card,Premium,2,1.5,3.3,70.0,1463.05,1858.61,2026-08-19 19:48:51.393054,High,Good
2498,50,Female,Central,Premium,Monthly,38,90.15,1805.64,Credit Card,Standard,2,1.3,2.5,25.0,884.49,1885.13,2026-08-07 19:48:51.393057,Low,Good
2499,66,Male,West,Premium,Monthly,14,69.42,1547.7,Credit Card,Basic,0,3.1,3.8,20.0,676.92,1026.02,2026-06-08 19:48:51.393061,Low,Excellent
2500,68,Male,North,Basic,Monthly,9,33.2,2855.49,Cash,Premium,2,18.3,5.0,18.0,1347.01,1001.55,2026-06-26 19:48:51.393064,Low,Good
2501,31,Female,East,Standard,1 Year,33,50.49,50.0,Mobile Money,Basic,0,3.5,4.7,55.00000000000001,1825.13,1650.65,2026-06-25 19:48:51.393068,Medium,Excellent
2502,29,Male,South,Standard,2 Year,37,59.33,253.08,Mobile Money,Standard,0,8.6,2.4,22.0,1121.8,2129.21,2026-08-21 19:48:51.393072,Low,Excellent
2503,59,Female,West,Basic,Monthly,28,102.3,1345.86,Bank Transfer,Basic,4,1.0,3.4,47.0,527.42,654.97,2026-07-10 19:48:51.393075,Medium,Needs Improvement
2504,37,Male,South,Business,Monthly,1,85.02,1945.57,Debit Card,Standard,2,6.1,3.3,28.000000000000004,2101.94,2269.28,2026-08-09 19:48:51.393079,Low,Good
2505,70,Male,West,Business,Monthly,21,45.12,1245.89,Credit Card,Standard,1,3.4,4.4,49.0,1036.53,1409.15,2026-08-25 19:48:51.393082,Medium,Excellent
2506,67,Male,Central,Basic,Monthly,10,75.07,2254.4,Credit Card,Premium,1,1.4,2.0,49.0,951.84,1134.54,2026-06-07 19:48:51.393086,Medium,Excellent
2507,41,Female,South,Basic,1 Year,5,53.53,738.2,Cash,Premium,0,12.8,5.0,44.0,1305.76,1952.33,2026-06-03 19:48:51.393089,Medium,Excellent
2508,60,Male,Central,Standard,2 Year,28,48.85,981.71,Credit Card,Standard,3,13.5,5.0,15.0,1938.42,1664.95,2026-08-18 19:48:51.393093,Low,Good
2509,51,Female,East,Basic,Monthly,7,80.71,1810.15,Bank Transfer,Basic,1,2.9,4.0,32.0,1546.26,100.0,2026-06-06 19:48:51.393096,Medium,Excellent
2510,42,Male,Central,Basic,Monthly,58,61.39,917.01,Bank Transfer,Basic,1,8.5,3.5,28.999999999999996,1377.47,2847.13,2026-08-05 19:48:51.393100,Low,Excellent
2511,67,Male,West,Premium,Monthly,8,35.89,1949.51,Debit Card,Basic,4,4.0,5.0,43.0,1923.42,1180.94,2026-06-21 19:48:51.393103,Medium,Needs Improvement
2512,46,Male,East,Business,Monthly,19,85.67,1755.81,Cash,Premium,6,1.0,2.5,37.0,1418.28,1621.7,2026-08-17 19:48:51.393106,Medium,Needs Improvement
2513,74,Female,South,Basic,Monthly,42,68.8,866.93,Credit Card,Basic,4,4.5,5.0,44.0,1311.53,1951.78,2026-06-06 19:48:51.393110,Medium,Needs Improvement
2514,56,Male,South,Business,1 Year,12,55.84,1439.65,Mobile Money,Basic,1,6.9,2.7,22.0,1817.54,1368.02,2026-07-08 19:48:51.393114,Low,Excellent
2515,48,Male,West,Premium,Monthly,42,102.31,817.59,Bank Transfer,Standard,2,2.8,5.0,4.0,1369.53,622.99,2026-08-08 19:48:51.393117,Low,Good
2516,73,Male,North,Basic,Monthly,30,91.6,486.19,Cash,Basic,2,23.8,1.5,38.0,978.56,2032.91,2026-08-08 19:48:51.393121,Medium,Good
2517,64,Male,North,Standard,1 Year,60,68.04,886.95,Cash,Premium,2,6.5,3.0,36.0,1876.25,1555.22,2026-07-04 19:48:51.393124,Medium,Good
2518,60,Female,South,Standard,Monthly,9,22.2,1056.45,Credit Card,Standard,2,3.7,4.3,43.0,2087.3,2672.28,2026-08-05 19:48:51.393128,Medium,Good
2519,67,Female,West,Business,1 Year,2,92.76,1289.37,Debit Card,Basic,1,10.6,4.7,28.999999999999996,1551.77,429.08,2026-05-30 19:48:51.393131,Low,Excellent
2520,40,Male,North,Standard,1 Year,13,52.91,1113.06,Mobile Money,Standard,5,3.3,3.2,32.0,1742.88,1472.17,2026-08-20 19:48:51.393135,Medium,Needs Improvement
2521,61,Female,Central,Standard,2 Year,36,61.05,50.0,Credit Card,Standard,1,1.0,5.0,26.0,1703.3,1285.11,2026-08-24 19:48:51.393138,Low,Excellent
2522,55,Female,South,Business,Monthly,14,57.43,1992.68,Debit Card,Premium,4,1.0,2.5,48.0,362.97,3727.26,2026-08-14 19:48:51.393142,Medium,Needs Improvement
2523,37,Male,Central,Business,1 Year,7,32.61,50.0,Bank Transfer,Premium,3,2.9,2.5,10.0,1300.73,659.19,2026-06-24 19:48:51.393145,Low,Good
2524,40,Female,West,Standard,Monthly,1,76.31,1351.07,Bank Transfer,Basic,1,1.4,2.2,43.0,1322.37,1345.61,2026-06-10 19:48:51.393149,Medium,Excellent
2525,62,Female,Central,Basic,2 Year,9,43.93,607.22,Bank Transfer,Basic,2,3.5,4.1,22.0,1246.87,1684.5,2026-08-09 19:48:51.393152,Low,Good
2526,69,Male,North,Basic,1 Year,29,75.02,1316.84,Bank Transfer,Standard,0,11.7,3.6,28.999999999999996,2059.42,1993.91,2026-08-01 19:48:51.393156,Low,Excellent
2527,33,Male,North,Business,Monthly,3,41.6,1020.68,Bank Transfer,Standard,3,3.0,2.3,18.0,1175.73,100.0,2026-08-11 19:48:51.393159,Low,Good
2528,67,Female,East,Basic,Monthly,10,53.64,1478.18,Bank Transfer,Basic,2,6.6,4.0,50.0,1511.23,1576.99,2026-08-01 19:48:51.393163,Medium,Good
2529,59,Female,South,Basic,2 Year,1,74.13,1616.36,Cash,Premium,1,20.2,2.4,31.0,734.11,1445.71,2026-07-17 19:48:51.393167,Medium,Excellent
2530,72,Male,West,Basic,2 Year,30,68.09,2030.32,Debit Card,Standard,3,9.6,4.1,26.0,1870.68,1485.53,2026-08-12 19:48:51.393170,Low,Good
2531,25,Male,South,Standard,2 Year,51,80.54,1818.51,Credit Card,Standard,2,6.6,4.9,47.0,940.85,2676.16,2026-06-01 19:48:51.393174,Medium,Good
2532,67,Male,Central,Premium,2 Year,20,82.43,1233.11,Debit Card,Basic,2,16.1,2.5,27.0,2284.17,1110.55,2026-06-12 19:48:51.393177,Low,Good
2533,38,Female,West,Basic,2 Year,1,98.31,1954.56,Cash,Basic,2,3.2,3.3,39.0,2292.15,1730.08,2026-05-31 19:48:51.393181,Medium,Good
2534,18,Female,West,Premium,1 Year,5,64.98,792.95,Credit Card,Standard,0,1.8,5.0,8.0,1548.26,1041.66,2026-07-09 19:48:51.393184,Low,Excellent
2535,72,Female,North,Premium,Monthly,13,95.17,2544.72,Bank Transfer,Premium,1,11.0,3.2,3.0,1757.89,1426.22,2026-08-22 19:48:51.393188,Low,Excellent
2536,25,Male,Central,Standard,Monthly,21,56.94,724.49,Debit Card,Premium,3,1.0,3.2,38.0,1236.61,1608.4,2026-07-01 19:48:51.393191,Medium,Good
2537,46,Female,North,Basic,1 Year,16,84.45,824.18,Cash,Standard,3,4.4,5.0,35.0,1223.27,2065.08,2026-08-14 19:48:51.393195,Medium,Good
2538,49,Female,North,Business,Monthly,59,93.09,50.0,Cash,Standard,0,2.7,5.0,54.0,602.28,100.0,2026-06-13 19:48:51.393198,Medium,Excellent
2539,55,Male,East,Standard,1 Year,66,92.99,665.8,Mobile Money,Standard,3,28.4,3.3,22.0,480.54,3362.42,2026-07-22 19:48:51.393202,Low,Good
2540,22,Male,North,Business,Monthly,2,28.53,986.36,Credit Card,Basic,2,3.8,4.6,31.0,804.27,1316.18,2026-06-13 19:48:51.393205,Medium,Good
2541,64,Female,South,Basic,1 Year,3,20.0,982.15,Credit Card,Standard,2,8.7,1.0,9.0,2126.32,100.0,2026-08-06 19:48:51.393209,Low,Good
2542,39,Female,West,Standard,Monthly,10,78.88,2546.32,Credit Card,Premium,2,2.5,3.0,50.0,1201.05,3232.31,2026-08-06 19:48:51.393212,Medium,Good
2543,64,Female,North,Business,Monthly,13,65.06,1668.0,Debit Card,Standard,3,32.7,3.4,16.0,2012.53,1655.11,2026-07-13 19:48:51.393216,Low,Good
2544,51,Female,South,Business,Monthly,21,72.01,1951.21,Credit Card,Basic,0,1.6,3.2,67.0,1399.91,1742.2,2026-07-01 19:48:51.393219,High,Excellent
2545,18,Male,Central,Standard,Monthly,35,67.29,1200.1,Debit Card,Standard,1,19.0,2.9,49.0,1401.78,422.28,2026-06-29 19:48:51.393223,Medium,Excellent
2546,72,Female,West,Premium,2 Year,3,56.52,639.13,Credit Card,Standard,2,4.7,4.5,43.0,1249.46,100.0,2026-08-21 19:48:51.393226,Medium,Good
2547,72,Female,Central,Premium,1 Year,38,79.31,2943.12,Mobile Money,Standard,4,4.5,3.4,72.0,1608.93,2496.6,2026-06-25 19:48:51.393230,High,Needs Improvement
2548,43,Female,South,Standard,2 Year,22,73.47,1119.26,Mobile Money,Premium,3,9.7,3.6,19.0,1402.58,2115.48,2026-08-09 19:48:51.393233,Low,Good
2549,60,Female,Central,Standard,Monthly,94,62.38,1715.58,Debit Card,Basic,2,1.0,3.3,17.0,1302.1,1847.66,2026-08-01 19:48:51.393237,Low,Good
2550,27,Female,Central,Basic,Monthly,25,65.72,441.97,Cash,Standard,3,6.3,3.2,32.0,1767.33,485.73,2026-07-23 19:48:51.393241,Medium,Good
2551,47,Male,Central,Premium,Monthly,30,80.42,263.51,Credit Card,Premium,1,2.0,4.6,30.0,1412.04,931.35,2026-08-11 19:48:51.393244,Low,Excellent
2552,67,Female,North,Standard,Monthly,5,50.15,2396.66,Credit Card,Standard,1,1.4,4.6,19.0,1070.5,3341.74,2026-08-15 19:48:51.393248,Low,Excellent
2553,35,Male,North,Standard,Monthly,35,37.21,1546.0,Credit Card,Premium,3,16.8,4.7,21.0,1068.48,334.82,2026-07-29 19:48:51.393251,Low,Good
2554,34,Male,North,Premium,Monthly,1,36.82,1022.04,Cash,Basic,4,47.3,3.8,19.0,1744.35,180.14,2026-06-15 19:48:51.393255,Low,Needs Improvement
2555,43,Male,West,Standard,2 Year,25,52.29,1049.09,Debit Card,Basic,3,28.4,3.8,25.0,300.0,1771.91,2026-07-12 19:48:51.393258,Low,Good
2556,25,Male,South,Premium,2 Year,1,102.11,371.91,Cash,Basic,2,13.8,3.4,14.000000000000002,576.77,1780.54,2026-08-27 19:48:51.393261,Low,Good
2557,64,Female,North,Basic,2 Year,2,68.32,751.15,Credit Card,Premium,2,20.2,4.8,24.0,1968.83,1347.58,2026-07-20 19:48:51.393265,Low,Good
2558,57,Female,Central,Standard,2 Year,2,48.02,1540.57,Mobile Money,Premium,2,20.6,2.9,38.0,1829.72,1507.32,2026-06-28 19:48:51.393268,Medium,Good
2559,66,Female,Central,Standard,Monthly,1,70.06,1236.52,Debit Card,Basic,3,1.6,3.9,20.0,1103.33,742.89,2026-06-03 19:48:51.393272,Low,Good
2560,29,Female,Central,Premium,1 Year,9,38.89,1802.25,Bank Transfer,Basic,3,1.0,3.7,10.0,1860.35,100.0,2026-06-19 19:48:51.393275,Low,Good
2561,44,Male,Central,Business,Monthly,120,60.35,50.0,Cash,Basic,3,1.1,2.6,15.0,1394.83,1042.72,2026-07-29 19:48:51.393279,Low,Good
2562,25,Female,East,Standard,Monthly,10,54.74,1339.44,Cash,Standard,1,1.4,3.5,31.0,1146.48,714.25,2026-08-25 19:48:51.393283,Medium,Excellent
2563,42,Male,West,Standard,1 Year,34,31.92,1823.87,Mobile Money,Basic,9,13.8,3.5,43.0,1506.27,3002.05,2026-08-07 19:48:51.393286,Medium,Needs Improvement
2564,63,Male,South,Business,2 Year,3,92.33,50.0,Credit Card,Basic,4,22.7,4.9,21.0,1077.72,2274.62,2026-07-05 19:48:51.393290,Low,Needs Improvement
2565,21,Female,South,Premium,1 Year,14,55.58,372.79,Bank Transfer,Standard,1,3.5,4.1,15.0,1119.14,1483.84,2026-07-30 19:48:51.393293,Low,Excellent
2566,50,Male,North,Business,2 Year,4,64.04,50.0,Mobile Money,Premium,1,1.0,4.7,24.0,953.24,245.15,2026-07-13 19:48:51.393297,Low,Excellent
2567,18,Male,East,Standard,Monthly,5,82.42,2237.22,Debit Card,Standard,2,2.9,2.0,37.0,1570.82,100.0,2026-07-12 19:48:51.393301,Medium,Good
2568,36,Female,South,Business,Monthly,2,73.79,1257.68,Bank Transfer,Premium,0,9.8,2.7,48.0,1437.83,1763.54,2026-06-14 19:48:51.393304,Medium,Excellent
2569,48,Female,West,Standard,Monthly,13,66.93,1312.91,Credit Card,Standard,2,22.9,5.0,20.0,1217.06,1678.22,2026-08-15 19:48:51.393307,Low,Good
2570,33,Male,Central,Business,2 Year,1,59.05,2107.57,Credit Card,Basic,3,4.8,2.8,42.0,1445.11,1388.53,2026-06-05 19:48:51.393311,Medium,Good
2571,31,Female,North,Standard,2 Year,57,83.2,1111.36,Bank Transfer,Standard,2,3.3,4.0,7.000000000000001,987.63,2721.64,2026-06-23 19:48:51.393315,Low,Good
2572,70,Female,West,Business,1 Year,14,64.82,680.12,Debit Card,Standard,3,8.5,3.1,31.0,1148.23,540.66,2026-08-10 19:48:51.393318,Medium,Good
2573,65,Female,South,Standard,Monthly,43,68.6,1336.96,Credit Card,Standard,0,1.9,4.7,27.0,1347.11,2304.24,2026-08-08 19:48:51.393322,Low,Excellent
2574,22,Male,East,Premium,Monthly,93,92.82,1544.18,Credit Card,Basic,2,11.6,3.4,35.0,2076.06,1456.98,2026-07-14 19:48:51.393325,Medium,Good
2575,58,Female,North,Business,Monthly,27,94.24,295.33,Bank Transfer,Basic,3,4.3,3.6,42.0,1077.43,1131.04,2026-08-14 19:48:51.393328,Medium,Good
2576,43,Female,South,Standard,2 Year,55,71.72,2453.13,Bank Transfer,Premium,4,30.3,2.8,30.0,1316.32,1281.18,2026-06-17 19:48:51.393332,Low,Needs Improvement
2577,45,Female,North,Standard,Monthly,3,67.62,50.0,Credit Card,Basic,6,21.8,3.3,40.0,1630.67,1573.0,2026-05-30 19:48:51.393336,Medium,Needs Improvement
2578,19,Female,South,Standard,Monthly,42,81.4,1461.16,Cash,Standard,1,8.8,4.8,60.0,1603.5,1527.49,2026-07-15 19:48:51.393339,Medium,Excellent
2579,67,Male,Central,Basic,Monthly,7,58.71,2538.96,Credit Card,Basic,2,8.4,3.7,9.0,1185.25,908.21,2026-08-07 19:48:51.393343,Low,Good
2580,23,Male,East,Basic,2 Year,15,58.77,1296.83,Bank Transfer,Premium,0,1.1,2.5,6.0,945.43,2520.37,2026-08-05 19:48:51.393346,Low,Excellent
2581,26,Male,Central,Business,1 Year,24,63.43,50.0,Credit Card,Premium,2,2.6,4.7,36.0,1561.76,2679.26,2026-06-19 19:48:51.393350,Medium,Good
2582,50,Male,South,Basic,1 Year,56,39.54,2389.28,Debit Card,Premium,2,15.8,2.9,42.0,2103.38,1068.24,2026-06-06 19:48:51.393353,Medium,Good
2583,58,Female,West,Standard,Monthly,58,124.06,815.03,Bank Transfer,Standard,1,3.6,4.1,50.0,1662.92,1302.45,2026-08-02 19:48:51.393357,Medium,Excellent
2584,42,Male,Central,Business,Monthly,2,55.01,1824.7,Bank Transfer,Standard,2,4.4,3.4,43.0,300.0,517.17,2026-08-25 19:48:51.393360,Medium,Good
2585,65,Female,West,Basic,Monthly,10,76.69,1535.14,Mobile Money,Basic,1,14.7,5.0,37.0,1775.71,3391.18,2026-06-23 19:48:51.393364,Medium,Excellent
2586,30,Female,South,Basic,2 Year,37,64.58,1187.02,Mobile Money,Basic,3,4.5,5.0,6.0,1813.38,2437.38,2026-06-18 19:48:51.393367,Low,Good
2587,26,Male,East,Basic,2 Year,29,82.2,50.0,Credit Card,Basic,1,15.2,3.9,17.0,927.75,870.73,2026-08-15 19:48:51.393371,Low,Excellent
2588,70,Male,West,Business,Monthly,1,55.4,1525.56,Bank Transfer,Standard,2,1.0,1.0,7.000000000000001,2094.21,3029.78,2026-08-14 19:48:51.393374,Low,Good
2589,30,Female,South,Premium,Monthly,14,70.42,1790.48,Debit Card,Premium,0,9.4,3.5,1.0,1189.14,257.84,2026-06-15 19:48:51.393378,Low,Excellent
2590,48,Female,West,Standard,2 Year,42,43.74,50.0,Mobile Money,Basic,0,1.0,3.2,10.0,1864.27,1247.84,2026-06-05 19:48:51.393381,Low,Excellent
2591,58,Male,Central,Standard,1 Year,32,95.36,2539.67,Bank Transfer,Standard,3,12.5,3.7,43.0,1885.93,1354.24,2026-08-22 19:48:51.393385,Medium,Good
2592,28,Male,South,Business,Monthly,12,81.54,891.06,Credit Card,Standard,3,6.4,4.8,30.0,1559.91,1145.09,2026-08-07 19:48:51.393388,Low,Good
2593,21,Female,Central,Basic,Monthly,31,29.59,2653.12,Bank Transfer,Basic,1,6.5,3.1,14.000000000000002,2245.03,575.38,2026-06-15 19:48:51.393392,Low,Excellent
2594,51,Female,North,Standard,1 Year,19,65.35,1733.62,Cash,Basic,2,3.8,3.7,15.0,1636.81,2016.91,2026-06-18 19:48:51.393395,Low,Good
2595,55,Male,South,Standard,1 Year,58,30.24,1218.94,Credit Card,Basic,1,18.7,4.2,31.0,1574.8,2911.24,2026-08-25 19:48:51.393399,Medium,Excellent
2596,63,Female,West,Standard,2 Year,21,45.01,1283.81,Debit Card,Premium,6,5.7,4.4,34.0,770.55,1070.77,2026-07-01 19:48:51.393402,Medium,Needs Improvement
2597,21,Male,North,Standard,2 Year,12,88.02,1987.87,Bank Transfer,Premium,2,2.4,4.2,39.0,895.26,100.0,2026-08-16 19:48:51.393406,Medium,Good
2598,55,Male,Central,Premium,Monthly,47,20.0,2422.39,Credit Card,Basic,4,13.9,2.8,32.0,2740.92,417.73,2026-07-12 19:48:51.393409,Medium,Needs Improvement
2599,36,Male,Central,Basic,1 Year,1,91.13,422.51,Bank Transfer,Premium,5,23.7,5.0,46.0,352.84,1767.18,2026-06-06 19:48:51.393413,Medium,Needs Improvement
2600,23,Male,West,Standard,Monthly,55,74.47,721.14,Credit Card,Premium,4,2.2,4.0,41.0,1429.65,656.89,2026-08-11 19:48:51.393416,Medium,Needs Improvement
2601,51,Male,North,Premium,1 Year,28,63.0,2526.42,Cash,Standard,2,7.4,1.6,47.0,1170.41,639.14,2026-08-08 19:48:51.393420,Medium,Good
2602,35,Female,East,Basic,1 Year,67,86.95,494.27,Mobile Money,Basic,1,7.1,2.5,57.99999999999999,1773.86,1426.3,2026-07-03 19:48:51.393423,Medium,Excellent
2603,30,Male,West,Basic,1 Year,6,132.57,1217.71,Cash,Premium,1,7.5,3.6,39.0,1710.47,1402.56,2026-08-17 19:48:51.393427,Medium,Excellent
2604,58,Male,Central,Basic,2 Year,28,31.77,650.17,Debit Card,Basic,4,6.6,4.3,32.0,1067.9,160.59,2026-06-02 19:48:51.393430,Medium,Needs Improvement
2605,40,Male,South,Basic,1 Year,39,107.34,1791.37,Credit Card,Premium,4,1.0,4.8,23.0,1442.3,1790.14,2026-07-29 19:48:51.393434,Low,Needs Improvement
2606,36,Female,North,Standard,2 Year,29,89.16,50.0,Debit Card,Standard,2,4.3,5.0,19.0,381.55,1170.03,2026-07-22 19:48:51.393437,Low,Good
2607,62,Male,East,Basic,Monthly,5,47.38,1787.73,Debit Card,Basic,3,34.0,3.7,8.0,2318.11,1556.84,2026-06-23 19:48:51.393441,Low,Good
2608,28,Male,South,Premium,Monthly,7,78.12,2128.29,Cash,Standard,2,1.0,3.9,34.0,1222.88,1855.16,2026-08-27 19:48:51.393445,Medium,Good
2609,18,Female,North,Basic,1 Year,20,37.2,1725.97,Mobile Money,Premium,2,8.9,2.3,23.0,2061.2,461.46,2026-08-09 19:48:51.393448,Low,Good
2610,41,Female,West,Standard,2 Year,14,52.68,534.84,Bank Transfer,Standard,3,18.0,4.0,6.0,876.95,100.0,2026-07-05 19:48:51.393451,Low,Good
2611,71,Male,West,Premium,Monthly,31,20.0,50.0,Bank Transfer,Standard,0,1.8,4.2,9.0,1773.89,2043.67,2026-08-03 19:48:51.393455,Low,Excellent
2612,24,Female,North,Standard,Monthly,11,31.29,658.01,Cash,Standard,2,13.0,4.9,3.0,1270.62,516.18,2026-06-20 19:48:51.393458,Low,Good
2613,42,Female,East,Standard,Monthly,47,74.54,1721.42,Mobile Money,Premium,4,2.2,4.9,41.0,1667.53,1862.97,2026-08-02 19:48:51.393462,Medium,Needs Improvement
2614,38,Female,North,Standard,1 Year,13,76.76,1180.35,Bank Transfer,Basic,3,1.0,4.1,11.0,1038.49,986.09,2026-07-20 19:48:51.393465,Low,Good
2615,32,Male,South,Premium,2 Year,1,76.48,1903.05,Debit Card,Premium,3,5.9,4.2,26.0,1107.52,2153.59,2026-08-03 19:48:51.393469,Low,Good
2616,18,Female,South,Basic,1 Year,1,80.9,1023.02,Debit Card,Standard,4,9.9,4.0,20.0,1599.14,2091.78,2026-08-21 19:48:51.393472,Low,Needs Improvement
2617,29,Male,West,Premium,2 Year,24,67.96,982.53,Mobile Money,Standard,1,1.8,3.7,48.0,622.1,1456.75,2026-06-23 19:48:51.393476,Medium,Excellent
2618,24,Female,North,Standard,1 Year,18,81.96,2480.15,Mobile Money,Basic,3,1.0,4.2,44.0,2497.66,2874.62,2026-07-05 19:48:51.393479,Medium,Good
2619,32,Female,West,Basic,Monthly,18,91.83,647.62,Credit Card,Standard,3,6.4,3.2,42.0,1262.11,1923.92,2026-08-12 19:48:51.393483,Medium,Good
2620,38,Male,East,Standard,1 Year,37,71.16,1717.25,Debit Card,Standard,1,1.3,2.3,9.0,1450.69,890.28,2026-07-26 19:48:51.393486,Low,Excellent
2621,36,Female,South,Standard,1 Year,11,54.14,1827.27,Mobile Money,Standard,2,1.6,2.9,15.0,2281.94,2762.06,2026-07-12 19:48:51.393490,Low,Good
2622,46,Male,Central,Premium,2 Year,120,61.37,3097.11,Bank Transfer,Premium,3,9.7,4.0,17.0,2236.81,1241.97,2026-06-29 19:48:51.393493,Low,Good
2623,42,Female,Central,Standard,Monthly,69,44.09,2524.56,Bank Transfer,Basic,1,7.6,4.4,9.0,1681.91,852.96,2026-06-05 19:48:51.393497,Low,Excellent
2624,50,Male,North,Basic,Monthly,1,86.28,1639.22,Debit Card,Basic,1,23.5,5.0,31.0,1317.87,1424.31,2026-08-09 19:48:51.393501,Medium,Excellent
2625,66,Male,North,Basic,Monthly,54,24.86,1767.8,Bank Transfer,Standard,5,3.1,5.0,32.0,889.88,1063.73,2026-07-02 19:48:51.393504,Medium,Needs Improvement
2626,49,Male,Central,Basic,1 Year,27,61.02,2209.5,Bank Transfer,Basic,2,1.9,4.3,51.0,2853.31,100.0,2026-07-25 19:48:51.393507,Medium,Good
2627,66,Female,North,Premium,Monthly,16,79.23,686.73,Debit Card,Standard,3,8.5,2.6,65.0,1821.87,1991.86,2026-06-20 19:48:51.393511,High,Good
2628,52,Male,South,Business,1 Year,20,39.5,2609.15,Cash,Standard,3,28.6,3.2,20.0,300.0,2120.92,2026-06-02 19:48:51.393515,Low,Good
2629,61,Male,East,Business,2 Year,44,30.05,1175.04,Bank Transfer,Premium,1,6.5,5.0,11.0,1755.54,1533.23,2026-07-12 19:48:51.393518,Low,Excellent
2630,55,Male,East,Standard,Monthly,72,20.0,1745.39,Mobile Money,Standard,1,2.8,4.9,21.0,1108.59,2196.02,2026-07-30 19:48:51.393522,Low,Excellent
2631,43,Female,West,Business,1 Year,19,57.89,1489.18,Credit Card,Standard,1,19.3,4.2,17.0,354.34,2249.6,2026-08-24 19:48:51.393525,Low,Excellent
2632,28,Female,South,Business,2 Year,4,36.41,594.39,Mobile Money,Basic,0,7.5,2.5,6.0,1370.12,2341.58,2026-08-06 19:48:51.393529,Low,Excellent
2633,52,Male,North,Standard,1 Year,24,86.92,895.21,Bank Transfer,Basic,1,1.9,4.7,16.0,950.86,913.55,2026-06-10 19:48:51.393533,Low,Excellent
2634,25,Male,North,Business,Monthly,1,26.21,562.09,Debit Card,Standard,3,23.9,3.8,27.0,1630.77,1774.86,2026-07-31 19:48:51.393536,Low,Good
2635,63,Male,West,Standard,Monthly,24,78.22,1375.42,Credit Card,Premium,2,2.6,4.1,21.0,785.58,973.43,2026-07-17 19:48:51.393539,Low,Good
2636,31,Male,West,Basic,1 Year,39,32.45,50.0,Debit Card,Standard,1,18.3,5.0,31.0,1267.25,302.87,2026-06-01 19:48:51.393543,Medium,Excellent
2637,27,Male,North,Standard,Monthly,10,27.17,408.83,Debit Card,Standard,1,7.6,3.4,67.0,2513.3,100.0,2026-07-12 19:48:51.393546,High,Excellent
2638,19,Female,North,Basic,1 Year,1,34.91,845.3,Credit Card,Standard,0,5.6,1.7,15.0,1377.62,2918.58,2026-07-09 19:48:51.393550,Low,Excellent
2639,63,Male,South,Basic,2 Year,28,91.88,1073.81,Bank Transfer,Standard,1,3.2,4.8,44.0,1910.03,1446.25,2026-06-12 19:48:51.393553,Medium,Excellent
2640,26,Male,West,Business,1 Year,9,34.93,2364.67,Debit Card,Basic,3,1.0,2.4,24.0,1368.07,499.9,2026-08-15 19:48:51.393557,Low,Good
2641,20,Male,South,Premium,Monthly,6,93.55,1995.97,Mobile Money,Standard,2,2.2,1.8,55.00000000000001,806.45,431.97,2026-08-16 19:48:51.393560,Medium,Good
2642,38,Female,North,Premium,Monthly,28,70.07,1106.16,Bank Transfer,Basic,4,3.2,4.7,3.0,300.0,100.0,2026-08-04 19:48:51.393564,Low,Needs Improvement
2643,43,Female,Central,Business,2 Year,83,52.04,2651.52,Debit Card,Standard,2,2.7,3.9,22.0,1737.11,1637.15,2026-08-01 19:48:51.393567,Low,Good
2644,25,Female,Central,Standard,2 Year,32,38.69,1468.49,Debit Card,Premium,3,1.0,3.0,51.0,1374.1,3276.28,2026-07-08 19:48:51.393571,Medium,Good
2645,65,Male,North,Basic,Monthly,16,112.61,1739.3,Cash,Basic,3,6.9,4.2,24.0,1917.01,903.08,2026-07-17 19:48:51.393574,Low,Good
2646,19,Male,West,Basic,Monthly,22,50.29,50.0,Cash,Standard,0,5.2,5.0,28.000000000000004,1452.59,908.64,2026-08-02 19:48:51.393578,Low,Excellent
2647,23,Male,Central,Premium,1 Year,3,50.4,446.6,Debit Card,Standard,3,1.0,5.0,24.0,2570.78,171.6,2026-07-14 19:48:51.393581,Low,Good
2648,45,Male,West,Basic,Monthly,40,101.28,2038.12,Bank Transfer,Standard,1,5.0,4.6,48.0,1069.93,2018.12,2026-07-06 19:48:51.393585,Medium,Excellent
2649,70,Female,Central,Business,Monthly,22,105.71,1723.81,Cash,Basic,1,1.0,2.7,18.0,1591.18,1693.36,2026-06-04 19:48:51.393589,Low,Excellent
2650,46,Female,West,Basic,Monthly,81,61.5,2636.18,Cash,Standard,0,21.5,1.9,25.0,1485.8,1368.48,2026-07-04 19:48:51.393592,Low,Excellent
2651,43,Female,Central,Business,Monthly,93,94.61,2574.0,Credit Card,Premium,6,2.4,4.7,27.0,1741.59,1864.59,2026-08-14 19:48:51.393595,Low,Needs Improvement
2652,42,Female,West,Premium,Monthly,10,49.69,775.44,Bank Transfer,Basic,3,10.3,3.1,71.0,769.67,125.99,2026-07-23 19:48:51.393599,High,Good
2653,29,Male,South,Standard,Monthly,107,121.17,2120.89,Bank Transfer,Basic,3,2.3,2.6,20.0,945.62,100.0,2026-07-09 19:48:51.393602,Low,Good
2654,22,Female,West,Basic,Monthly,75,32.22,413.94,Credit Card,Standard,4,5.1,4.2,23.0,864.14,301.72,2026-06-15 19:48:51.393606,Low,Needs Improvement
2655,51,Male,South,Business,1 Year,24,42.15,50.0,Mobile Money,Basic,2,21.7,3.4,37.0,1947.44,519.17,2026-06-25 19:48:51.393610,Medium,Good
2656,65,Male,South,Business,1 Year,9,97.82,1455.26,Debit Card,Premium,5,16.4,3.7,59.0,2685.2,1572.59,2026-08-14 19:48:51.393613,Medium,Needs Improvement
2657,54,Female,North,Basic,Monthly,33,57.77,1812.31,Debit Card,Premium,3,12.1,3.6,35.0,837.0,810.03,2026-06-08 19:48:51.393616,Medium,Good
2658,32,Male,South,Basic,2 Year,7,99.3,1467.79,Credit Card,Basic,1,12.5,5.0,25.0,1535.92,2797.18,2026-08-26 19:48:51.393620,Low,Excellent
2659,61,Male,East,Premium,Monthly,23,53.35,1964.93,Debit Card,Standard,1,13.9,4.9,65.0,1547.69,2899.79,2026-05-30 19:48:51.393624,High,Excellent
2660,53,Male,South,Basic,Monthly,1,81.48,734.7,Credit Card,Premium,1,10.9,2.9,8.0,674.44,1008.26,2026-06-08 19:48:51.393627,Low,Excellent
2661,32,Female,West,Business,Monthly,23,47.68,2015.05,Cash,Basic,2,18.2,3.7,5.0,1915.87,1355.96,2026-07-26 19:48:51.393631,Low,Good
2662,60,Female,South,Standard,1 Year,72,63.11,784.08,Debit Card,Premium,1,3.4,4.3,27.0,1498.85,648.33,2026-07-11 19:48:51.393634,Low,Excellent
2663,65,Male,West,Standard,Monthly,6,32.99,3111.06,Credit Card,Basic,2,6.0,2.9,8.0,664.57,1759.66,2026-06-26 19:48:51.393637,Low,Good
2664,40,Female,West,Standard,Monthly,36,63.8,1884.84,Credit Card,Basic,4,8.3,5.0,28.000000000000004,1261.97,2268.57,2026-08-27 19:48:51.393641,Low,Needs Improvement
2665,23,Male,East,Standard,1 Year,8,43.05,2461.86,Debit Card,Basic,3,1.8,2.3,42.0,1974.44,2237.6,2026-07-22 19:48:51.393645,Medium,Good
2666,63,Male,South,Standard,1 Year,29,116.81,204.44,Bank Transfer,Basic,1,5.6,4.7,17.0,1840.59,1223.16,2026-07-11 19:48:51.393648,Low,Excellent
2667,67,Female,South,Standard,1 Year,28,56.98,863.44,Mobile Money,Standard,3,1.1,4.8,25.0,1714.48,1008.37,2026-08-26 19:48:51.393652,Low,Good
2668,61,Female,Central,Basic,1 Year,4,35.06,1131.43,Cash,Premium,2,7.6,4.4,48.0,1731.83,911.74,2026-08-14 19:48:51.393656,Medium,Good
2669,60,Female,Central,Basic,2 Year,21,82.3,270.66,Bank Transfer,Basic,8,1.0,5.0,27.0,490.46,2874.58,2026-07-31 19:48:51.393659,Low,Needs Improvement
2670,62,Male,North,Standard,Monthly,47,34.8,2491.7,Debit Card,Basic,6,5.6,2.2,24.0,1768.78,1013.36,2026-07-18 19:48:51.393662,Low,Needs Improvement
2671,38,Female,West,Premium,Monthly,11,86.92,1245.4,Debit Card,Standard,1,5.0,3.4,40.0,2568.84,2268.87,2026-08-10 19:48:51.393666,Medium,Excellent
2672,40,Female,East,Standard,2 Year,29,51.05,50.0,Bank Transfer,Basic,2,1.0,1.8,4.0,643.99,1199.88,2026-06-09 19:48:51.393669,Low,Good
2673,60,Female,Central,Basic,1 Year,26,64.06,802.66,Debit Card,Basic,1,4.6,4.2,18.0,1718.16,100.0,2026-07-01 19:48:51.393673,Low,Excellent
2674,72,Male,South,Standard,1 Year,7,60.26,301.36,Bank Transfer,Premium,2,9.1,3.4,21.0,1824.02,1411.04,2026-08-17 19:48:51.393677,Low,Good
2675,33,Female,North,Standard,Monthly,60,58.66,1796.14,Debit Card,Standard,4,7.2,5.0,31.0,1508.81,158.26,2026-06-17 19:48:51.393680,Medium,Needs Improvement
2676,64,Female,East,Business,Monthly,19,66.56,1685.61,Credit Card,Premium,1,4.9,5.0,14.000000000000002,2067.94,987.86,2026-07-24 19:48:51.393683,Low,Excellent
2677,70,Male,South,Standard,Monthly,10,48.42,1718.08,Debit Card,Basic,1,3.6,4.6,24.0,2198.96,711.74,2026-06-06 19:48:51.393687,Low,Excellent
2678,32,Male,South,Business,Monthly,4,37.7,1984.53,Credit Card,Standard,2,1.0,5.0,16.0,2771.75,1555.23,2026-07-11 19:48:51.393690,Low,Good
2679,42,Male,West,Basic,Monthly,15,65.97,2957.77,Credit Card,Standard,4,25.0,3.0,24.0,1778.22,1009.3,2026-07-27 19:48:51.393694,Low,Needs Improvement
2680,53,Female,West,Standard,Monthly,31,55.06,2651.63,Debit Card,Premium,1,4.1,4.4,5.0,961.15,718.29,2026-06-17 19:48:51.393697,Low,Excellent
2681,28,Female,Central,Business,1 Year,23,33.03,841.68,Bank Transfer,Basic,5,4.3,1.4,24.0,1680.77,2086.98,2026-06-30 19:48:51.393701,Low,Needs Improvement
2682,68,Female,Central,Standard,Monthly,31,80.36,2903.54,Credit Card,Premium,1,1.1,2.9,21.0,968.3,1033.71,2026-07-15 19:48:51.393704,Low,Excellent
2683,32,Female,South,Basic,Monthly,37,64.59,1039.77,Credit Card,Basic,3,6.1,4.7,25.0,1688.45,1615.7,2026-07-08 19:48:51.393708,Low,Good
2684,21,Female,South,Business,Monthly,13,37.83,1283.94,Debit Card,Premium,2,31.0,5.0,46.0,804.19,1580.36,2026-08-16 19:48:51.393711,Medium,Good
2685,38,Male,Central,Standard,Monthly,17,59.06,1256.91,Credit Card,Basic,0,2.3,5.0,13.0,637.53,747.06,2026-08-10 19:48:51.393715,Low,Excellent
2686,30,Male,Central,Standard,Monthly,103,61.39,1731.76,Cash,Standard,1,3.0,3.5,24.0,1525.36,1439.36,2026-05-30 19:48:51.393718,Low,Excellent
2687,39,Female,South,Basic,Monthly,82,39.23,50.0,Mobile Money,Basic,1,2.2,4.6,11.0,307.15,875.46,2026-07-21 19:48:51.393722,Low,Excellent
2688,36,Male,East,Business,Monthly,12,144.06,1219.92,Mobile Money,Standard,3,16.1,3.6,23.0,2178.09,1332.94,2026-06-19 19:48:51.393725,Low,Good
2689,51,Male,South,Standard,1 Year,27,64.81,1436.29,Bank Transfer,Basic,0,5.2,3.1,18.0,1534.26,1016.83,2026-08-15 19:48:51.393729,Low,Excellent
2690,31,Female,East,Basic,Monthly,7,59.5,50.0,Cash,Standard,2,13.9,5.0,43.0,2051.58,1805.75,2026-08-21 19:48:51.393733,Medium,Good
2691,21,Male,East,Basic,1 Year,3,125.92,50.0,Bank Transfer,Standard,0,15.2,2.7,52.0,1952.91,1972.35,2026-06-18 19:48:51.393736,Medium,Excellent
2692,65,Male,South,Standard,2 Year,35,76.41,539.42,Debit Card,Standard,1,11.1,3.4,6.0,1885.22,100.0,2026-06-13 19:48:51.393739,Low,Excellent
2693,70,Male,North,Basic,1 Year,13,95.22,607.57,Bank Transfer,Basic,2,2.4,5.0,26.0,1583.47,572.44,2026-07-24 19:48:51.393743,Low,Good
2694,69,Male,Central,Standard,Monthly,4,67.36,1234.31,Debit Card,Premium,4,1.0,1.5,13.0,1366.68,667.81,2026-08-26 19:48:51.393746,Low,Needs Improvement
2695,63,Female,West,Standard,Monthly,34,66.61,1093.54,Bank Transfer,Basic,1,1.2,2.6,9.0,1691.49,1194.28,2026-06-22 19:48:51.393750,Low,Excellent
2696,44,Female,South,Standard,1 Year,59,43.62,2139.21,Mobile Money,Premium,1,9.6,3.1,44.0,876.65,2768.57,2026-06-04 19:48:51.393754,Medium,Excellent
2697,46,Female,East,Premium,2 Year,64,81.72,896.03,Debit Card,Premium,1,10.8,3.4,21.0,1310.74,100.0,2026-08-01 19:48:51.393757,Low,Excellent
2698,64,Male,South,Standard,2 Year,21,111.22,910.95,Bank Transfer,Standard,1,11.6,4.6,10.0,1234.17,1910.53,2026-08-17 19:48:51.393760,Low,Excellent
2699,45,Female,Central,Standard,Monthly,15,104.43,2003.11,Credit Card,Basic,0,2.2,3.8,18.0,1632.18,2282.53,2026-06-07 19:48:51.393764,Low,Excellent
2700,52,Female,East,Basic,1 Year,3,34.74,50.0,Cash,Basic,4,1.3,3.4,13.0,1553.59,968.82,2026-08-21 19:48:51.393768,Low,Needs Improvement
2701,25,Female,West,Basic,2 Year,37,111.49,2618.88,Credit Card,Standard,1,20.5,2.9,8.0,1332.08,1669.31,2026-08-26 19:48:51.393771,Low,Excellent
2702,33,Male,West,Standard,2 Year,69,44.32,50.0,Cash,Basic,2,8.7,3.4,52.0,2331.31,2021.77,2026-07-01 19:48:51.393775,Medium,Good
2703,59,Female,West,Business,Monthly,52,41.48,2016.69,Bank Transfer,Standard,3,10.8,3.1,61.0,2203.69,911.3,2026-05-30 19:48:51.393778,High,Good
2704,53,Female,North,Business,Monthly,33,42.85,1875.33,Debit Card,Premium,1,1.0,5.0,9.0,2492.44,606.35,2026-06-17 19:48:51.393781,Low,Excellent
2705,47,Female,East,Business,Monthly,1,55.22,2452.19,Debit Card,Premium,2,4.3,4.3,63.0,613.04,3365.68,2026-06-01 19:48:51.393785,High,Good
2706,35,Female,East,Standard,Monthly,12,20.0,628.48,Debit Card,Standard,2,1.0,5.0,20.0,1732.75,746.77,2026-07-02 19:48:51.393788,Low,Good
2707,19,Male,North,Business,1 Year,12,66.32,1233.66,Mobile Money,Premium,2,8.6,1.5,38.0,1184.07,1571.12,2026-08-27 19:48:51.393792,Medium,Good
2708,66,Female,East,Standard,2 Year,53,58.51,278.67,Credit Card,Basic,1,5.4,5.0,28.000000000000004,777.54,547.6,2026-07-07 19:48:51.393795,Low,Excellent
2709,30,Male,North,Standard,2 Year,1,66.04,1150.96,Credit Card,Premium,2,4.8,4.0,53.0,1890.83,2330.65,2026-07-12 19:48:51.393799,Medium,Good
2710,21,Female,South,Basic,Monthly,18,52.6,1118.07,Credit Card,Basic,2,18.7,3.4,28.000000000000004,2578.81,100.0,2026-06-07 19:48:51.393802,Low,Good
2711,43,Male,Central,Basic,1 Year,3,25.2,2442.9,Debit Card,Basic,1,10.8,2.5,30.0,732.38,1340.9,2026-07-25 19:48:51.393806,Low,Excellent
2712,42,Male,West,Standard,Monthly,26,58.49,1630.05,Debit Card,Basic,6,26.7,3.1,43.0,1294.65,1124.36,2026-08-21 19:48:51.393809,Medium,Needs Improvement
2713,47,Male,North,Business,1 Year,37,95.51,1172.88,Bank Transfer,Basic,4,1.0,5.0,15.0,507.95,1348.86,2026-08-05 19:48:51.393813,Low,Needs Improvement
2714,28,Female,North,Standard,1 Year,24,39.75,1162.54,Cash,Standard,1,7.7,3.7,69.0,1595.23,3025.1,2026-06-08 19:48:51.393816,High,Excellent
2715,24,Male,North,Premium,Monthly,37,43.07,832.68,Mobile Money,Premium,1,8.0,3.9,10.0,1008.53,1615.82,2026-07-03 19:48:51.393820,Low,Excellent
2716,48,Female,South,Business,Monthly,22,76.37,1008.74,Mobile Money,Basic,2,1.0,2.5,30.0,1675.76,100.0,2026-06-19 19:48:51.393823,Low,Good
2717,61,Female,North,Business,Monthly,5,34.05,1265.7,Bank Transfer,Standard,1,12.4,4.7,32.0,2251.33,977.27,2026-06-26 19:48:51.393827,Medium,Excellent
2718,27,Male,Central,Premium,Monthly,11,70.65,2751.12,Credit Card,Basic,3,1.3,1.1,42.0,1918.69,1010.25,2026-06-15 19:48:51.393831,Medium,Good
2719,56,Male,Central,Business,2 Year,75,76.1,1521.44,Debit Card,Basic,5,9.7,3.9,11.0,2058.79,2853.06,2026-08-04 19:48:51.393834,Low,Needs Improvement
2720,30,Male,West,Business,Monthly,8,50.92,371.73,Credit Card,Basic,2,1.0,3.0,20.0,1375.23,1161.68,2026-07-16 19:48:51.393837,Low,Good
2721,48,Female,South,Premium,Monthly,1,46.26,3286.43,Credit Card,Premium,1,7.6,5.0,24.0,1888.43,1118.64,2026-07-14 19:48:51.393841,Low,Excellent
2722,24,Female,Central,Standard,Monthly,11,29.77,2027.58,Debit Card,Standard,3,5.9,4.0,27.0,300.0,2084.13,2026-07-31 19:48:51.393844,Low,Good
2723,73,Male,East,Basic,2 Year,10,45.22,1977.58,Mobile Money,Standard,0,5.3,4.4,9.0,1796.96,4243.58,2026-07-28 19:48:51.393848,Low,Excellent
2724,66,Male,East,Basic,Monthly,15,79.19,1027.2,Bank Transfer,Standard,2,3.7,3.2,3.0,2049.86,100.0,2026-07-05 19:48:51.393851,Low,Good
2725,59,Female,East,Premium,Monthly,19,85.96,1838.02,Cash,Premium,3,4.4,4.2,20.0,1099.02,940.74,2026-07-26 19:48:51.393855,Low,Good
2726,59,Female,North,Standard,1 Year,117,66.59,1443.44,Credit Card,Standard,2,5.2,4.0,23.0,1277.25,590.64,2026-06-25 19:48:51.393858,Low,Good
2727,73,Female,North,Basic,Monthly,33,49.64,112.57,Debit Card,Standard,1,2.8,4.0,49.0,1676.72,989.86,2026-07-27 19:48:51.393862,Medium,Excellent
2728,53,Female,East,Premium,Monthly,1,66.83,1562.91,Mobile Money,Standard,5,21.9,4.1,38.0,300.89,1530.89,2026-06-14 19:48:51.393866,Medium,Needs Improvement
2729,37,Male,West,Basic,1 Year,29,44.54,196.05,Debit Card,Standard,1,26.8,3.6,25.0,799.84,3309.88,2026-06-14 19:48:51.393869,Low,Excellent
2730,21,Male,West,Standard,Monthly,41,69.48,1438.43,Debit Card,Basic,3,2.9,4.1,45.0,300.0,2638.72,2026-08-24 19:48:51.393872,Medium,Good
2731,71,Male,North,Basic,2 Year,54,83.67,1513.06,Mobile Money,Basic,3,12.1,3.2,38.0,1684.89,963.65,2026-06-19 19:48:51.393876,Medium,Good
2732,24,Male,East,Basic,1 Year,13,53.37,470.15,Debit Card,Premium,1,11.1,2.9,7.000000000000001,2123.89,2687.54,2026-07-27 19:48:51.393879,Low,Excellent
2733,71,Male,West,Standard,1 Year,9,44.92,1294.05,Cash,Basic,2,16.7,3.2,23.0,1192.12,2115.15,2026-05-30 19:48:51.393883,Low,Good
2734,18,Male,North,Standard,Monthly,43,52.81,1675.57,Credit Card,Standard,6,1.0,4.9,46.0,1673.26,2655.48,2026-07-27 19:48:51.393887,Medium,Needs Improvement
2735,61,Male,East,Business,2 Year,36,92.19,789.95,Mobile Money,Standard,1,3.3,3.3,8.0,1659.99,2835.08,2026-07-20 19:48:51.393890,Low,Excellent
2736,73,Female,South,Premium,1 Year,18,134.78,1565.73,Credit Card,Premium,2,1.3,5.0,30.0,1763.42,100.0,2026-07-30 19:48:51.393893,Low,Good
2737,62,Female,East,Standard,Monthly,3,81.21,2217.84,Credit Card,Basic,1,4.0,4.3,34.0,2240.34,917.42,2026-06-20 19:48:51.393897,Medium,Excellent
2738,59,Female,East,Business,Monthly,25,63.17,1873.72,Debit Card,Standard,3,6.9,4.3,18.0,1738.27,1794.65,2026-06-22 19:48:51.393900,Low,Good
2739,64,Female,Central,Premium,Monthly,1,40.66,952.07,Debit Card,Standard,2,19.2,2.7,52.0,499.87,1301.25,2026-07-27 19:48:51.393904,Medium,Good
2740,30,Male,Central,Business,1 Year,2,39.11,2362.55,Debit Card,Standard,1,14.6,4.8,20.0,1817.66,2047.46,2026-08-14 19:48:51.393908,Low,Excellent
2741,72,Female,South,Basic,2 Year,9,75.69,1802.32,Mobile Money,Standard,2,5.5,3.4,3.0,2479.72,552.32,2026-08-04 19:48:51.393911,Low,Good
2742,39,Male,South,Premium,1 Year,11,45.5,1064.71,Mobile Money,Standard,0,1.0,1.0,65.0,644.93,1855.83,2026-07-26 19:48:51.393915,High,Excellent
2743,71,Female,East,Business,1 Year,14,90.56,706.57,Debit Card,Premium,3,2.9,4.7,24.0,964.32,1195.2,2026-08-03 19:48:51.393918,Low,Good
2744,38,Male,West,Standard,Monthly,9,49.92,1694.98,Debit Card,Basic,2,1.0,4.8,43.0,656.53,1559.27,2026-06-16 19:48:51.393922,Medium,Good
2745,39,Female,South,Standard,1 Year,1,100.58,2068.29,Debit Card,Basic,0,8.4,3.2,11.0,983.6,3221.5,2026-08-04 19:48:51.393925,Low,Excellent
2746,45,Male,East,Business,2 Year,4,54.77,2107.27,Credit Card,Premium,1,9.5,4.6,28.999999999999996,3115.46,1478.97,2026-07-21 19:48:51.393929,Low,Excellent
2747,26,Male,North,Basic,Monthly,2,93.34,1693.04,Bank Transfer,Basic,3,8.4,2.0,16.0,1257.0,2009.01,2026-06-19 19:48:51.393932,Low,Good
2748,43,Female,Central,Standard,Monthly,13,81.83,927.23,Credit Card,Standard,1,2.6,3.7,28.999999999999996,520.27,1189.57,2026-07-05 19:48:51.393936,Low,Excellent
2749,26,Male,West,Standard,Monthly,5,86.17,1654.5,Cash,Standard,1,20.2,5.0,47.0,516.39,100.0,2026-07-22 19:48:51.393939,Medium,Excellent
2750,32,Female,East,Premium,Monthly,8,63.29,511.33,Debit Card,Basic,3,7.1,2.8,62.0,510.22,1481.78,2026-06-28 19:48:51.393943,High,Good
2751,27,Female,North,Standard,1 Year,15,48.39,1432.02,Bank Transfer,Basic,1,7.3,1.8,15.0,1702.89,2031.56,2026-07-05 19:48:51.393946,Low,Excellent
2752,41,Female,Central,Basic,2 Year,6,90.24,2638.64,Mobile Money,Standard,1,13.5,3.7,38.0,1784.33,2122.86,2026-07-19 19:48:51.393950,Medium,Excellent
2753,74,Female,North,Business,Monthly,6,109.83,394.03,Credit Card,Basic,3,1.0,5.0,28.999999999999996,754.35,1047.25,2026-08-14 19:48:51.393953,Low,Good
2754,59,Female,East,Standard,Monthly,42,39.94,757.21,Debit Card,Standard,4,1.9,1.8,32.0,1408.63,843.7,2026-07-20 19:48:51.393957,Medium,Needs Improvement
2755,25,Male,South,Premium,Monthly,19,76.89,1957.41,Credit Card,Standard,0,7.1,3.6,23.0,1859.11,3114.42,2026-08-08 19:48:51.393960,Low,Excellent
2756,41,Female,Central,Basic,2 Year,46,76.79,498.89,Debit Card,Standard,2,7.5,4.9,31.0,2155.18,3478.1,2026-08-21 19:48:51.393964,Medium,Good
2757,33,Female,North,Premium,Monthly,17,69.15,2427.78,Bank Transfer,Basic,2,5.0,4.8,46.0,999.38,100.0,2026-06-02 19:48:51.393967,Medium,Good
2758,66,Female,South,Basic,Monthly,57,100.78,1980.9,Credit Card,Basic,0,12.1,4.0,42.0,2205.74,1638.67,2026-07-04 19:48:51.393970,Medium,Excellent
2759,43,Male,West,Business,Monthly,7,45.61,2014.28,Bank Transfer,Standard,2,3.4,3.4,15.0,1508.58,1967.49,2026-07-07 19:48:51.393974,Low,Good
2760,44,Female,East,Standard,Monthly,23,92.46,2110.29,Debit Card,Standard,3,1.0,4.3,21.0,821.0,1895.57,2026-06-25 19:48:51.393978,Low,Good
2761,54,Female,East,Standard,2 Year,16,58.07,166.07,Debit Card,Standard,0,3.3,5.0,3.0,2245.49,2207.77,2026-06-27 19:48:51.393981,Low,Excellent
2762,21,Female,Central,Premium,Monthly,60,20.0,334.69,Cash,Standard,3,27.0,3.1,44.0,1290.51,1862.18,2026-08-07 19:48:51.393985,Medium,Good
2763,67,Male,North,Standard,1 Year,13,28.56,2256.08,Debit Card,Basic,0,12.1,4.9,9.0,1169.68,169.03,2026-06-23 19:48:51.393988,Low,Excellent
2764,41,Male,West,Business,1 Year,46,65.89,954.47,Debit Card,Standard,2,3.1,4.7,34.0,1311.28,1405.43,2026-08-01 19:48:51.393992,Medium,Good
2765,36,Male,Central,Premium,Monthly,19,95.5,1142.17,Debit Card,Premium,1,2.0,3.6,7.000000000000001,2160.19,1759.17,2026-06-25 19:48:51.393995,Low,Excellent
2766,53,Female,Central,Basic,Monthly,29,92.03,1766.31,Bank Transfer,Basic,2,13.3,2.3,28.999999999999996,1733.45,284.64,2026-07-29 19:48:51.393999,Low,Good
2767,56,Female,North,Premium,2 Year,52,67.63,1321.05,Debit Card,Basic,1,1.8,2.8,18.0,1942.0,504.02,2026-06-04 19:48:51.394002,Low,Excellent
2768,27,Male,West,Standard,1 Year,120,36.37,2064.55,Mobile Money,Premium,1,6.9,5.0,19.0,1061.96,403.14,2026-07-21 19:48:51.394006,Low,Excellent
2769,42,Male,North,Business,1 Year,31,34.81,1662.8,Credit Card,Basic,3,5.7,5.0,15.0,301.92,100.0,2026-06-02 19:48:51.394009,Low,Good
2770,35,Male,East,Business,1 Year,9,75.51,1041.78,Credit Card,Standard,0,4.4,4.3,51.0,1898.37,1820.45,2026-08-07 19:48:51.394013,Medium,Excellent
2771,36,Male,South,Standard,2 Year,8,63.94,1124.05,Bank Transfer,Basic,3,4.4,5.0,27.0,1607.17,562.01,2026-07-21 19:48:51.394016,Low,Good
2772,53,Female,East,Standard,Monthly,8,89.27,1406.68,Credit Card,Premium,2,9.7,3.9,55.00000000000001,794.21,1679.37,2026-06-16 19:48:51.394023,Medium,Good
2773,27,Female,East,Business,Monthly,2,56.7,1511.96,Credit Card,Standard,1,1.0,2.3,7.000000000000001,1248.54,875.08,2026-06-05 19:48:51.394027,Low,Excellent
2774,50,Male,Central,Standard,Monthly,1,45.7,1843.79,Credit Card,Basic,2,4.0,2.1,12.0,2046.01,2971.04,2026-07-26 19:48:51.394030,Low,Good
2775,72,Female,East,Business,Monthly,20,58.04,1332.44,Cash,Standard,4,27.6,2.3,48.0,1031.4,1134.3,2026-07-03 19:48:51.394033,Medium,Needs Improvement
2776,67,Male,West,Basic,Monthly,39,64.67,1132.34,Credit Card,Basic,1,12.0,4.3,33.0,831.37,1294.21,2026-06-09 19:48:51.394037,Medium,Excellent
2777,22,Female,East,Business,2 Year,1,20.0,1055.96,Credit Card,Basic,3,1.0,3.2,10.0,1508.54,1261.08,2026-06-06 19:48:51.394040,Low,Good
2778,64,Male,West,Business,2 Year,20,76.82,854.3,Mobile Money,Premium,1,4.7,3.1,3.0,1056.82,987.01,2026-06-07 19:48:51.394044,Low,Excellent
2779,66,Male,North,Basic,Monthly,11,68.57,2483.85,Cash,Standard,2,1.0,3.8,32.0,1313.75,262.96,2026-07-31 19:48:51.394047,Medium,Good
2780,52,Male,Central,Premium,Monthly,53,88.68,501.43,Bank Transfer,Premium,1,5.3,5.0,81.0,2205.7,1938.12,2026-06-02 19:48:51.394051,High,Excellent
2781,61,Female,West,Business,Monthly,3,84.5,191.63,Cash,Premium,2,1.0,5.0,26.0,779.63,1968.62,2026-07-01 19:48:51.394054,Low,Good
2782,51,Female,East,Standard,2 Year,19,92.08,1913.11,Mobile Money,Premium,0,3.9,4.2,23.0,571.79,497.2,2026-07-01 19:48:51.394058,Low,Excellent
2783,50,Female,Central,Basic,Monthly,84,107.02,1585.12,Debit Card,Basic,2,6.3,4.9,28.999999999999996,780.18,1405.46,2026-06-16 19:48:51.394061,Low,Good
2784,72,Male,Central,Basic,1 Year,10,68.49,2851.52,Debit Card,Basic,1,3.7,4.8,50.0,1936.05,2839.56,2026-07-09 19:48:51.394065,Medium,Excellent
2785,38,Male,West,Basic,2 Year,32,20.0,1133.26,Bank Transfer,Standard,3,6.9,4.3,52.0,1121.75,2172.66,2026-06-05 19:48:51.394068,Medium,Good
2786,34,Male,West,Standard,Monthly,51,86.53,1176.82,Debit Card,Basic,0,33.6,2.5,5.0,1763.73,1929.65,2026-08-08 19:48:51.394082,Low,Excellent
2787,39,Female,South,Standard,2 Year,4,94.98,541.08,Credit Card,Standard,0,2.3,4.5,30.0,893.69,755.46,2026-06-09 19:48:51.394086,Low,Excellent
2788,65,Male,South,Standard,Monthly,117,59.31,1280.59,Cash,Standard,1,6.7,3.2,14.000000000000002,1050.66,1826.81,2026-07-22 19:48:51.394089,Low,Excellent
2789,54,Female,Central,Business,1 Year,39,20.0,50.0,Bank Transfer,Standard,0,5.1,3.0,4.0,736.74,766.89,2026-06-09 19:48:51.394093,Low,Excellent
2790,32,Female,South,Basic,Monthly,3,91.0,50.0,Mobile Money,Standard,1,13.3,4.4,39.0,1713.47,2554.34,2026-06-14 19:48:51.394096,Medium,Excellent
2791,52,Female,East,Premium,Monthly,8,64.52,765.28,Bank Transfer,Standard,2,3.0,5.0,64.0,2558.74,1443.75,2026-07-25 19:48:51.394100,High,Good
2792,45,Male,North,Business,2 Year,23,31.64,1253.06,Debit Card,Premium,1,8.1,4.3,49.0,1742.7,2695.54,2026-08-14 19:48:51.394103,Medium,Excellent
2793,24,Male,Central,Basic,1 Year,51,58.31,730.43,Cash,Premium,0,9.4,3.5,4.0,1190.33,1559.31,2026-06-03 19:48:51.394107,Low,Excellent
2794,49,Male,North,Basic,Monthly,5,64.88,737.2,Mobile Money,Standard,1,29.7,3.5,35.0,2282.37,369.17,2026-08-08 19:48:51.394110,Medium,Excellent
2795,28,Female,South,Premium,Monthly,31,58.31,50.0,Debit Card,Basic,1,1.3,4.6,40.0,1315.84,1109.68,2026-07-20 19:48:51.394114,Medium,Excellent
2796,27,Female,West,Premium,Monthly,7,52.36,1705.25,Mobile Money,Standard,1,48.0,3.5,21.0,1308.05,166.9,2026-08-15 19:48:51.394117,Low,Excellent
2797,26,Male,Central,Standard,1 Year,39,88.8,629.87,Credit Card,Standard,2,10.2,3.6,27.0,2065.19,318.04,2026-06-20 19:48:51.394120,Low,Good
2798,31,Male,South,Standard,Monthly,27,98.78,2527.63,Bank Transfer,Standard,0,4.9,3.1,78.0,1774.67,583.66,2026-06-29 19:48:51.394124,High,Excellent
2799,30,Female,East,Standard,2 Year,17,113.3,1144.6,Credit Card,Basic,3,2.4,3.1,14.000000000000002,300.0,808.79,2026-08-06 19:48:51.394128,Low,Good
2800,74,Female,Central,Business,Monthly,25,39.91,358.85,Mobile Money,Premium,0,7.9,5.0,14.000000000000002,1546.36,1804.63,2026-07-17 19:48:51.394131,Low,Excellent
2801,42,Male,Central,Basic,Monthly,50,97.52,50.0,Bank Transfer,Standard,1,1.2,4.0,4.0,1067.48,1426.74,2026-06-19 19:48:51.394135,Low,Excellent
2802,19,Female,West,Business,1 Year,11,69.77,217.48,Credit Card,Premium,2,23.5,3.2,30.0,1144.2,474.17,2026-08-01 19:48:51.394138,Low,Good
2803,52,Male,Central,Standard,Monthly,35,74.39,1149.28,Credit Card,Basic,3,1.6,3.9,51.0,1565.19,1476.35,2026-08-12 19:48:51.394141,Medium,Good
2804,24,Male,West,Standard,2 Year,4,95.36,50.0,Debit Card,Standard,3,11.9,4.4,56.00000000000001,2001.76,881.45,2026-06-28 19:48:51.394145,Medium,Good
2805,38,Female,South,Business,1 Year,28,63.75,565.97,Bank Transfer,Basic,1,3.4,2.7,52.0,940.89,385.9,2026-06-10 19:48:51.394148,Medium,Excellent
2806,35,Female,East,Business,Monthly,33,60.44,774.3,Credit Card,Standard,1,1.9,4.3,10.0,1980.33,2037.52,2026-06-02 19:48:51.394152,Low,Excellent
2807,20,Female,East,Basic,1 Year,14,47.66,607.84,Cash,Basic,1,13.2,4.5,18.0,466.78,807.23,2026-07-12 19:48:51.394155,Low,Excellent
2808,59,Male,Central,Basic,Monthly,37,35.83,732.4,Cash,Premium,3,17.5,5.0,3.0,508.1,2043.63,2026-06-30 19:48:51.394159,Low,Good
2809,71,Female,Central,Business,Monthly,19,49.19,827.7,Bank Transfer,Basic,2,1.0,4.3,5.0,1774.62,2022.19,2026-08-07 19:48:51.394162,Low,Good
2810,56,Male,South,Basic,Monthly,66,69.28,571.89,Debit Card,Standard,1,29.2,2.1,16.0,1378.56,1479.8,2026-07-23 19:48:51.394166,Low,Excellent
2811,58,Male,West,Business,1 Year,2,63.74,2375.95,Mobile Money,Standard,1,4.4,4.6,71.0,2353.63,3930.41,2026-08-19 19:48:51.394169,High,Excellent
2812,66,Female,East,Standard,Monthly,3,55.48,706.61,Mobile Money,Standard,3,1.0,4.1,8.0,1276.98,1426.33,2026-08-16 19:48:51.394173,Low,Good
2813,28,Male,West,Premium,Monthly,44,56.26,50.0,Credit Card,Standard,2,4.8,4.0,47.0,1835.63,1252.37,2026-07-16 19:48:51.394176,Medium,Good
2814,56,Female,South,Basic,Monthly,44,91.28,50.0,Debit Card,Basic,3,1.0,5.0,48.0,2626.59,445.86,2026-08-06 19:48:51.394180,Medium,Good
2815,41,Female,East,Premium,Monthly,15,69.39,1681.54,Cash,Basic,2,2.4,4.4,49.0,1870.11,2742.52,2026-06-02 19:48:51.394183,Medium,Good
2816,63,Male,East,Standard,Monthly,79,40.17,1560.35,Debit Card,Basic,2,6.5,4.7,7.000000000000001,1029.01,2157.26,2026-07-19 19:48:51.394186,Low,Good
2817,36,Male,North,Basic,Monthly,27,66.45,779.89,Cash,Standard,3,3.6,3.0,21.0,2358.0,2092.03,2026-07-10 19:48:51.394190,Low,Good
2818,21,Male,South,Premium,Monthly,97,80.4,70.95,Cash,Standard,1,2.1,4.4,31.0,2453.18,698.65,2026-07-27 19:48:51.394193,Medium,Excellent
2819,43,Male,South,Standard,Monthly,18,88.91,1769.18,Debit Card,Premium,5,1.8,3.3,25.0,1345.78,1929.0,2026-06-13 19:48:51.394197,Low,Needs Improvement
2820,55,Female,North,Premium,Monthly,5,79.1,50.0,Cash,Standard,1,8.1,3.3,26.0,2091.76,1321.94,2026-06-30 19:48:51.394200,Low,Excellent
2821,59,Female,West,Standard,2 Year,14,86.21,1498.9,Credit Card,Premium,2,19.2,3.3,1.0,2329.05,1948.09,2026-08-17 19:48:51.394204,Low,Good
2822,49,Male,North,Business,1 Year,94,77.65,856.69,Credit Card,Basic,6,1.0,2.2,33.0,1641.61,1494.53,2026-06-27 19:48:51.394207,Medium,Needs Improvement
2823,56,Male,South,Standard,Monthly,11,20.0,1599.7,Credit Card,Basic,1,2.2,3.4,68.0,1341.85,1517.63,2026-06-01 19:48:51.394211,High,Excellent
2824,62,Female,West,Basic,2 Year,75,60.99,794.78,Debit Card,Basic,3,8.8,3.7,7.000000000000001,1322.24,1049.5,2026-05-30 19:48:51.394214,Low,Good
2825,63,Female,East,Business,Monthly,38,62.74,2368.22,Credit Card,Basic,1,35.0,3.0,32.0,1336.01,777.98,2026-08-04 19:48:51.394218,Medium,Excellent
2826,53,Male,North,Premium,Monthly,14,115.98,50.0,Debit Card,Premium,7,9.1,5.0,23.0,809.64,981.99,2026-06-27 19:48:51.394221,Low,Needs Improvement
2827,57,Male,West,Standard,2 Year,18,83.98,1660.24,Credit Card,Standard,2,1.0,3.9,13.0,891.19,2349.26,2026-07-08 19:48:51.394225,Low,Good
2828,54,Female,West,Basic,1 Year,22,57.73,923.1,Debit Card,Basic,3,1.6,3.4,25.0,1258.01,2962.77,2026-06-13 19:48:51.394228,Low,Good
2829,50,Male,West,Basic,2 Year,26,45.68,636.91,Mobile Money,Standard,2,3.4,3.0,47.0,1976.42,2231.51,2026-08-17 19:48:51.394232,Medium,Good
2830,53,Male,North,Business,2 Year,1,56.4,2204.14,Bank Transfer,Premium,4,1.4,5.0,28.000000000000004,2470.07,2447.88,2026-07-20 19:48:51.394235,Low,Needs Improvement
2831,20,Female,East,Standard,Monthly,65,44.79,385.92,Mobile Money,Basic,1,1.6,3.1,22.0,1772.95,367.98,2026-08-22 19:48:51.394239,Low,Excellent
2832,26,Female,West,Basic,2 Year,21,119.5,1387.31,Credit Card,Standard,5,2.6,3.9,56.00000000000001,1414.1,1849.64,2026-07-17 19:48:51.394242,Medium,Needs Improvement
2833,25,Female,North,Basic,2 Year,64,64.62,1297.63,Debit Card,Basic,3,3.7,4.7,19.0,1033.47,572.84,2026-06-30 19:48:51.394245,Low,Good
2834,50,Female,South,Standard,Monthly,23,85.62,215.73,Credit Card,Standard,2,4.0,2.4,32.0,552.15,1286.85,2026-08-14 19:48:51.394249,Medium,Good
2835,23,Female,North,Business,2 Year,13,77.88,1860.44,Debit Card,Basic,1,5.5,3.4,41.0,1879.78,1570.64,2026-07-13 19:48:51.394253,Medium,Excellent
2836,58,Male,North,Business,Monthly,20,81.43,2816.84,Bank Transfer,Standard,4,21.1,4.1,44.0,1708.13,1266.9,2026-06-10 19:48:51.394256,Medium,Needs Improvement
2837,56,Male,North,Premium,1 Year,42,42.98,2495.75,Bank Transfer,Standard,2,40.1,3.7,45.0,2103.42,2776.83,2026-08-10 19:48:51.394259,Medium,Good
2838,21,Male,West,Basic,Monthly,9,98.43,1517.71,Credit Card,Standard,2,1.0,4.3,28.999999999999996,1454.32,283.69,2026-06-18 19:48:51.394263,Low,Good
2839,30,Male,North,Business,Monthly,75,62.79,1017.59,Credit Card,Premium,4,5.4,3.9,40.0,1209.81,100.0,2026-06-22 19:48:51.394266,Medium,Needs Improvement
2840,66,Female,South,Standard,1 Year,15,102.51,1853.03,Debit Card,Premium,1,11.2,4.8,6.0,1218.13,461.09,2026-07-17 19:48:51.394270,Low,Excellent
2841,19,Female,West,Standard,Monthly,75,75.64,1974.43,Mobile Money,Basic,3,1.0,2.5,24.0,981.71,1203.49,2026-08-25 19:48:51.394273,Low,Good
2842,22,Female,South,Standard,1 Year,51,108.85,1272.77,Credit Card,Basic,2,22.7,4.4,5.0,639.66,2057.99,2026-08-17 19:48:51.394277,Low,Good
2843,61,Female,Central,Standard,1 Year,35,80.01,50.0,Bank Transfer,Basic,0,22.2,3.8,17.0,1964.89,1716.57,2026-06-03 19:48:51.394280,Low,Excellent
2844,44,Male,North,Standard,Monthly,15,60.36,50.0,Credit Card,Basic,1,1.9,3.9,65.0,1469.95,2532.62,2026-08-17 19:48:51.394284,High,Excellent
2845,49,Male,West,Standard,Monthly,21,100.14,1567.73,Cash,Standard,3,12.3,4.2,45.0,2370.89,100.0,2026-06-29 19:48:51.394287,Medium,Good
2846,38,Female,West,Business,1 Year,43,68.46,1459.75,Debit Card,Basic,2,7.0,2.4,20.0,1615.32,2140.73,2026-06-12 19:48:51.394291,Low,Good
2847,25,Female,North,Standard,2 Year,18,78.45,830.45,Credit Card,Standard,3,1.0,3.5,7.000000000000001,445.06,1778.26,2026-08-14 19:48:51.394294,Low,Good
2848,55,Female,East,Basic,1 Year,32,67.23,1419.65,Bank Transfer,Basic,4,2.8,5.0,35.0,1361.1,1381.13,2026-07-07 19:48:51.394297,Medium,Needs Improvement
2849,25,Female,East,Basic,1 Year,37,51.48,50.0,Debit Card,Basic,1,2.4,2.8,47.0,1103.24,1384.37,2026-07-08 19:48:51.394301,Medium,Excellent
2850,67,Female,South,Standard,1 Year,17,61.01,1056.71,Mobile Money,Premium,5,16.9,4.0,28.999999999999996,904.09,2129.75,2026-06-19 19:48:51.394304,Low,Needs Improvement
2851,20,Female,North,Basic,Monthly,18,82.79,931.21,Bank Transfer,Basic,1,18.2,4.0,19.0,337.9,2346.55,2026-08-14 19:48:51.394308,Low,Excellent
2852,71,Male,North,Standard,Monthly,5,89.3,50.0,Bank Transfer,Basic,2,1.0,4.1,36.0,623.92,1246.03,2026-06-08 19:48:51.394311,Medium,Good
2853,61,Female,Central,Standard,2 Year,6,20.0,1269.83,Mobile Money,Basic,2,10.8,1.0,42.0,2533.3,1998.62,2026-07-16 19:48:51.394315,Medium,Good
2854,20,Female,East,Basic,1 Year,56,73.01,50.0,Debit Card,Basic,2,1.0,5.0,22.0,814.89,531.37,2026-06-11 19:48:51.394318,Low,Good
2855,39,Male,East,Standard,Monthly,44,63.05,1900.68,Mobile Money,Premium,2,12.5,2.7,12.0,1481.93,2784.46,2026-06-24 19:48:51.394322,Low,Good
2856,23,Female,North,Premium,Monthly,1,30.75,1467.78,Credit Card,Standard,4,14.9,5.0,2.0,973.46,1814.5,2026-08-12 19:48:51.394325,Low,Needs Improvement
2857,19,Male,South,Basic,Monthly,48,86.44,665.45,Mobile Money,Standard,0,1.0,2.7,14.000000000000002,351.19,1101.43,2026-06-17 19:48:51.394329,Low,Excellent
2858,40,Female,North,Basic,1 Year,1,110.17,385.79,Bank Transfer,Premium,1,3.2,4.3,46.0,1235.37,2818.08,2026-08-09 19:48:51.394332,Medium,Excellent
2859,61,Male,South,Standard,Monthly,14,102.04,86.58,Bank Transfer,Premium,1,3.8,3.3,35.0,1800.81,2311.76,2026-06-20 19:48:51.394336,Medium,Excellent
2860,19,Female,East,Basic,1 Year,1,20.0,819.23,Debit Card,Basic,7,24.8,2.8,37.0,1117.52,1895.8,2026-06-06 19:48:51.394339,Medium,Needs Improvement
2861,55,Male,Central,Business,Monthly,83,73.11,1818.05,Credit Card,Basic,1,3.7,5.0,52.0,2763.71,580.43,2026-08-17 19:48:51.394342,Medium,Excellent
2862,34,Female,West,Standard,Monthly,86,48.76,929.21,Bank Transfer,Basic,2,2.4,3.5,12.0,790.27,523.38,2026-06-16 19:48:51.394346,Low,Good
2863,52,Male,East,Standard,2 Year,22,53.79,1062.35,Debit Card,Basic,3,7.7,2.1,37.0,1500.91,750.43,2026-07-06 19:48:51.394349,Medium,Good
2864,51,Male,South,Business,Monthly,11,58.7,315.79,Credit Card,Standard,2,1.4,5.0,34.0,415.6,1411.92,2026-07-14 19:48:51.394353,Medium,Good
2865,40,Female,North,Standard,2 Year,17,20.0,795.94,Credit Card,Basic,3,7.8,4.8,46.0,1570.22,1527.72,2026-07-20 19:48:51.394356,Medium,Good
2866,47,Female,East,Business,Monthly,34,20.0,1019.36,Debit Card,Basic,3,4.9,5.0,22.0,2218.87,2618.28,2026-08-17 19:48:51.394360,Low,Good
2867,69,Male,Central,Premium,Monthly,6,67.13,1299.29,Credit Card,Standard,0,10.5,2.2,27.0,1739.83,100.0,2026-08-17 19:48:51.394363,Low,Excellent
2868,25,Male,South,Standard,Monthly,13,71.19,1059.24,Cash,Standard,3,6.9,2.7,25.0,300.0,1070.16,2026-07-04 19:48:51.394367,Low,Good
2869,39,Female,North,Standard,1 Year,32,60.12,1559.0,Credit Card,Premium,4,1.6,4.2,20.0,1786.18,2020.02,2026-06-14 19:48:51.394370,Low,Needs Improvement
2870,61,Female,West,Premium,1 Year,12,33.78,1723.96,Credit Card,Basic,4,22.2,3.4,31.0,957.01,1303.51,2026-06-27 19:48:51.394375,Medium,Needs Improvement
2871,53,Female,South,Basic,Monthly,1,54.9,2422.77,Credit Card,Standard,3,4.8,3.1,22.0,883.51,1908.36,2026-08-23 19:48:51.394379,Low,Good
2872,22,Male,North,Standard,Monthly,16,101.14,1375.93,Credit Card,Basic,2,10.9,4.6,16.0,1733.09,360.04,2026-08-04 19:48:51.394382,Low,Good
2873,30,Female,West,Business,1 Year,32,55.93,1536.66,Mobile Money,Premium,1,6.1,2.3,8.0,1853.57,1630.56,2026-06-26 19:48:51.394386,Low,Excellent
2874,46,Male,North,Business,Monthly,90,52.43,781.9,Credit Card,Basic,1,16.0,2.4,35.0,1477.88,546.53,2026-06-22 19:48:51.394389,Medium,Excellent
2875,48,Male,West,Basic,Monthly,1,95.92,2430.95,Credit Card,Standard,3,3.3,4.2,19.0,1510.23,1839.9,2026-06-14 19:48:51.394393,Low,Good
2876,64,Female,West,Standard,Monthly,18,59.61,823.68,Cash,Premium,1,8.1,2.6,17.0,2082.67,1484.49,2026-07-09 19:48:51.394396,Low,Excellent
2877,74,Female,West,Business,1 Year,14,82.01,1681.64,Credit Card,Basic,5,1.0,3.2,25.0,2171.36,727.85,2026-07-25 19:48:51.394400,Low,Needs Improvement
2878,72,Female,North,Premium,Monthly,6,76.52,805.69,Credit Card,Premium,0,1.0,4.1,55.00000000000001,1440.16,666.15,2026-06-27 19:48:51.394403,Medium,Excellent
2879,33,Male,West,Standard,Monthly,24,42.69,1084.44,Debit Card,Basic,3,14.8,3.0,8.0,1986.89,2025.84,2026-07-07 19:48:51.394407,Low,Good
2880,59,Male,South,Business,Monthly,4,40.23,1215.98,Debit Card,Basic,0,13.6,2.8,2.0,1861.53,1371.8,2026-08-19 19:48:51.394410,Low,Excellent
2881,47,Male,Central,Standard,Monthly,8,31.3,50.0,Mobile Money,Basic,2,3.6,5.0,35.0,2962.26,2481.0,2026-06-09 19:48:51.394413,Medium,Good
2882,74,Female,Central,Basic,1 Year,36,39.76,1358.71,Cash,Premium,4,9.0,3.5,31.0,832.52,1382.2,2026-06-14 19:48:51.394417,Medium,Needs Improvement
2883,72,Male,West,Business,2 Year,14,85.67,1135.81,Mobile Money,Basic,0,14.1,4.6,31.0,2371.05,1698.92,2026-06-22 19:48:51.394420,Medium,Excellent
2884,33,Male,Central,Basic,Monthly,120,44.46,660.91,Bank Transfer,Basic,1,1.2,3.1,69.0,1282.04,1911.25,2026-08-27 19:48:51.394424,High,Excellent
2885,29,Male,Central,Basic,Monthly,11,61.55,396.32,Cash,Premium,1,33.5,3.6,25.0,2854.2,2721.19,2026-08-27 19:48:51.394428,Low,Excellent
2886,34,Female,West,Basic,Monthly,14,57.96,687.44,Mobile Money,Standard,4,17.4,4.0,45.0,1333.02,1905.14,2026-06-15 19:48:51.394432,Medium,Needs Improvement
2887,33,Male,West,Basic,2 Year,8,74.49,349.88,Credit Card,Standard,0,9.4,3.8,8.0,1770.28,1878.29,2026-07-12 19:48:51.394435,Low,Excellent
2888,29,Female,South,Basic,Monthly,6,30.88,799.66,Debit Card,Standard,1,6.3,4.1,67.0,1497.76,1208.99,2026-06-02 19:48:51.394439,High,Excellent
2889,25,Male,East,Standard,2 Year,61,92.45,664.42,Debit Card,Basic,2,18.0,5.0,1.0,1287.23,1964.03,2026-06-17 19:48:51.394442,Low,Good
2890,37,Female,North,Standard,Monthly,33,100.91,921.27,Debit Card,Premium,3,10.8,4.9,10.0,653.06,1474.12,2026-08-18 19:48:51.394446,Low,Good
2891,20,Male,West,Standard,Monthly,9,64.37,1809.21,Credit Card,Premium,1,7.0,4.5,47.0,1409.05,2488.98,2026-06-06 19:48:51.394449,Medium,Excellent
2892,33,Female,West,Basic,Monthly,28,20.0,472.71,Bank Transfer,Basic,3,17.8,5.0,60.0,1320.22,1791.8,2026-06-24 19:48:51.394453,Medium,Good
2893,47,Female,Central,Business,1 Year,81,43.52,733.22,Credit Card,Basic,1,1.9,3.3,45.0,1251.86,1597.11,2026-08-05 19:48:51.394456,Medium,Excellent
2894,62,Male,South,Business,1 Year,1,72.9,1293.31,Bank Transfer,Premium,6,2.2,5.0,28.000000000000004,927.78,1264.92,2026-07-22 19:48:51.394460,Low,Needs Improvement
2895,40,Female,Central,Premium,Monthly,7,74.3,415.76,Debit Card,Basic,3,21.3,2.0,17.0,1588.47,1874.41,2026-06-24 19:48:51.394463,Low,Good
2896,45,Male,West,Basic,Monthly,5,58.56,1809.66,Debit Card,Standard,2,1.0,4.4,24.0,1422.75,2178.03,2026-08-16 19:48:51.394467,Low,Good
2897,68,Female,West,Basic,Monthly,48,92.52,428.09,Debit Card,Standard,2,1.0,5.0,39.0,1703.33,1981.21,2026-06-30 19:48:51.394470,Medium,Good
2898,57,Female,Central,Standard,Monthly,4,50.59,1307.52,Debit Card,Premium,3,12.6,2.1,21.0,1757.83,646.83,2026-08-24 19:48:51.394474,Low,Good
2899,71,Male,West,Business,Monthly,8,89.6,2049.59,Bank Transfer,Basic,1,4.3,3.9,23.0,1458.56,1372.71,2026-08-19 19:48:51.394477,Low,Excellent
2900,22,Male,East,Standard,Monthly,18,65.03,413.11,Mobile Money,Premium,1,19.8,3.2,26.0,2537.3,2511.17,2026-07-04 19:48:51.394481,Low,Excellent
2901,37,Male,North,Premium,1 Year,23,50.85,560.27,Debit Card,Basic,2,2.9,2.2,20.0,1212.68,697.6,2026-06-06 19:48:51.394484,Low,Good
2902,57,Male,North,Standard,Monthly,39,83.29,839.28,Bank Transfer,Basic,0,2.7,4.1,40.0,954.69,2783.98,2026-08-19 19:48:51.394488,Medium,Excellent
2903,73,Male,North,Standard,Monthly,12,63.9,1215.34,Mobile Money,Standard,0,25.2,3.4,53.0,1687.77,1912.17,2026-07-12 19:48:51.394491,Medium,Excellent
2904,61,Male,East,Basic,Monthly,18,87.19,1095.81,Credit Card,Basic,2,6.5,5.0,34.0,1601.03,1225.75,2026-08-25 19:48:51.394495,Medium,Good
2905,18,Male,West,Standard,Monthly,80,137.66,1186.29,Credit Card,Standard,2,7.6,3.7,15.0,2117.17,2124.97,2026-07-25 19:48:51.394498,Low,Good
2906,74,Female,Central,Standard,Monthly,8,41.65,1604.97,Debit Card,Standard,1,18.3,2.5,25.0,1300.73,941.78,2026-07-11 19:48:51.394501,Low,Excellent
2907,47,Male,South,Basic,Monthly,6,87.02,1050.2,Debit Card,Standard,0,3.8,3.6,53.0,1019.86,1760.29,2026-06-26 19:48:51.394505,Medium,Excellent
2908,38,Male,West,Standard,Monthly,29,80.95,50.0,Cash,Standard,2,2.3,3.2,36.0,990.41,1292.08,2026-07-17 19:48:51.394508,Medium,Good
2909,37,Female,East,Business,2 Year,35,109.48,2218.79,Bank Transfer,Premium,1,6.8,5.0,20.0,1782.83,1573.68,2026-06-30 19:48:51.394512,Low,Excellent
2910,23,Male,East,Standard,Monthly,12,87.85,1545.1,Debit Card,Premium,1,4.2,4.2,26.0,1572.75,1196.32,2026-06-19 19:48:51.394516,Low,Excellent
2911,39,Male,North,Basic,Monthly,5,104.32,180.95,Bank Transfer,Standard,0,1.4,3.8,28.000000000000004,2148.96,100.0,2026-07-19 19:48:51.394519,Low,Excellent
2912,35,Male,West,Standard,2 Year,36,40.41,1052.55,Mobile Money,Standard,3,1.0,5.0,26.0,1854.31,1343.08,2026-07-19 19:48:51.394523,Low,Good
2913,25,Female,North,Standard,Monthly,26,33.11,1828.29,Credit Card,Standard,1,10.3,4.2,24.0,1057.41,1654.14,2026-07-02 19:48:51.394526,Low,Excellent
2914,56,Female,South,Basic,2 Year,50,41.48,473.23,Debit Card,Standard,3,1.0,3.3,22.0,1413.33,1801.28,2026-07-12 19:48:51.394530,Low,Good
2915,49,Male,North,Basic,Monthly,44,61.08,1939.54,Credit Card,Basic,2,6.0,3.4,23.0,812.13,2805.77,2026-08-07 19:48:51.394533,Low,Good
2916,50,Female,South,Standard,1 Year,5,99.56,425.29,Mobile Money,Basic,0,3.2,4.4,32.0,1223.95,3398.49,2026-08-06 19:48:51.394537,Medium,Excellent
2917,70,Female,East,Basic,1 Year,42,105.14,1543.79,Mobile Money,Standard,1,1.3,2.9,40.0,690.46,927.42,2026-07-28 19:48:51.394540,Medium,Excellent
2918,33,Female,North,Basic,2 Year,4,55.88,50.0,Cash,Basic,3,17.7,5.0,25.0,611.17,1263.24,2026-07-22 19:48:51.394543,Low,Good
2919,29,Female,North,Basic,1 Year,47,62.19,1954.58,Debit Card,Basic,3,10.8,4.2,49.0,2630.46,1823.71,2026-07-25 19:48:51.394547,Medium,Good
2920,55,Female,Central,Basic,Monthly,35,35.7,50.0,Credit Card,Standard,2,11.9,4.0,25.0,1152.6,3577.34,2026-07-03 19:48:51.394550,Low,Good
2921,69,Male,East,Standard,1 Year,20,66.82,2152.93,Mobile Money,Basic,0,4.6,1.6,14.000000000000002,1640.41,3348.62,2026-08-02 19:48:51.394554,Low,Excellent
2922,51,Male,Central,Standard,Monthly,24,60.04,267.41,Mobile Money,Basic,5,8.4,1.1,14.000000000000002,2001.17,1796.52,2026-05-31 19:48:51.394557,Low,Needs Improvement
2923,31,Male,South,Premium,1 Year,2,60.12,2706.83,Credit Card,Standard,0,1.0,3.0,3.0,1599.98,660.42,2026-08-12 19:48:51.394561,Low,Excellent
2924,53,Female,South,Standard,Monthly,1,94.52,1282.33,Credit Card,Standard,2,1.2,3.2,28.000000000000004,744.47,208.67,2026-06-14 19:48:51.394564,Low,Good
2925,50,Female,East,Basic,1 Year,9,75.12,2013.45,Debit Card,Basic,0,3.1,2.9,36.0,2712.08,281.3,2026-06-01 19:48:51.394568,Medium,Excellent
2926,40,Female,South,Basic,1 Year,41,32.31,1050.88,Debit Card,Standard,2,4.9,3.6,13.0,1149.06,2174.81,2026-08-18 19:48:51.394571,Low,Good
2927,67,Female,East,Standard,2 Year,15,20.0,50.0,Mobile Money,Standard,2,1.0,1.4,51.0,1545.6,1861.57,2026-07-05 19:48:51.394575,Medium,Good
2928,62,Male,South,Standard,Monthly,6,78.8,451.99,Credit Card,Basic,2,6.7,4.5,32.0,1352.37,2309.86,2026-07-12 19:48:51.394578,Medium,Good
2929,19,Female,West,Business,1 Year,43,70.81,1572.83,Bank Transfer,Basic,0,2.2,3.7,5.0,1537.23,2530.12,2026-05-31 19:48:51.394582,Low,Excellent
2930,58,Female,North,Standard,Monthly,6,74.44,3520.29,Debit Card,Premium,3,11.9,4.3,31.0,2172.77,2191.56,2026-06-27 19:48:51.394585,Medium,Good
2931,38,Female,West,Basic,Monthly,40,70.81,2353.78,Credit Card,Standard,3,1.0,4.1,24.0,1199.53,2010.29,2026-06-12 19:48:51.394589,Low,Good
2932,19,Female,East,Standard,1 Year,14,36.39,1270.51,Debit Card,Basic,2,16.1,2.9,54.0,1146.22,2199.98,2026-06-11 19:48:51.394592,Medium,Good
2933,44,Female,East,Business,1 Year,14,60.26,1955.75,Debit Card,Basic,3,10.6,4.3,35.0,1892.67,500.89,2026-06-14 19:48:51.394595,Medium,Good
2934,74,Male,West,Standard,1 Year,7,57.36,1373.8,Cash,Basic,3,6.3,5.0,26.0,1424.64,2577.75,2026-07-12 19:48:51.394599,Low,Good
2935,26,Female,North,Business,1 Year,55,62.97,1014.37,Bank Transfer,Basic,1,10.7,2.9,26.0,1789.24,1466.66,2026-08-12 19:48:51.394602,Low,Excellent
2936,18,Male,North,Basic,Monthly,2,86.96,1246.22,Bank Transfer,Premium,1,3.6,5.0,35.0,1734.74,2290.92,2026-06-29 19:48:51.394606,Medium,Excellent
2937,28,Female,Central,Standard,1 Year,3,50.57,745.1,Credit Card,Standard,1,1.4,5.0,23.0,1073.66,1881.95,2026-06-07 19:48:51.394609,Low,Excellent
2938,20,Female,South,Basic,Monthly,24,36.1,1256.08,Credit Card,Standard,0,1.0,3.9,13.0,1215.37,2542.56,2026-07-13 19:48:51.394613,Low,Excellent
2939,69,Male,Central,Business,Monthly,45,98.5,1487.31,Credit Card,Basic,0,6.4,3.6,82.0,1641.01,2506.63,2026-07-05 19:48:51.394616,High,Excellent
2940,40,Female,North,Business,Monthly,2,46.74,1146.31,Credit Card,Basic,2,2.8,3.5,26.0,1779.75,2015.36,2026-08-01 19:48:51.394620,Low,Good
2941,43,Male,West,Standard,1 Year,31,93.81,817.18,Bank Transfer,Premium,0,1.9,3.9,54.0,1530.84,2307.79,2026-08-18 19:48:51.394623,Medium,Excellent
2942,21,Male,South,Basic,1 Year,32,118.79,773.78,Debit Card,Premium,2,16.1,5.0,32.0,2210.08,3298.84,2026-07-27 19:48:51.394627,Medium,Good
2943,35,Male,West,Standard,Monthly,20,102.68,976.73,Credit Card,Premium,4,10.3,3.0,13.0,1367.29,1977.26,2026-08-01 19:48:51.394630,Low,Needs Improvement
2944,72,Female,Central,Business,1 Year,16,81.61,1286.34,Debit Card,Basic,0,37.0,4.4,4.0,1538.03,162.1,2026-08-18 19:48:51.394634,Low,Excellent
2945,23,Female,East,Premium,Monthly,9,60.05,807.81,Credit Card,Standard,1,8.7,4.2,40.0,1199.15,2206.94,2026-06-06 19:48:51.394637,Medium,Excellent
2946,52,Female,West,Standard,2 Year,10,87.83,1617.88,Cash,Standard,1,18.1,5.0,41.0,1451.47,1155.73,2026-08-06 19:48:51.394640,Medium,Excellent
2947,39,Male,Central,Premium,1 Year,26,64.43,50.0,Debit Card,Premium,4,1.0,3.8,28.999999999999996,967.48,2508.92,2026-08-22 19:48:51.394644,Low,Needs Improvement
2948,60,Female,Central,Business,Monthly,1,100.39,1364.46,Debit Card,Basic,3,10.3,4.2,9.0,630.8,1838.02,2026-07-26 19:48:51.394648,Low,Good
2949,32,Female,Central,Standard,2 Year,21,80.96,1975.58,Bank Transfer,Premium,3,1.0,2.9,26.0,1225.79,1063.49,2026-08-19 19:48:51.394651,Low,Good
2950,39,Male,East,Premium,Monthly,7,74.46,2612.88,Debit Card,Standard,0,1.0,3.1,52.0,2420.64,2109.1,2026-08-05 19:48:51.394655,Medium,Excellent
2951,54,Male,East,Premium,1 Year,15,66.23,1137.01,Bank Transfer,Standard,2,15.6,3.7,41.0,1107.64,2864.75,2026-06-14 19:48:51.394658,Medium,Good
2952,69,Male,East,Premium,Monthly,19,52.65,1716.94,Cash,Basic,2,3.6,1.8,36.0,1488.44,1314.46,2026-07-10 19:48:51.394661,Medium,Good
2953,59,Female,South,Basic,Monthly,52,64.94,1364.19,Debit Card,Premium,2,3.0,3.3,14.000000000000002,1454.83,322.96,2026-08-02 19:48:51.394665,Low,Good
2954,29,Female,East,Standard,1 Year,20,72.32,2011.8,Debit Card,Premium,4,1.6,4.3,34.0,934.82,1932.27,2026-07-16 19:48:51.394669,Medium,Needs Improvement
2955,64,Female,East,Basic,Monthly,6,58.58,1003.14,Debit Card,Basic,2,5.3,5.0,53.0,1112.05,1532.35,2026-07-09 19:48:51.394673,Medium,Good
2956,66,Male,East,Business,2 Year,1,72.45,1591.92,Bank Transfer,Basic,4,1.8,3.2,9.0,1508.95,935.09,2026-06-28 19:48:51.394676,Low,Needs Improvement
2957,59,Female,West,Basic,Monthly,23,89.64,50.0,Mobile Money,Standard,1,6.2,3.7,48.0,881.43,429.77,2026-07-02 19:48:51.394680,Medium,Excellent
2958,55,Male,East,Business,Monthly,18,71.94,1986.36,Debit Card,Standard,2,8.6,3.8,46.0,723.44,431.8,2026-08-21 19:48:51.394683,Medium,Good
2959,35,Male,South,Standard,1 Year,26,51.64,1296.11,Credit Card,Standard,1,8.5,3.1,12.0,1049.73,2026.49,2026-06-10 19:48:51.394687,Low,Excellent
2960,62,Female,Central,Basic,Monthly,14,20.0,638.19,Bank Transfer,Premium,4,3.6,3.4,8.0,1029.91,1291.57,2026-06-26 19:48:51.394690,Low,Needs Improvement
2961,52,Male,West,Basic,Monthly,41,95.34,1414.88,Cash,Standard,2,9.7,4.7,23.0,705.81,341.65,2026-07-01 19:48:51.394694,Low,Good
2962,47,Female,North,Basic,2 Year,60,62.24,2324.9,Mobile Money,Standard,2,2.5,5.0,16.0,1931.87,3262.48,2026-06-02 19:48:51.394697,Low,Good
2963,41,Male,East,Basic,1 Year,1,70.01,427.77,Mobile Money,Basic,2,13.2,4.1,27.0,2375.9,1695.16,2026-07-25 19:48:51.394701,Low,Good
2964,59,Female,Central,Business,Monthly,32,78.62,478.49,Credit Card,Standard,2,1.0,5.0,44.0,1013.28,1969.97,2026-06-24 19:48:51.394704,Medium,Good
2965,47,Male,Central,Standard,1 Year,1,78.63,50.0,Bank Transfer,Basic,5,27.2,2.2,41.0,2021.79,1831.62,2026-06-25 19:48:51.394707,Medium,Needs Improvement
2966,31,Female,West,Standard,2 Year,14,83.94,479.59,Credit Card,Premium,0,4.5,4.2,40.0,1811.09,1548.8,2026-08-20 19:48:51.394711,Medium,Excellent
2967,23,Male,North,Basic,Monthly,14,90.22,430.98,Debit Card,Basic,2,3.3,5.0,32.0,1638.07,100.0,2026-07-07 19:48:51.394715,Medium,Good
2968,20,Male,South,Business,1 Year,28,83.89,1036.81,Debit Card,Basic,1,7.8,5.0,14.000000000000002,1675.17,1398.77,2026-08-02 19:48:51.394718,Low,Excellent
2969,33,Female,Central,Basic,Monthly,10,20.0,1233.03,Cash,Premium,1,16.9,3.6,12.0,1985.51,2503.83,2026-06-14 19:48:51.394721,Low,Excellent
2970,24,Male,Central,Standard,2 Year,41,74.82,72.27,Credit Card,Premium,2,3.5,5.0,28.999999999999996,320.05,1324.49,2026-06-12 19:48:51.394725,Low,Good
2971,69,Female,Central,Standard,1 Year,10,71.37,1449.07,Mobile Money,Basic,1,1.0,4.2,28.000000000000004,1287.63,516.77,2026-06-26 19:48:51.394728,Low,Excellent
2972,31,Female,Central,Business,2 Year,10,58.68,1397.74,Credit Card,Basic,4,3.5,2.2,8.0,752.29,1341.58,2026-08-15 19:48:51.394732,Low,Needs Improvement
2973,26,Male,West,Standard,2 Year,6,76.99,1379.76,Bank Transfer,Premium,5,1.0,2.8,53.0,1381.11,2897.23,2026-07-12 19:48:51.394735,Medium,Needs Improvement
2974,32,Male,North,Basic,Monthly,27,65.51,496.49,Credit Card,Premium,0,1.6,4.7,14.000000000000002,1383.6,1671.21,2026-07-09 19:48:51.394738,Low,Excellent
2975,38,Female,Central,Standard,Monthly,1,50.8,2736.06,Cash,Premium,2,1.0,3.5,33.0,860.49,100.0,2026-06-18 19:48:51.394742,Medium,Good
2976,52,Female,South,Basic,Monthly,10,95.92,1703.49,Bank Transfer,Standard,2,3.9,2.0,20.0,2577.93,576.46,2026-07-07 19:48:51.394746,Low,Good
2977,19,Female,South,Basic,Monthly,7,73.69,125.8,Debit Card,Basic,3,1.0,4.1,35.0,1993.87,100.0,2026-07-22 19:48:51.394749,Medium,Good
2978,44,Female,East,Standard,1 Year,6,69.31,50.0,Credit Card,Basic,4,33.0,3.1,45.0,492.18,1239.36,2026-06-02 19:48:51.394753,Medium,Needs Improvement
2979,19,Female,Central,Basic,1 Year,1,20.0,551.35,Bank Transfer,Standard,2,12.2,1.0,4.0,2067.95,3488.16,2026-08-21 19:48:51.394756,Low,Good
2980,52,Male,Central,Standard,Monthly,5,118.22,1270.23,Credit Card,Premium,3,4.4,3.7,14.000000000000002,1382.51,1518.64,2026-06-21 19:48:51.394759,Low,Good
2981,35,Female,Central,Standard,Monthly,14,20.0,2354.58,Credit Card,Standard,4,12.5,1.7,26.0,650.54,640.19,2026-06-21 19:48:51.394763,Low,Needs Improvement
2982,31,Female,Central,Business,1 Year,16,78.11,657.08,Bank Transfer,Basic,1,4.3,3.7,34.0,2306.87,2337.68,2026-06-01 19:48:51.394766,Medium,Excellent
2983,37,Male,Central,Standard,Monthly,7,82.82,50.0,Bank Transfer,Standard,3,8.3,3.7,7.000000000000001,1410.64,208.8,2026-07-02 19:48:51.394770,Low,Good
2984,35,Male,South,Standard,Monthly,25,106.11,1429.51,Credit Card,Standard,2,13.8,5.0,6.0,2497.44,1790.72,2026-06-25 19:48:51.394773,Low,Good
2985,27,Male,North,Basic,1 Year,9,40.96,822.69,Debit Card,Standard,4,9.2,4.5,20.0,969.55,371.15,2026-06-03 19:48:51.394777,Low,Needs Improvement
2986,42,Male,North,Business,Monthly,10,44.78,1286.09,Bank Transfer,Standard,1,1.0,4.2,9.0,1071.4,2719.37,2026-06-07 19:48:51.394780,Low,Excellent
2987,19,Female,East,Business,2 Year,36,85.01,1067.58,Cash,Basic,1,1.0,5.0,11.0,1293.97,1302.24,2026-06-30 19:48:51.394783,Low,Excellent
2988,42,Male,South,Standard,Monthly,19,81.27,982.27,Mobile Money,Basic,1,6.7,3.3,26.0,2364.51,857.09,2026-07-03 19:48:51.394787,Low,Excellent
2989,71,Male,Central,Premium,1 Year,73,107.54,2019.19,Debit Card,Premium,0,1.7,3.3,21.0,1247.44,1241.27,2026-08-19 19:48:51.394791,Low,Excellent
2990,50,Male,North,Basic,1 Year,10,92.19,1670.06,Mobile Money,Basic,2,33.1,2.9,13.0,1631.12,1409.37,2026-06-17 19:48:51.394794,Low,Good
2991,53,Female,West,Basic,Monthly,42,56.54,1370.61,Debit Card,Basic,3,1.0,5.0,38.0,2697.07,742.1,2026-08-26 19:48:51.394798,Medium,Good
2992,48,Female,West,Standard,Monthly,32,62.22,50.0,Credit Card,Basic,2,11.0,4.0,33.0,1377.06,100.0,2026-06-04 19:48:51.394801,Medium,Good
2993,31,Male,West,Basic,Monthly,53,78.08,996.37,Debit Card,Premium,0,1.0,3.0,31.0,1921.13,1798.81,2026-08-10 19:48:51.394804,Medium,Excellent
2994,18,Male,Central,Standard,Monthly,75,26.79,1890.08,Mobile Money,Basic,0,7.6,4.7,23.0,653.84,2074.82,2026-06-08 19:48:51.394808,Low,Excellent
2995,63,Female,Central,Standard,Monthly,1,79.03,419.55,Cash,Basic,1,4.4,2.4,2.0,411.26,2499.9,2026-06-12 19:48:51.394811,Low,Excellent
2996,33,Female,East,Business,1 Year,2,80.84,1015.79,Cash,Standard,3,8.0,2.8,14.000000000000002,847.8,3305.71,2026-06-05 19:48:51.394815,Low,Good
2997,71,Male,East,Standard,1 Year,26,44.75,1155.27,Bank Transfer,Basic,0,11.5,3.4,53.0,2122.29,2562.88,2026-06-02 19:48:51.394818,Medium,Excellent
2998,63,Male,East,Basic,1 Year,11,59.68,1379.63,Debit Card,Standard,4,1.0,3.9,36.0,635.69,2012.28,2026-08-14 19:48:51.394822,Medium,Needs Improvement
2999,69,Male,West,Business,Monthly,41,20.0,870.56,Credit Card,Standard,3,5.9,4.2,27.0,2338.26,2750.08,2026-08-13 19:48:51.394825,Low,Good
3000,20,Male,Central,Standard,1 Year,1,88.22,1531.9,Credit Card,Premium,0,22.8,3.5,15.0,522.13,1077.67,2026-08-25 19:48:51.394829,Low,Excellent
3001,52,Female,West,Business,Monthly,39,75.45,1503.36,Debit Card,Basic,1,2.0,4.1,24.0,1645.94,252.44,2026-08-07 19:48:51.394832,Low,Excellent
3002,58,Female,East,Business,2 Year,3,32.34,466.08,Bank Transfer,Standard,2,1.0,4.7,72.0,1512.53,1933.57,2026-06-29 19:48:51.394835,High,Good
3003,23,Female,Central,Business,2 Year,8,38.5,567.34,Debit Card,Premium,2,11.8,5.0,34.0,560.83,283.07,2026-07-14 19:48:51.394839,Medium,Good
3004,42,Female,South,Business,1 Year,83,54.14,1336.05,Bank Transfer,Basic,3,10.8,3.8,9.0,1115.68,1370.46,2026-08-02 19:48:51.394842,Low,Good
3005,30,Male,North,Basic,1 Year,1,86.23,2369.81,Bank Transfer,Basic,0,4.0,5.0,19.0,1235.98,1182.64,2026-06-15 19:48:51.394846,Low,Excellent
3006,70,Female,North,Basic,Monthly,10,77.61,1999.95,Cash,Standard,1,14.2,3.9,43.0,1003.58,1631.95,2026-06-09 19:48:51.394849,Medium,Excellent
3007,51,Female,East,Business,Monthly,2,44.44,745.06,Credit Card,Standard,3,6.3,3.5,1.0,508.72,1677.16,2026-07-13 19:48:51.394853,Low,Good
3008,25,Male,West,Basic,2 Year,46,50.17,555.67,Bank Transfer,Basic,3,5.2,3.2,36.0,1970.63,1612.5,2026-06-22 19:48:51.394856,Medium,Good
3009,38,Male,South,Premium,Monthly,29,66.31,895.08,Debit Card,Basic,3,13.8,2.3,28.999999999999996,442.27,711.5,2026-08-12 19:48:51.394860,Low,Good
3010,51,Female,Central,Standard,Monthly,38,44.98,2427.11,Credit Card,Standard,0,1.0,3.2,36.0,722.58,613.71,2026-06-02 19:48:51.394863,Medium,Excellent
3011,21,Male,West,Business,2 Year,17,51.99,1186.78,Debit Card,Standard,1,2.0,4.7,36.0,1087.04,1218.36,2026-08-01 19:48:51.394867,Medium,Excellent
3012,42,Male,East,Premium,1 Year,10,82.3,1345.11,Credit Card,Standard,2,4.7,2.9,51.0,1495.49,1712.67,2026-08-11 19:48:51.394870,Medium,Good
3013,32,Female,West,Basic,Monthly,1,34.33,539.74,Debit Card,Standard,4,1.0,2.9,9.0,1899.83,1682.99,2026-08-11 19:48:51.394873,Low,Needs Improvement
3014,21,Female,East,Business,Monthly,7,61.44,1218.43,Bank Transfer,Standard,4,43.9,3.2,44.0,977.12,255.97,2026-06-16 19:48:51.394877,Medium,Needs Improvement
3015,62,Male,North,Basic,Monthly,17,59.58,50.0,Mobile Money,Standard,2,3.0,4.5,25.0,717.96,1518.36,2026-06-21 19:48:51.394880,Low,Good
3016,29,Female,North,Standard,1 Year,26,63.93,90.58,Mobile Money,Standard,1,23.6,3.0,6.0,774.58,1093.06,2026-08-22 19:48:51.394884,Low,Excellent
3017,49,Male,West,Premium,Monthly,6,71.61,1263.43,Debit Card,Basic,3,5.1,1.4,57.99999999999999,1517.61,1429.94,2026-06-05 19:48:51.394887,Medium,Good
3018,49,Female,South,Basic,2 Year,3,80.36,1384.15,Cash,Basic,1,20.7,1.7,44.0,685.86,2014.83,2026-06-17 19:48:51.394891,Medium,Excellent
3019,45,Female,Central,Standard,1 Year,5,84.61,865.2,Mobile Money,Premium,4,4.6,2.7,9.0,1136.37,1758.69,2026-06-23 19:48:51.394894,Low,Needs Improvement
3020,30,Female,East,Business,Monthly,10,56.4,1454.19,Bank Transfer,Standard,0,13.5,3.9,24.0,835.54,1367.48,2026-07-02 19:48:51.394897,Low,Excellent
3021,48,Male,Central,Business,Monthly,3,61.21,165.87,Credit Card,Standard,0,11.1,3.5,37.0,300.0,1297.18,2026-08-17 19:48:51.394901,Medium,Excellent
3022,31,Female,North,Premium,1 Year,4,73.77,921.48,Credit Card,Standard,2,23.5,3.7,17.0,1158.25,100.0,2026-07-25 19:48:51.394904,Low,Good
3023,37,Female,South,Basic,2 Year,1,69.5,688.26,Mobile Money,Premium,0,8.1,5.0,12.0,1425.28,1846.7,2026-08-24 19:48:51.394908,Low,Excellent
3024,35,Male,South,Standard,Monthly,46,79.27,1129.92,Debit Card,Standard,4,2.1,5.0,23.0,1734.52,1596.16,2026-07-12 19:48:51.394912,Low,Needs Improvement
3025,46,Male,Central,Premium,2 Year,5,76.24,956.13,Credit Card,Premium,4,6.2,2.5,18.0,1556.7,343.48,2026-08-10 19:48:51.394915,Low,Needs Improvement
3026,23,Male,North,Basic,Monthly,41,44.4,3011.87,Debit Card,Basic,4,1.3,2.3,61.0,1026.16,2085.28,2026-06-07 19:48:51.394918,High,Needs Improvement
3027,49,Male,Central,Business,Monthly,13,111.86,437.39,Credit Card,Basic,3,3.3,5.0,16.0,1213.17,1520.36,2026-06-07 19:48:51.394922,Low,Good
3028,46,Female,West,Business,2 Year,24,65.09,1196.11,Mobile Money,Basic,3,12.5,3.9,46.0,1303.26,1779.79,2026-06-30 19:48:51.394925,Medium,Good
3029,60,Male,South,Business,Monthly,1,82.49,3429.88,Mobile Money,Premium,1,1.0,3.8,22.0,1930.14,2857.79,2026-07-12 19:48:51.394929,Low,Excellent
3030,19,Male,South,Standard,1 Year,21,80.26,1688.78,Debit Card,Premium,0,7.8,2.6,39.0,1963.88,2123.01,2026-07-23 19:48:51.394932,Medium,Excellent
3031,40,Female,West,Premium,Monthly,8,71.8,1168.45,Credit Card,Basic,3,9.4,2.2,22.0,2330.77,1925.01,2026-06-27 19:48:51.394936,Low,Good
3032,36,Male,North,Standard,2 Year,2,71.56,1852.59,Debit Card,Standard,2,18.4,1.0,59.0,1375.19,809.32,2026-07-04 19:48:51.394939,Medium,Good
3033,48,Female,South,Basic,2 Year,57,88.18,1704.32,Credit Card,Standard,2,11.3,3.9,22.0,2100.65,1178.07,2026-06-06 19:48:51.394943,Low,Good
3034,68,Male,East,Business,2 Year,22,59.79,316.89,Debit Card,Basic,0,4.1,4.8,25.0,1303.14,1039.83,2026-06-20 19:48:51.394946,Low,Excellent
3035,22,Female,East,Business,Monthly,6,84.39,50.0,Mobile Money,Basic,2,11.6,4.5,38.0,1443.19,1963.92,2026-07-27 19:48:51.394949,Medium,Good
3036,36,Female,North,Standard,Monthly,13,77.56,1277.34,Credit Card,Basic,2,7.9,4.1,38.0,1060.36,2226.0,2026-07-01 19:48:51.394953,Medium,Good
3037,51,Female,West,Standard,1 Year,10,94.39,816.5,Debit Card,Premium,4,7.1,2.6,15.0,1663.6,1197.64,2026-07-19 19:48:51.394956,Low,Needs Improvement
3038,27,Male,Central,Basic,Monthly,28,52.59,3019.08,Credit Card,Basic,1,1.0,2.1,17.0,470.11,928.54,2026-07-06 19:48:51.394960,Low,Excellent
3039,42,Female,North,Standard,1 Year,22,67.11,2095.32,Debit Card,Standard,1,6.2,4.6,28.000000000000004,2059.21,1728.42,2026-08-23 19:48:51.394965,Low,Excellent
3040,19,Male,Central,Premium,1 Year,1,43.62,2095.03,Credit Card,Standard,2,16.1,2.4,15.0,1515.54,938.31,2026-07-14 19:48:51.394968,Low,Good
3041,28,Male,North,Business,Monthly,5,92.74,50.0,Debit Card,Premium,1,4.6,2.8,45.0,1686.28,1081.73,2026-06-09 19:48:51.394972,Medium,Excellent
3042,67,Male,East,Business,1 Year,15,46.52,728.0,Debit Card,Basic,3,9.7,2.9,38.0,1539.47,2619.04,2026-07-02 19:48:51.394975,Medium,Good
3043,48,Female,West,Standard,2 Year,14,73.3,1191.71,Mobile Money,Basic,2,18.7,3.8,23.0,2149.87,467.71,2026-06-13 19:48:51.394979,Low,Good
3044,73,Male,East,Premium,2 Year,17,53.66,611.89,Debit Card,Standard,1,6.1,3.9,2.0,1669.47,1461.71,2026-06-23 19:48:51.394982,Low,Excellent
3045,32,Female,West,Business,Monthly,30,93.53,699.93,Bank Transfer,Premium,3,1.0,4.8,17.0,711.03,2993.62,2026-08-11 19:48:51.394985,Low,Good
3046,26,Male,Central,Standard,Monthly,27,63.54,994.39,Cash,Standard,0,1.0,3.8,33.0,844.44,100.0,2026-08-06 19:48:51.394989,Medium,Excellent
3047,40,Male,North,Business,Monthly,11,81.28,1299.61,Bank Transfer,Standard,3,12.8,3.7,32.0,1355.75,1083.13,2026-08-19 19:48:51.394992,Medium,Good
3048,36,Female,South,Standard,Monthly,50,37.9,3364.96,Debit Card,Standard,1,1.0,5.0,22.0,863.0,1713.36,2026-08-12 19:48:51.394997,Low,Excellent
3049,26,Male,South,Premium,Monthly,1,49.22,662.43,Credit Card,Basic,2,48.0,3.0,48.0,776.38,3193.18,2026-08-19 19:48:51.395000,Medium,Good
3050,52,Female,West,Basic,2 Year,21,80.18,1876.52,Mobile Money,Standard,2,1.1,3.8,11.0,974.98,472.9,2026-08-10 19:48:51.395004,Low,Good
3051,38,Male,West,Business,Monthly,71,97.27,2370.9,Bank Transfer,Premium,2,11.9,2.6,28.999999999999996,1472.1,1284.46,2026-06-20 19:48:51.395007,Low,Good
3052,26,Female,East,Basic,Monthly,19,78.15,403.89,Credit Card,Basic,2,16.2,4.0,7.000000000000001,2090.11,857.92,2026-06-13 19:48:51.395011,Low,Good
3053,45,Female,South,Business,Monthly,14,124.57,2809.93,Credit Card,Basic,1,2.9,4.8,49.0,2131.17,3207.02,2026-08-16 19:48:51.395014,Medium,Excellent
3054,63,Male,East,Basic,Monthly,3,84.79,1388.41,Debit Card,Basic,2,6.2,3.0,3.0,1779.83,1233.72,2026-07-18 19:48:51.395017,Low,Good
3055,68,Male,Central,Business,Monthly,39,65.4,50.0,Credit Card,Premium,2,24.4,5.0,24.0,1206.86,829.14,2026-06-11 19:48:51.395021,Low,Good
3056,24,Female,South,Standard,1 Year,11,56.98,2177.44,Bank Transfer,Basic,2,24.8,3.8,13.0,1347.82,1475.37,2026-06-13 19:48:51.395024,Low,Good
3057,33,Female,Central,Business,Monthly,28,110.43,50.0,Credit Card,Standard,2,21.3,4.5,6.0,1443.82,2031.05,2026-06-25 19:48:51.395028,Low,Good
3058,33,Male,North,Standard,Monthly,5,85.19,2366.32,Debit Card,Basic,1,2.6,2.0,54.0,1004.27,2873.28,2026-06-11 19:48:51.395031,Medium,Excellent
3059,50,Male,East,Standard,Monthly,1,52.11,1978.69,Credit Card,Basic,2,1.0,5.0,38.0,1628.9,559.16,2026-06-22 19:48:51.395035,Medium,Good
3060,21,Female,West,Standard,1 Year,8,48.53,367.78,Debit Card,Premium,2,1.0,5.0,19.0,1800.31,2407.56,2026-06-18 19:48:51.395038,Low,Good
3061,21,Female,South,Standard,Monthly,7,48.41,887.94,Credit Card,Premium,1,1.2,1.4,14.000000000000002,1071.36,1790.7,2026-06-27 19:48:51.395042,Low,Excellent
3062,56,Male,East,Premium,Monthly,49,77.78,1747.6,Bank Transfer,Standard,2,8.9,2.1,20.0,300.0,2057.48,2026-07-06 19:48:51.395045,Low,Good
3063,57,Female,West,Business,2 Year,48,27.05,756.04,Cash,Basic,2,13.0,4.8,47.0,584.22,379.49,2026-06-21 19:48:51.395049,Medium,Good
3064,34,Male,North,Standard,Monthly,18,52.23,2592.08,Mobile Money,Basic,2,1.0,4.9,16.0,1803.28,843.09,2026-06-23 19:48:51.395052,Low,Good
3065,54,Female,South,Premium,1 Year,1,72.44,1931.75,Credit Card,Basic,3,17.7,1.6,18.0,557.65,736.94,2026-07-15 19:48:51.395056,Low,Good
3066,56,Male,Central,Business,2 Year,6,65.69,50.0,Debit Card,Standard,2,11.0,4.7,36.0,1603.88,928.68,2026-07-15 19:48:51.395059,Medium,Good
3067,69,Female,North,Business,Monthly,24,53.63,1059.67,Debit Card,Standard,1,6.0,3.0,19.0,1153.88,2290.31,2026-07-18 19:48:51.395062,Low,Excellent
3068,46,Female,West,Business,2 Year,2,82.37,1615.79,Cash,Basic,1,36.8,3.7,24.0,2122.99,1947.47,2026-08-05 19:48:51.395066,Low,Excellent
3069,69,Female,South,Standard,2 Year,28,82.24,576.32,Mobile Money,Basic,0,2.5,3.5,41.0,1469.84,1019.65,2026-07-22 19:48:51.395069,Medium,Excellent
3070,53,Female,South,Standard,Monthly,1,59.59,2073.34,Credit Card,Standard,7,2.0,2.9,36.0,300.0,100.0,2026-08-06 19:48:51.395073,Medium,Needs Improvement
3071,55,Female,North,Basic,2 Year,27,51.71,1691.61,Credit Card,Premium,0,3.3,3.5,11.0,1369.43,1117.99,2026-07-15 19:48:51.395076,Low,Excellent
3072,56,Female,South,Standard,Monthly,44,86.61,1774.58,Bank Transfer,Basic,0,6.0,2.7,33.0,1380.74,614.04,2026-08-01 19:48:51.395080,Medium,Excellent
3073,67,Male,West,Basic,Monthly,15,61.03,947.98,Credit Card,Standard,4,3.9,3.1,14.000000000000002,1293.58,2897.11,2026-06-28 19:48:51.395083,Low,Needs Improvement
3074,54,Female,North,Standard,2 Year,42,65.35,384.99,Cash,Standard,2,14.2,2.4,62.0,844.0,720.95,2026-07-31 19:48:51.395087,High,Good
3075,69,Female,Central,Basic,2 Year,36,84.57,2174.06,Cash,Basic,1,18.0,5.0,25.0,1608.92,2111.28,2026-07-12 19:48:51.395090,Low,Excellent
3076,52,Female,North,Basic,1 Year,26,37.5,2608.32,Mobile Money,Premium,3,27.2,3.2,37.0,1239.67,2423.42,2026-06-17 19:48:51.395093,Medium,Good
3077,24,Male,North,Standard,Monthly,14,52.04,2026.53,Credit Card,Premium,3,13.6,5.0,16.0,1827.11,1667.44,2026-07-20 19:48:51.395097,Low,Good
3078,44,Male,Central,Standard,1 Year,7,58.48,1912.94,Debit Card,Standard,2,7.5,4.5,23.0,1314.27,819.87,2026-06-21 19:48:51.395100,Low,Good
3079,45,Male,West,Business,1 Year,47,112.68,1249.96,Debit Card,Standard,1,7.6,5.0,36.0,1513.65,967.76,2026-06-04 19:48:51.395104,Medium,Excellent
3080,39,Female,East,Business,Monthly,25,33.68,633.19,Mobile Money,Premium,2,1.7,3.3,25.0,1188.94,2767.4,2026-08-09 19:48:51.395107,Low,Good
3081,31,Male,East,Basic,2 Year,38,65.99,1793.29,Credit Card,Standard,0,2.4,3.6,6.0,1176.03,2214.15,2026-07-20 19:48:51.395111,Low,Excellent
3082,24,Female,Central,Basic,Monthly,19,42.84,698.41,Debit Card,Standard,1,47.2,3.9,10.0,1679.25,3483.02,2026-08-26 19:48:51.395114,Low,Excellent
3083,54,Female,West,Basic,Monthly,4,122.73,2001.54,Credit Card,Premium,2,2.4,2.3,16.0,1614.97,592.35,2026-07-28 19:48:51.395118,Low,Good
3084,39,Female,South,Basic,Monthly,93,71.67,1417.65,Debit Card,Standard,4,5.0,3.9,31.0,1242.2,1961.86,2026-06-05 19:48:51.395121,Medium,Needs Improvement
3085,22,Female,Central,Basic,Monthly,4,41.17,50.0,Cash,Basic,1,3.9,3.4,67.0,1084.77,2031.17,2026-07-03 19:48:51.395124,High,Excellent
3086,72,Male,East,Standard,1 Year,58,23.85,1244.79,Cash,Basic,1,9.3,5.0,21.0,1780.82,1557.43,2026-07-17 19:48:51.395128,Low,Excellent
3087,19,Male,West,Standard,Monthly,5,80.3,205.5,Mobile Money,Standard,0,3.3,5.0,18.0,725.55,2107.08,2026-07-28 19:48:51.395131,Low,Excellent
3088,44,Male,North,Standard,1 Year,11,69.83,87.49,Cash,Standard,4,9.2,5.0,28.999999999999996,1282.42,1932.86,2026-06-22 19:48:51.395135,Low,Needs Improvement
3089,38,Female,West,Standard,Monthly,13,80.89,50.0,Credit Card,Premium,1,25.9,1.6,18.0,842.75,1958.95,2026-06-02 19:48:51.395138,Low,Excellent
3090,71,Male,West,Premium,Monthly,61,39.84,121.2,Bank Transfer,Basic,2,2.3,4.6,15.0,1695.49,959.29,2026-06-17 19:48:51.395142,Low,Good
3091,55,Female,East,Standard,1 Year,52,111.71,248.56,Debit Card,Standard,2,3.7,3.4,23.0,810.79,482.24,2026-07-07 19:48:51.395145,Low,Good
3092,32,Male,East,Standard,Monthly,41,67.05,2217.19,Debit Card,Basic,3,3.4,3.0,21.0,1493.27,100.0,2026-08-18 19:48:51.395149,Low,Good
3093,38,Male,South,Standard,1 Year,11,75.61,1659.04,Debit Card,Premium,1,2.9,5.0,8.0,658.98,520.35,2026-06-15 19:48:51.395152,Low,Excellent
3094,27,Male,South,Basic,1 Year,1,80.6,2799.34,Mobile Money,Standard,0,2.5,2.6,67.0,1398.33,3526.96,2026-08-17 19:48:51.395155,High,Excellent
3095,40,Female,Central,Business,1 Year,27,67.57,1044.08,Debit Card,Standard,0,8.0,4.0,46.0,1292.21,1037.75,2026-06-16 19:48:51.395159,Medium,Excellent
3096,73,Female,North,Premium,1 Year,12,97.64,164.04,Bank Transfer,Standard,4,6.4,2.7,70.0,1029.64,2761.88,2026-08-12 19:48:51.395162,High,Needs Improvement
3097,56,Male,South,Basic,2 Year,33,51.75,1192.92,Bank Transfer,Basic,1,5.7,1.0,30.0,1305.08,1437.14,2026-07-17 19:48:51.395166,Low,Excellent
3098,22,Female,East,Standard,2 Year,38,90.56,860.19,Credit Card,Premium,3,12.9,2.0,19.0,806.24,1165.34,2026-07-09 19:48:51.395169,Low,Good
3099,18,Male,West,Business,Monthly,13,98.33,1538.47,Credit Card,Basic,3,1.3,1.0,46.0,1184.77,2448.21,2026-06-06 19:48:51.395173,Medium,Good
3100,30,Female,Central,Standard,1 Year,33,90.92,60.84,Mobile Money,Basic,4,1.5,3.3,13.0,1175.26,1432.73,2026-06-29 19:48:51.395176,Low,Needs Improvement
3101,38,Female,South,Standard,Monthly,43,100.86,1238.15,Debit Card,Standard,7,5.8,2.3,13.0,1957.21,1265.17,2026-07-31 19:48:51.395180,Low,Needs Improvement
3102,43,Male,West,Basic,Monthly,63,46.74,2278.28,Mobile Money,Basic,0,3.5,5.0,28.000000000000004,1245.84,1513.3,2026-06-27 19:48:51.395183,Low,Excellent
3103,67,Female,West,Standard,Monthly,20,77.42,2290.54,Credit Card,Standard,3,1.5,4.5,17.0,3067.19,1054.21,2026-07-08 19:48:51.395186,Low,Good
3104,62,Male,South,Business,2 Year,36,75.44,2151.9,Mobile Money,Standard,4,9.4,2.7,18.0,675.94,2741.12,2026-07-30 19:48:51.395190,Low,Needs Improvement
3105,38,Female,North,Standard,1 Year,16,66.87,1640.94,Mobile Money,Basic,1,5.5,2.6,7.000000000000001,1620.72,936.31,2026-08-16 19:48:51.395193,Low,Excellent
3106,70,Male,North,Basic,Monthly,1,80.67,1952.07,Debit Card,Standard,2,1.8,3.1,20.0,455.74,1986.54,2026-08-10 19:48:51.395197,Low,Good
3107,35,Female,Central,Standard,Monthly,4,95.18,1169.05,Debit Card,Standard,3,2.5,3.3,25.0,920.61,2946.42,2026-06-02 19:48:51.395200,Low,Good
3108,54,Male,North,Basic,2 Year,3,46.94,1536.55,Debit Card,Basic,0,10.3,5.0,11.0,1815.2,2008.56,2026-06-03 19:48:51.395204,Low,Excellent
3109,62,Female,Central,Business,Monthly,4,34.82,1096.91,Credit Card,Basic,2,3.2,3.2,32.0,1805.63,1757.9,2026-08-23 19:48:51.395207,Medium,Good
3110,49,Female,East,Basic,Monthly,1,59.87,762.51,Bank Transfer,Standard,2,1.8,3.9,20.0,1351.15,760.7,2026-06-17 19:48:51.395211,Low,Good
3111,53,Female,South,Basic,2 Year,46,20.0,1405.66,Credit Card,Basic,4,27.0,3.1,17.0,850.71,1001.33,2026-07-23 19:48:51.395214,Low,Needs Improvement
3112,34,Female,West,Basic,1 Year,19,63.27,2560.67,Mobile Money,Premium,1,1.0,4.5,43.0,1884.27,2386.01,2026-07-08 19:48:51.395217,Medium,Excellent
3113,52,Female,Central,Business,Monthly,11,100.74,1423.02,Mobile Money,Standard,2,1.3,4.7,30.0,2102.98,100.0,2026-06-08 19:48:51.395221,Low,Good
3114,66,Male,North,Basic,Monthly,12,29.41,1586.51,Bank Transfer,Basic,3,10.1,5.0,44.0,836.36,3344.1,2026-06-18 19:48:51.395224,Medium,Good
3115,28,Male,Central,Standard,2 Year,14,54.56,1821.88,Credit Card,Standard,2,4.4,4.9,27.0,1379.17,1313.1,2026-07-15 19:48:51.395228,Low,Good
3116,38,Male,Central,Basic,2 Year,1,36.58,1458.03,Credit Card,Standard,1,11.2,1.0,24.0,1757.35,3304.93,2026-07-21 19:48:51.395231,Low,Excellent
3117,69,Female,North,Standard,Monthly,7,74.92,1023.88,Mobile Money,Standard,2,6.4,2.0,17.0,1375.54,851.37,2026-07-29 19:48:51.395235,Low,Good
3118,72,Male,North,Premium,Monthly,45,80.92,1824.71,Mobile Money,Premium,1,1.0,4.1,27.0,1133.88,1378.19,2026-07-30 19:48:51.395238,Low,Excellent
3119,70,Female,South,Business,Monthly,32,65.54,613.94,Debit Card,Premium,3,9.2,4.1,28.999999999999996,1365.05,740.6,2026-08-25 19:48:51.395242,Low,Good
3120,43,Female,West,Standard,1 Year,19,47.88,2141.34,Debit Card,Standard,0,13.1,3.5,18.0,935.58,287.03,2026-07-24 19:48:51.395245,Low,Excellent
3121,21,Male,South,Standard,1 Year,15,69.76,2208.1,Debit Card,Standard,0,6.4,5.0,33.0,300.0,2346.46,2026-06-10 19:48:51.395248,Medium,Excellent
3122,51,Male,South,Standard,Monthly,7,95.93,1162.16,Mobile Money,Basic,1,2.9,5.0,21.0,888.24,1432.65,2026-06-17 19:48:51.395252,Low,Excellent
3123,69,Male,North,Standard,1 Year,15,87.24,670.35,Bank Transfer,Standard,2,1.0,3.0,11.0,1850.0,2839.2,2026-07-27 19:48:51.395256,Low,Good
3124,65,Male,North,Basic,1 Year,21,54.83,2907.46,Credit Card,Standard,5,19.0,1.9,26.0,667.7,1878.68,2026-07-05 19:48:51.395259,Low,Needs Improvement
3125,35,Male,West,Business,1 Year,29,56.9,638.64,Bank Transfer,Basic,3,9.8,4.3,28.999999999999996,1583.14,530.94,2026-06-17 19:48:51.395264,Low,Good
3126,57,Male,Central,Business,2 Year,4,56.21,964.21,Credit Card,Basic,3,1.0,3.1,57.99999999999999,1668.27,1414.43,2026-07-19 19:48:51.395268,Medium,Good
3127,52,Female,South,Basic,Monthly,40,77.26,50.0,Bank Transfer,Premium,0,14.7,1.2,56.99999999999999,2816.5,570.73,2026-06-16 19:48:51.395271,Medium,Excellent
3128,58,Female,West,Standard,Monthly,10,30.45,2300.22,Mobile Money,Premium,4,1.0,4.1,27.0,1328.63,1858.09,2026-08-03 19:48:51.395275,Low,Needs Improvement
3129,46,Male,South,Standard,1 Year,16,78.57,51.45,Mobile Money,Standard,1,9.9,4.3,34.0,2079.85,759.41,2026-06-10 19:48:51.395278,Medium,Excellent
3130,69,Male,Central,Standard,2 Year,22,51.46,1590.12,Bank Transfer,Basic,4,9.5,3.0,14.000000000000002,1557.08,1231.88,2026-06-29 19:48:51.395282,Low,Needs Improvement
3131,46,Male,South,Standard,Monthly,16,58.38,1443.35,Credit Card,Standard,6,19.8,3.6,54.0,314.06,1557.03,2026-06-13 19:48:51.395285,Medium,Needs Improvement
3132,55,Female,East,Business,2 Year,20,46.73,1137.54,Mobile Money,Basic,6,1.4,4.2,47.0,877.83,449.11,2026-06-22 19:48:51.395288,Medium,Needs Improvement
3133,59,Female,West,Standard,Monthly,2,83.28,766.26,Mobile Money,Basic,2,6.7,5.0,21.0,1476.16,1251.77,2026-08-01 19:48:51.395292,Low,Good
3134,38,Male,North,Basic,Monthly,13,50.18,1552.51,Bank Transfer,Basic,0,6.3,4.5,6.0,2461.02,2753.26,2026-06-03 19:48:51.395295,Low,Excellent
3135,59,Male,South,Standard,Monthly,7,41.02,2594.19,Credit Card,Basic,0,1.0,2.0,30.0,1783.88,1997.17,2026-08-05 19:48:51.395299,Low,Excellent
3136,30,Female,West,Premium,2 Year,2,50.52,997.7,Credit Card,Standard,1,8.1,5.0,10.0,1253.28,2483.96,2026-08-16 19:48:51.395303,Low,Excellent
3137,66,Female,West,Basic,1 Year,5,37.95,50.0,Credit Card,Basic,2,2.3,5.0,32.0,1596.97,426.35,2026-06-23 19:48:51.395306,Medium,Good
3138,58,Male,South,Standard,Monthly,22,86.54,50.0,Credit Card,Basic,0,3.2,4.3,25.0,987.52,1201.82,2026-07-31 19:48:51.395310,Low,Excellent
3139,34,Female,North,Business,2 Year,5,37.43,1049.4,Credit Card,Basic,2,2.2,5.0,21.0,1359.18,724.18,2026-08-12 19:48:51.395313,Low,Good
3140,73,Male,North,Basic,1 Year,4,63.92,834.88,Credit Card,Standard,1,1.0,2.3,10.0,727.17,1960.86,2026-06-20 19:48:51.395316,Low,Excellent
3141,26,Male,South,Business,2 Year,19,48.73,1063.08,Cash,Premium,1,1.5,3.8,35.0,1463.74,100.0,2026-07-23 19:48:51.395320,Medium,Excellent
3142,58,Female,West,Basic,Monthly,56,104.21,1428.82,Bank Transfer,Standard,0,1.9,4.8,38.0,1932.53,1950.16,2026-06-22 19:48:51.395324,Medium,Excellent
3143,18,Female,North,Standard,Monthly,37,75.57,813.1,Debit Card,Standard,1,6.9,4.1,50.0,2283.33,2488.81,2026-06-13 19:48:51.395327,Medium,Excellent
3144,19,Male,South,Basic,1 Year,56,49.27,3408.11,Credit Card,Standard,2,1.2,2.9,27.0,2982.57,1881.0,2026-08-17 19:48:51.395331,Low,Good
3145,65,Female,South,Standard,1 Year,20,69.29,1505.96,Cash,Standard,2,20.3,2.6,46.0,2729.18,1173.67,2026-08-15 19:48:51.395334,Medium,Good
3146,46,Male,South,Business,1 Year,12,42.27,1921.56,Debit Card,Basic,1,2.1,4.1,23.0,763.67,2705.57,2026-08-19 19:48:51.395338,Low,Excellent
3147,50,Female,West,Standard,1 Year,31,81.79,1074.88,Cash,Premium,2,8.4,4.7,26.0,2637.04,1035.84,2026-06-26 19:48:51.395341,Low,Good
3148,27,Female,North,Basic,1 Year,7,69.19,1080.33,Bank Transfer,Premium,3,1.4,2.4,50.0,1951.88,1567.93,2026-07-28 19:48:51.395344,Medium,Good
3149,67,Female,West,Basic,Monthly,1,75.47,724.95,Credit Card,Basic,3,12.7,3.2,20.0,2003.06,1855.1,2026-08-05 19:48:51.395348,Low,Good
3150,57,Female,East,Standard,1 Year,10,41.16,1260.21,Mobile Money,Premium,4,1.0,5.0,37.0,2150.46,521.7,2026-06-23 19:48:51.395351,Medium,Needs Improvement
3151,38,Male,North,Basic,Monthly,8,30.4,50.0,Debit Card,Premium,4,10.7,4.6,47.0,847.66,2905.7,2026-06-03 19:48:51.395355,Medium,Needs Improvement
3152,45,Female,West,Business,Monthly,27,23.41,50.0,Debit Card,Premium,3,4.0,3.5,49.0,1993.47,1765.7,2026-08-09 19:48:51.395358,Medium,Good
3153,28,Female,North,Premium,Monthly,19,25.31,703.89,Mobile Money,Standard,3,5.0,5.0,34.0,342.7,2122.77,2026-07-19 19:48:51.395362,Medium,Good
3154,72,Female,East,Premium,1 Year,3,65.27,442.9,Mobile Money,Premium,2,3.6,4.7,25.0,1002.33,1179.71,2026-07-11 19:48:51.395365,Low,Good
3155,51,Male,Central,Basic,2 Year,57,113.05,704.24,Mobile Money,Standard,2,4.1,4.1,13.0,777.51,1570.49,2026-08-23 19:48:51.395369,Low,Good
3156,25,Female,South,Basic,Monthly,21,55.02,930.75,Mobile Money,Basic,2,1.0,4.1,13.0,2349.15,1678.18,2026-06-19 19:48:51.395372,Low,Good
3157,39,Female,West,Standard,Monthly,14,50.53,968.77,Bank Transfer,Premium,1,1.0,3.0,20.0,2007.18,1498.06,2026-06-30 19:48:51.395376,Low,Excellent
3158,25,Male,East,Basic,Monthly,66,63.64,1850.1,Bank Transfer,Standard,4,12.6,4.9,33.0,1245.77,2017.66,2026-08-05 19:48:51.395379,Medium,Needs Improvement
3159,66,Female,East,Standard,2 Year,2,45.34,1818.38,Mobile Money,Basic,3,1.9,2.8,43.0,1445.03,1442.49,2026-06-20 19:48:51.395383,Medium,Good
3160,32,Male,North,Standard,1 Year,37,32.95,1177.09,Bank Transfer,Premium,1,7.5,4.8,23.0,1954.33,653.2,2026-07-15 19:48:51.395386,Low,Excellent
3161,34,Male,North,Business,2 Year,10,48.64,2788.16,Credit Card,Premium,4,8.5,4.9,34.0,1834.15,944.13,2026-06-18 19:48:51.395390,Medium,Needs Improvement
3162,40,Female,South,Basic,2 Year,28,59.33,826.74,Bank Transfer,Premium,2,9.6,3.1,31.0,1976.58,644.72,2026-08-01 19:48:51.395393,Medium,Good
3163,41,Female,North,Premium,Monthly,64,111.49,1865.88,Credit Card,Premium,2,7.3,1.8,48.0,338.12,1599.86,2026-08-13 19:48:51.395397,Medium,Good
3164,62,Female,West,Standard,Monthly,17,52.79,1604.53,Credit Card,Standard,3,7.9,4.7,25.0,1033.8,3431.42,2026-07-25 19:48:51.395400,Low,Good
3165,36,Male,West,Business,Monthly,1,69.87,1026.16,Credit Card,Standard,2,7.0,4.7,15.0,937.52,1573.91,2026-07-06 19:48:51.395404,Low,Good
3166,22,Female,West,Business,Monthly,1,30.7,1096.03,Credit Card,Premium,1,21.1,4.3,12.0,622.9,461.59,2026-08-22 19:48:51.395407,Low,Excellent
3167,49,Male,Central,Standard,Monthly,9,82.35,847.09,Credit Card,Basic,2,8.7,2.0,27.0,1074.19,1318.76,2026-08-01 19:48:51.395411,Low,Good
3168,61,Male,West,Business,Monthly,36,46.52,1806.91,Credit Card,Premium,1,3.5,4.2,25.0,1656.89,1666.99,2026-08-08 19:48:51.395414,Low,Excellent
3169,18,Male,North,Basic,1 Year,8,36.77,2199.04,Bank Transfer,Standard,4,3.5,5.0,21.0,451.61,2740.56,2026-06-04 19:48:51.395417,Low,Needs Improvement
3170,40,Female,North,Standard,1 Year,9,39.3,1229.26,Credit Card,Premium,4,1.0,5.0,16.0,570.6,2890.43,2026-08-05 19:48:51.395421,Low,Needs Improvement
3171,54,Female,West,Standard,Monthly,36,48.95,50.0,Credit Card,Standard,1,38.4,5.0,26.0,2022.07,1729.95,2026-08-26 19:48:51.395425,Low,Excellent
3172,25,Female,East,Basic,1 Year,2,36.1,1636.95,Mobile Money,Basic,0,17.7,4.5,41.0,1372.09,2777.64,2026-08-25 19:48:51.395428,Medium,Excellent
3173,30,Female,East,Standard,Monthly,45,72.28,1056.73,Mobile Money,Premium,0,1.0,4.4,38.0,943.38,420.29,2026-06-16 19:48:51.395432,Medium,Excellent
3174,25,Male,East,Basic,1 Year,7,37.89,355.94,Debit Card,Standard,3,15.8,3.2,35.0,1780.85,1367.74,2026-08-04 19:48:51.395435,Medium,Good
3175,74,Female,South,Business,1 Year,1,81.15,1260.23,Mobile Money,Basic,2,1.2,5.0,45.0,1129.96,2791.37,2026-06-15 19:48:51.395438,Medium,Good
3176,40,Male,Central,Premium,Monthly,2,52.28,921.68,Bank Transfer,Basic,3,2.2,4.0,36.0,1742.97,966.88,2026-07-22 19:48:51.395442,Medium,Good
3177,60,Female,West,Premium,1 Year,73,42.08,322.84,Credit Card,Standard,2,9.1,5.0,13.0,1174.26,100.0,2026-08-03 19:48:51.395445,Low,Good
3178,18,Male,South,Basic,1 Year,14,47.92,1023.0,Mobile Money,Basic,3,10.5,3.5,9.0,1494.8,822.33,2026-08-24 19:48:51.395449,Low,Good
3179,62,Female,East,Basic,Monthly,7,39.61,2328.82,Cash,Premium,2,5.6,4.5,53.0,1885.98,2128.64,2026-08-24 19:48:51.395452,Medium,Good
3180,68,Female,West,Business,Monthly,17,65.54,1313.42,Bank Transfer,Basic,2,27.5,3.7,45.0,1478.36,823.11,2026-07-06 19:48:51.395456,Medium,Good
3181,41,Female,South,Standard,2 Year,27,51.37,1220.59,Credit Card,Standard,2,5.4,2.0,28.999999999999996,1471.3,318.64,2026-07-12 19:48:51.395459,Low,Good
3182,52,Female,North,Premium,Monthly,9,92.78,1557.38,Credit Card,Basic,5,2.4,2.9,18.0,2191.73,303.76,2026-06-18 19:48:51.395463,Low,Needs Improvement
3183,41,Male,East,Business,1 Year,31,20.0,1388.36,Credit Card,Basic,2,1.0,3.3,46.0,648.36,2088.48,2026-07-09 19:48:51.395466,Medium,Good
3184,34,Female,South,Standard,2 Year,6,94.2,975.42,Debit Card,Basic,0,16.2,5.0,7.000000000000001,606.69,3557.52,2026-08-11 19:48:51.395470,Low,Excellent
3185,22,Male,North,Premium,Monthly,2,48.18,1356.04,Debit Card,Standard,0,4.0,2.5,36.0,2560.8,1423.93,2026-08-26 19:48:51.395473,Medium,Excellent
3186,37,Female,East,Standard,Monthly,19,105.01,1267.3,Debit Card,Standard,1,12.2,2.6,7.000000000000001,1292.95,1298.38,2026-06-06 19:48:51.395477,Low,Excellent
3187,38,Female,Central,Standard,2 Year,3,68.01,50.0,Debit Card,Standard,1,11.9,2.9,56.99999999999999,2369.24,1508.89,2026-07-06 19:48:51.395480,Medium,Excellent
3188,57,Male,East,Basic,Monthly,67,94.99,1623.37,Debit Card,Premium,3,1.0,5.0,38.0,849.94,100.0,2026-08-12 19:48:51.395483,Medium,Good
3189,48,Female,Central,Standard,1 Year,1,63.1,1235.98,Debit Card,Standard,2,13.8,3.6,37.0,824.98,1502.94,2026-07-24 19:48:51.395487,Medium,Good
3190,63,Female,Central,Standard,1 Year,33,61.56,1633.13,Credit Card,Standard,2,2.7,3.7,25.0,1660.36,2107.64,2026-08-05 19:48:51.395490,Low,Good
3191,53,Male,Central,Standard,1 Year,7,41.28,1184.74,Debit Card,Basic,3,14.7,4.8,12.0,952.64,1719.65,2026-06-01 19:48:51.395494,Low,Good
3192,28,Female,West,Premium,2 Year,44,62.71,919.38,Cash,Standard,1,5.4,5.0,37.0,1238.37,1930.22,2026-06-09 19:48:51.395497,Medium,Excellent
3193,69,Male,West,Basic,2 Year,1,40.0,437.06,Bank Transfer,Basic,2,7.2,5.0,40.0,1179.09,1302.69,2026-06-24 19:48:51.395501,Medium,Good
3194,32,Female,Central,Business,1 Year,73,69.68,1328.94,Debit Card,Basic,0,1.0,5.0,50.0,300.0,100.0,2026-06-03 19:48:51.395504,Medium,Excellent
3195,36,Female,North,Premium,2 Year,2,69.03,1325.7,Credit Card,Basic,1,3.8,3.6,18.0,1217.36,937.06,2026-08-11 19:48:51.395508,Low,Excellent
3196,24,Female,Central,Standard,2 Year,37,61.93,2279.81,Credit Card,Basic,4,28.3,3.3,35.0,1247.78,2081.62,2026-07-15 19:48:51.395511,Medium,Needs Improvement
3197,68,Female,South,Basic,2 Year,17,95.92,813.62,Bank Transfer,Premium,2,20.8,3.6,3.0,1507.62,1869.69,2026-08-15 19:48:51.395515,Low,Good
3198,45,Male,Central,Business,1 Year,13,77.44,2061.21,Debit Card,Standard,2,41.2,1.7,22.0,750.83,1821.33,2026-06-06 19:48:51.395518,Low,Good
3199,68,Female,West,Premium,Monthly,7,42.0,1835.73,Credit Card,Premium,3,5.7,2.1,17.0,1396.15,2069.64,2026-06-13 19:48:51.395522,Low,Good
3200,60,Male,West,Premium,1 Year,44,79.21,584.55,Credit Card,Premium,2,13.6,4.5,30.0,1734.9,1903.44,2026-08-09 19:48:51.395525,Low,Good
3201,22,Female,South,Standard,Monthly,5,88.8,93.39,Debit Card,Premium,0,4.9,2.0,21.0,978.44,2332.66,2026-07-31 19:48:51.395529,Low,Excellent
3202,22,Female,South,Standard,Monthly,30,20.0,2011.74,Credit Card,Basic,3,22.7,2.5,32.0,1473.23,2093.32,2026-06-23 19:48:51.395532,Medium,Good
3203,47,Male,East,Business,Monthly,14,37.93,1567.39,Cash,Standard,2,34.1,4.0,33.0,1964.56,2757.24,2026-05-30 19:48:51.395536,Medium,Good
3204,71,Male,North,Basic,2 Year,120,53.27,1856.5,Credit Card,Basic,3,16.8,2.5,10.0,945.91,2199.32,2026-07-13 19:48:51.395539,Low,Good
3205,49,Female,North,Basic,Monthly,22,44.65,1318.99,Cash,Premium,4,7.8,3.1,46.0,1018.65,1452.28,2026-07-07 19:48:51.395543,Medium,Needs Improvement
3206,25,Female,North,Standard,1 Year,2,80.95,382.0,Bank Transfer,Standard,3,36.0,3.1,4.0,2372.07,2617.02,2026-06-19 19:48:51.395546,Low,Good
3207,27,Male,West,Standard,1 Year,13,42.84,1344.12,Debit Card,Basic,1,33.0,1.0,17.0,2160.36,2564.45,2026-07-30 19:48:51.395550,Low,Excellent
3208,55,Male,North,Standard,Monthly,1,40.14,1721.1,Debit Card,Basic,2,5.2,3.7,34.0,1825.86,1888.66,2026-07-20 19:48:51.395553,Medium,Good
3209,64,Male,East,Standard,1 Year,8,70.97,50.0,Debit Card,Standard,0,2.9,3.4,13.0,2153.75,2394.59,2026-06-23 19:48:51.395558,Low,Excellent
3210,49,Female,East,Standard,1 Year,10,59.23,1583.79,Bank Transfer,Standard,3,1.7,3.5,16.0,1982.34,1396.02,2026-08-27 19:48:51.395561,Low,Good
3211,65,Male,North,Premium,2 Year,46,93.06,1862.83,Credit Card,Standard,2,9.0,2.1,19.0,2000.7,675.66,2026-06-12 19:48:51.395565,Low,Good
3212,45,Female,South,Standard,Monthly,43,74.27,1945.42,Credit Card,Premium,5,1.0,2.8,24.0,1447.29,2783.38,2026-08-04 19:48:51.395569,Low,Needs Improvement
3213,34,Male,East,Standard,Monthly,1,150.0,1565.7,Debit Card,Standard,1,11.5,3.3,14.000000000000002,1299.67,2754.14,2026-06-05 19:48:51.395572,Low,Excellent
3214,48,Female,South,Business,1 Year,18,37.73,863.29,Credit Card,Standard,2,1.0,2.5,36.0,1401.61,100.0,2026-06-27 19:48:51.395576,Medium,Good
3215,25,Male,West,Business,Monthly,6,26.78,1147.92,Credit Card,Basic,1,2.5,3.2,40.0,656.24,963.4,2026-07-05 19:48:51.395581,Medium,Excellent
3216,57,Female,East,Business,Monthly,9,99.39,50.0,Cash,Standard,2,5.5,5.0,37.0,1893.97,2325.49,2026-07-23 19:48:51.395584,Medium,Good
3217,42,Male,South,Basic,Monthly,1,141.67,2040.46,Mobile Money,Basic,2,1.0,4.2,48.0,721.92,100.0,2026-07-24 19:48:51.395588,Medium,Good
3218,26,Female,North,Business,1 Year,33,59.42,1833.35,Mobile Money,Standard,1,1.0,3.3,31.0,1721.3,2999.64,2026-07-23 19:48:51.395591,Medium,Excellent
3219,19,Male,West,Basic,Monthly,72,57.05,932.62,Debit Card,Premium,1,5.2,3.7,23.0,1245.34,3166.99,2026-07-14 19:48:51.395595,Low,Excellent
3220,32,Female,Central,Standard,1 Year,5,68.18,1677.29,Credit Card,Standard,2,17.4,5.0,27.0,1376.89,228.91,2026-06-02 19:48:51.395598,Low,Good
3221,67,Female,Central,Basic,2 Year,10,43.68,1696.77,Credit Card,Basic,4,4.2,3.0,52.0,1023.55,2148.61,2026-06-15 19:48:51.395602,Medium,Needs Improvement
3222,20,Male,North,Standard,1 Year,5,20.0,322.1,Cash,Premium,3,1.8,4.1,11.0,611.69,1006.28,2026-07-10 19:48:51.395605,Low,Good
3223,66,Female,West,Basic,Monthly,63,71.07,2828.33,Mobile Money,Basic,3,4.2,5.0,15.0,1214.82,1314.46,2026-08-13 19:48:51.395609,Low,Good
3224,53,Female,West,Business,Monthly,1,65.24,528.5,Debit Card,Standard,3,10.3,3.7,57.99999999999999,1267.08,139.0,2026-08-13 19:48:51.395612,Medium,Good
3225,21,Male,West,Standard,Monthly,21,30.41,50.0,Bank Transfer,Standard,2,1.0,3.5,17.0,1243.2,1870.15,2026-06-16 19:48:51.395616,Low,Good
3226,31,Male,West,Premium,Monthly,49,49.57,1521.83,Mobile Money,Standard,0,1.0,5.0,31.0,1659.76,1829.26,2026-06-12 19:48:51.395619,Medium,Excellent
3227,58,Male,Central,Standard,Monthly,4,29.84,1469.57,Bank Transfer,Basic,1,5.0,5.0,10.0,1815.03,1175.5,2026-06-26 19:48:51.395623,Low,Excellent
3228,58,Female,South,Standard,Monthly,21,74.29,884.07,Mobile Money,Premium,4,9.0,4.4,30.0,1212.86,2822.21,2026-06-19 19:48:51.395626,Low,Needs Improvement
3229,42,Female,West,Standard,1 Year,1,64.33,1368.01,Credit Card,Basic,2,7.6,3.7,19.0,1692.06,3357.26,2026-06-15 19:48:51.395630,Low,Good
3230,72,Male,South,Standard,2 Year,40,69.05,572.31,Debit Card,Basic,4,8.1,2.4,13.0,1460.89,1328.57,2026-06-24 19:48:51.395633,Low,Needs Improvement
3231,67,Female,West,Premium,2 Year,7,78.0,50.0,Bank Transfer,Standard,1,1.4,5.0,10.0,1257.68,431.79,2026-08-17 19:48:51.395637,Low,Excellent
3232,27,Female,East,Standard,Monthly,107,92.41,1980.25,Bank Transfer,Basic,1,6.2,5.0,11.0,301.74,100.0,2026-08-10 19:48:51.395640,Low,Excellent
3233,38,Female,East,Standard,1 Year,61,69.45,1444.23,Cash,Basic,0,3.8,3.7,13.0,2127.66,3103.85,2026-06-02 19:48:51.395643,Low,Excellent
3234,53,Female,East,Premium,Monthly,31,80.38,902.83,Mobile Money,Basic,0,1.0,5.0,64.0,2391.74,1200.71,2026-07-25 19:48:51.395647,High,Excellent
3235,29,Female,West,Basic,1 Year,16,110.48,2596.19,Credit Card,Standard,1,1.1,5.0,41.0,1984.99,1520.89,2026-08-26 19:48:51.395651,Medium,Excellent
3236,44,Female,South,Basic,Monthly,34,89.16,964.02,Credit Card,Premium,1,8.3,3.1,39.0,1248.46,959.76,2026-08-24 19:48:51.395654,Medium,Excellent
3237,57,Male,Central,Basic,2 Year,3,70.46,1674.02,Bank Transfer,Basic,5,25.2,3.5,32.0,550.76,926.74,2026-06-07 19:48:51.395658,Medium,Needs Improvement
3238,19,Female,North,Basic,2 Year,8,68.92,416.37,Credit Card,Basic,2,1.0,4.7,25.0,1192.61,2018.38,2026-06-30 19:48:51.395661,Low,Good
3239,71,Female,Central,Premium,Monthly,1,44.27,50.0,Credit Card,Premium,2,5.5,2.7,46.0,1699.34,1356.67,2026-07-10 19:48:51.395665,Medium,Good
3240,30,Male,West,Basic,1 Year,24,48.84,1691.59,Bank Transfer,Standard,1,2.3,4.6,5.0,1172.89,100.0,2026-06-10 19:48:51.395668,Low,Excellent
3241,70,Female,East,Standard,1 Year,39,62.53,1667.54,Debit Card,Basic,1,2.6,3.5,8.0,1803.18,1751.96,2026-07-23 19:48:51.395672,Low,Excellent
3242,49,Female,East,Business,Monthly,70,56.16,2731.68,Mobile Money,Standard,0,2.0,2.9,36.0,1542.0,665.57,2026-07-19 19:48:51.395675,Medium,Excellent
3243,48,Female,South,Basic,1 Year,27,112.14,300.34,Debit Card,Standard,3,6.3,2.7,23.0,2052.91,2143.03,2026-08-10 19:48:51.395679,Low,Good
3244,33,Male,West,Business,1 Year,31,74.32,50.0,Debit Card,Premium,4,1.0,3.5,27.0,942.62,1061.96,2026-06-21 19:48:51.395682,Low,Needs Improvement
3245,49,Male,Central,Standard,2 Year,54,72.26,708.79,Credit Card,Basic,3,10.9,4.2,38.0,2126.92,757.87,2026-07-10 19:48:51.395686,Medium,Good
3246,49,Female,West,Premium,1 Year,66,94.33,1643.15,Bank Transfer,Standard,2,7.5,3.1,5.0,1138.58,923.83,2026-08-16 19:48:51.395689,Low,Good
3247,51,Female,West,Standard,1 Year,16,69.58,50.0,Bank Transfer,Basic,0,3.9,3.4,35.0,1106.54,100.0,2026-05-31 19:48:51.395693,Medium,Excellent
3248,28,Male,East,Standard,2 Year,2,58.1,1263.77,Credit Card,Basic,5,2.0,4.0,39.0,1383.0,2050.66,2026-08-07 19:48:51.395696,Medium,Needs Improvement
3249,27,Female,Central,Standard,2 Year,15,71.46,830.19,Credit Card,Basic,4,6.1,5.0,28.000000000000004,2020.14,2995.11,2026-06-04 19:48:51.395700,Low,Needs Improvement
3250,32,Female,North,Premium,Monthly,19,75.16,880.61,Credit Card,Standard,0,24.8,4.2,5.0,1748.29,2093.04,2026-08-16 19:48:51.395704,Low,Excellent
3251,34,Male,East,Standard,Monthly,23,100.0,498.24,Bank Transfer,Standard,2,9.9,4.3,37.0,637.88,1490.1,2026-07-10 19:48:51.395707,Medium,Good
3252,57,Male,Central,Standard,1 Year,108,31.06,2088.18,Credit Card,Standard,3,2.6,3.8,36.0,910.37,1422.34,2026-07-28 19:48:51.395711,Medium,Good
3253,35,Male,South,Business,2 Year,59,46.52,50.0,Credit Card,Premium,1,10.9,5.0,31.0,3107.89,1121.56,2026-07-22 19:48:51.395714,Medium,Excellent
3254,72,Female,East,Basic,Monthly,12,63.18,1958.65,Credit Card,Premium,1,5.6,1.4,43.0,1951.77,479.06,2026-06-29 19:48:51.395718,Medium,Excellent
3255,26,Male,South,Standard,Monthly,2,88.43,1587.06,Mobile Money,Standard,3,1.0,2.5,44.0,1545.79,2551.05,2026-08-12 19:48:51.395721,Medium,Good
3256,42,Male,East,Basic,Monthly,5,84.68,817.44,Credit Card,Basic,2,7.7,2.8,21.0,983.02,1057.14,2026-06-14 19:48:51.395725,Low,Good
3257,57,Male,West,Premium,1 Year,4,67.71,2432.88,Credit Card,Basic,4,2.1,4.9,56.00000000000001,1775.25,1476.85,2026-08-13 19:48:51.395728,Medium,Needs Improvement
3258,31,Male,Central,Business,2 Year,10,90.48,50.0,Credit Card,Basic,2,4.2,3.3,48.0,784.33,3151.76,2026-08-08 19:48:51.395731,Medium,Good
3259,42,Male,South,Business,Monthly,50,48.15,1999.14,Debit Card,Basic,1,5.2,4.8,9.0,1852.69,1234.08,2026-06-05 19:48:51.395735,Low,Excellent
3260,67,Male,East,Standard,Monthly,13,112.08,319.41,Bank Transfer,Premium,2,12.8,1.0,9.0,1861.62,1792.89,2026-08-01 19:48:51.395739,Low,Good
3261,39,Female,South,Premium,2 Year,20,44.11,833.63,Debit Card,Premium,3,6.9,4.2,20.0,1878.14,3700.58,2026-08-12 19:48:51.395742,Low,Good
3262,69,Female,East,Standard,Monthly,4,22.15,1449.24,Debit Card,Standard,3,3.3,2.3,16.0,2760.05,1054.61,2026-06-10 19:48:51.395746,Low,Good
3263,47,Male,East,Standard,2 Year,16,80.13,2037.1,Cash,Standard,2,8.6,4.9,27.0,1636.93,2390.17,2026-06-29 19:48:51.395749,Low,Good
3264,37,Male,North,Business,Monthly,49,29.17,435.36,Mobile Money,Standard,4,1.7,2.5,16.0,1051.45,1172.68,2026-08-13 19:48:51.395752,Low,Needs Improvement
3265,38,Female,North,Standard,1 Year,35,52.28,1656.39,Debit Card,Standard,1,13.8,2.9,20.0,435.26,2492.88,2026-08-05 19:48:51.395756,Low,Excellent
3266,61,Male,North,Basic,1 Year,2,61.42,848.94,Credit Card,Basic,2,1.8,2.1,14.000000000000002,2434.8,2076.29,2026-07-25 19:48:51.395760,Low,Good
3267,49,Male,South,Business,1 Year,47,75.37,516.59,Bank Transfer,Basic,0,6.5,2.5,49.0,1213.51,3842.02,2026-07-16 19:48:51.395763,Medium,Excellent
3268,68,Male,West,Basic,2 Year,7,90.32,50.0,Bank Transfer,Basic,2,1.8,3.8,47.0,1390.25,101.08,2026-08-18 19:48:51.395766,Medium,Good
3269,63,Male,East,Basic,2 Year,26,31.26,896.23,Cash,Premium,4,3.2,3.4,40.0,343.04,964.03,2026-08-25 19:48:51.395770,Medium,Needs Improvement
3270,66,Female,Central,Standard,2 Year,3,36.86,175.93,Cash,Standard,1,4.4,2.9,21.0,1170.18,575.6,2026-08-12 19:48:51.395773,Low,Excellent
3271,73,Male,North,Basic,Monthly,26,150.0,222.11,Bank Transfer,Premium,5,3.7,1.9,12.0,1094.01,1373.79,2026-06-09 19:48:51.395777,Low,Needs Improvement
3272,38,Female,South,Basic,Monthly,1,59.72,810.42,Credit Card,Standard,0,21.7,2.9,9.0,2482.58,2339.94,2026-06-22 19:48:51.395781,Low,Excellent
3273,52,Male,South,Standard,Monthly,22,23.92,1009.8,Credit Card,Premium,0,2.0,5.0,11.0,1379.12,100.0,2026-07-22 19:48:51.395784,Low,Excellent
3274,49,Male,South,Standard,2 Year,24,39.79,761.2,Mobile Money,Basic,3,1.6,4.0,32.0,1437.21,1944.07,2026-06-12 19:48:51.395787,Medium,Good
3275,47,Female,Central,Standard,1 Year,6,51.81,1255.49,Bank Transfer,Premium,2,5.8,4.3,26.0,1151.22,1564.4,2026-07-03 19:48:51.395791,Low,Good
3276,72,Male,Central,Standard,2 Year,66,65.12,2548.08,Bank Transfer,Premium,2,23.8,5.0,19.0,2055.39,1372.91,2026-06-16 19:48:51.395794,Low,Good
3277,56,Female,North,Business,2 Year,1,94.81,663.42,Bank Transfer,Basic,0,5.6,4.9,28.999999999999996,300.0,1309.76,2026-07-13 19:48:51.395798,Low,Excellent
3278,66,Male,Central,Basic,1 Year,53,105.85,485.17,Debit Card,Basic,0,25.6,5.0,15.0,1192.02,458.41,2026-07-29 19:48:51.395801,Low,Excellent
3279,29,Female,North,Basic,2 Year,11,44.39,451.22,Bank Transfer,Premium,2,1.7,4.0,3.0,1463.12,4149.79,2026-07-27 19:48:51.395805,Low,Good
3280,58,Male,Central,Premium,2 Year,30,50.8,50.0,Credit Card,Basic,1,1.0,3.1,25.0,1800.77,100.0,2026-06-20 19:48:51.395808,Low,Excellent
3281,64,Female,Central,Premium,2 Year,25,68.71,692.2,Debit Card,Standard,0,2.9,3.9,55.00000000000001,1434.57,1480.4,2026-08-09 19:48:51.395812,Medium,Excellent
3282,35,Male,Central,Basic,1 Year,4,46.85,2625.11,Credit Card,Standard,4,8.1,3.9,53.0,1892.75,1794.8,2026-07-01 19:48:51.395815,Medium,Needs Improvement
3283,38,Female,North,Premium,2 Year,9,94.82,1255.97,Bank Transfer,Basic,1,7.2,1.4,7.000000000000001,1307.64,1897.28,2026-06-25 19:48:51.395819,Low,Excellent
3284,30,Male,East,Standard,Monthly,18,126.67,876.54,Debit Card,Standard,2,2.2,3.4,11.0,1449.02,2463.55,2026-06-14 19:48:51.395822,Low,Good
3285,38,Female,North,Business,1 Year,44,65.53,1620.5,Bank Transfer,Standard,1,8.7,5.0,16.0,1593.39,1675.6,2026-08-09 19:48:51.395826,Low,Excellent
3286,25,Male,East,Premium,Monthly,74,73.21,856.14,Cash,Basic,1,14.2,1.4,53.0,2330.23,3001.71,2026-08-26 19:48:51.395829,Medium,Excellent
3287,63,Female,South,Premium,Monthly,1,50.35,2190.77,Bank Transfer,Standard,1,9.3,1.7,28.000000000000004,1458.61,726.74,2026-06-23 19:48:51.395833,Low,Excellent
3288,57,Male,South,Standard,2 Year,10,73.39,1100.0,Debit Card,Premium,2,10.4,2.5,77.0,1720.98,2357.98,2026-08-22 19:48:51.395836,High,Good
3289,63,Male,North,Premium,1 Year,26,38.5,2318.99,Credit Card,Standard,3,2.9,3.0,17.0,2151.17,953.41,2026-06-29 19:48:51.395841,Low,Good
3290,24,Female,East,Standard,Monthly,18,41.27,1410.09,Credit Card,Premium,5,6.0,3.6,41.0,1866.4,785.14,2026-06-28 19:48:51.395845,Medium,Needs Improvement
3291,40,Male,East,Standard,Monthly,68,20.0,1623.57,Cash,Basic,2,1.0,5.0,14.000000000000002,1137.15,2196.88,2026-06-08 19:48:51.395848,Low,Good
3292,61,Male,East,Standard,2 Year,1,85.4,1078.13,Bank Transfer,Standard,1,3.6,4.7,33.0,877.99,931.04,2026-08-14 19:48:51.395852,Medium,Excellent
3293,49,Female,South,Basic,2 Year,13,99.72,1975.36,Debit Card,Basic,0,13.5,4.1,31.0,1569.35,100.0,2026-06-25 19:48:51.395856,Medium,Excellent
3294,28,Female,North,Standard,Monthly,26,90.77,2557.29,Credit Card,Basic,3,12.5,3.6,19.0,2411.36,2060.38,2026-08-15 19:48:51.395859,Low,Good
3295,39,Male,West,Standard,2 Year,5,67.35,1629.43,Mobile Money,Standard,0,22.6,3.7,44.0,2228.21,1338.37,2026-08-20 19:48:51.395863,Medium,Excellent
3296,39,Female,East,Standard,Monthly,31,57.17,1054.97,Debit Card,Basic,6,27.7,4.9,40.0,366.06,3037.7,2026-05-31 19:48:51.395866,Medium,Needs Improvement
3297,60,Female,East,Standard,1 Year,2,62.68,1979.85,Debit Card,Basic,0,28.8,5.0,12.0,2389.86,1952.53,2026-07-09 19:48:51.395869,Low,Excellent
3298,42,Male,West,Basic,1 Year,14,39.52,823.23,Credit Card,Premium,3,1.4,2.9,28.000000000000004,1769.39,1730.56,2026-08-18 19:48:51.395873,Low,Good
3299,39,Female,North,Standard,2 Year,27,88.52,2333.57,Credit Card,Premium,0,1.0,4.3,18.0,618.23,2284.31,2026-06-25 19:48:51.395877,Low,Excellent
3300,45,Female,East,Business,2 Year,7,91.21,794.01,Credit Card,Basic,2,16.6,4.0,22.0,684.56,1015.62,2026-06-09 19:48:51.395880,Low,Good
3301,46,Female,North,Basic,Monthly,1,38.44,1141.9,Bank Transfer,Standard,4,3.9,5.0,71.0,1183.55,3137.93,2026-07-21 19:48:51.395884,High,Needs Improvement
3302,30,Male,East,Business,1 Year,75,41.64,1895.75,Credit Card,Basic,1,3.5,5.0,18.0,961.18,1518.91,2026-07-20 19:48:51.395887,Low,Excellent
3303,35,Female,Central,Premium,Monthly,58,31.85,50.0,Credit Card,Premium,2,6.1,4.2,43.0,2620.77,1115.8,2026-06-18 19:48:51.395890,Medium,Good
3304,19,Male,East,Standard,1 Year,62,58.64,1451.88,Debit Card,Standard,1,4.8,3.6,64.0,2087.8,2176.24,2026-07-28 19:48:51.395894,High,Excellent
3305,46,Male,Central,Basic,1 Year,92,64.46,1327.4,Bank Transfer,Standard,7,2.0,1.9,44.0,1581.51,1970.2,2026-07-10 19:48:51.395897,Medium,Needs Improvement
3306,38,Male,North,Standard,Monthly,4,66.66,827.94,Credit Card,Standard,1,14.9,2.4,35.0,2156.18,1078.79,2026-07-29 19:48:51.395901,Medium,Excellent
3307,32,Female,East,Basic,Monthly,4,31.7,940.6,Debit Card,Basic,0,19.2,4.1,43.0,2852.35,2189.68,2026-06-18 19:48:51.395905,Medium,Excellent
3308,69,Female,South,Standard,Monthly,1,46.7,523.94,Credit Card,Basic,0,11.0,5.0,25.0,1326.87,940.71,2026-07-31 19:48:51.395908,Low,Excellent
3309,44,Female,South,Business,1 Year,53,46.74,430.58,Mobile Money,Standard,3,1.0,5.0,21.0,711.47,1923.0,2026-08-21 19:48:51.395911,Low,Good
3310,67,Female,West,Basic,1 Year,33,83.27,868.18,Mobile Money,Premium,3,1.0,1.2,13.0,2267.43,100.0,2026-05-30 19:48:51.395915,Low,Good
3311,48,Male,South,Standard,Monthly,24,40.1,403.31,Cash,Premium,2,3.4,3.3,22.0,1936.58,1604.2,2026-08-15 19:48:51.395919,Low,Good
3312,32,Male,Central,Basic,2 Year,63,66.36,1608.16,Bank Transfer,Premium,1,6.5,4.1,42.0,1545.37,818.18,2026-06-18 19:48:51.395922,Medium,Excellent
3313,68,Male,South,Basic,Monthly,20,47.29,624.59,Bank Transfer,Basic,2,7.5,4.8,9.0,1071.33,586.63,2026-08-03 19:48:51.395926,Low,Good
3314,40,Male,South,Basic,1 Year,3,60.21,1838.78,Bank Transfer,Premium,4,1.0,3.3,64.0,1743.12,534.85,2026-06-24 19:48:51.395929,High,Needs Improvement
3315,41,Female,South,Premium,1 Year,4,88.64,442.84,Mobile Money,Standard,2,25.8,3.4,47.0,751.94,374.68,2026-08-26 19:48:51.395933,Medium,Good
3316,61,Female,East,Business,Monthly,3,34.03,169.37,Mobile Money,Basic,0,6.0,4.0,3.0,1793.66,1731.27,2026-05-31 19:48:51.395936,Low,Excellent
3317,30,Male,West,Basic,Monthly,8,20.0,1024.7,Debit Card,Premium,1,4.5,1.5,20.0,445.04,2011.61,2026-06-09 19:48:51.395940,Low,Excellent
3318,39,Male,North,Standard,2 Year,11,31.53,273.99,Bank Transfer,Standard,2,1.7,3.3,5.0,773.02,1964.85,2026-06-23 19:48:51.395943,Low,Good
3319,60,Male,West,Standard,1 Year,38,75.43,1090.4,Credit Card,Standard,1,24.1,3.3,16.0,1912.84,796.12,2026-07-31 19:48:51.395947,Low,Excellent
3320,54,Male,Central,Business,Monthly,5,35.06,568.91,Bank Transfer,Standard,5,4.7,4.2,35.0,300.0,1499.15,2026-08-19 19:48:51.395950,Medium,Needs Improvement
3321,50,Female,East,Business,Monthly,31,47.18,191.1,Bank Transfer,Premium,1,1.0,4.3,25.0,1753.29,1839.39,2026-07-19 19:48:51.395954,Low,Excellent
3322,73,Female,East,Standard,2 Year,16,76.35,201.37,Mobile Money,Premium,2,7.6,3.0,72.0,1671.57,2637.1,2026-07-30 19:48:51.395957,High,Good
3323,20,Female,South,Business,Monthly,120,85.1,2139.0,Mobile Money,Basic,7,3.4,3.8,21.0,683.27,3540.78,2026-06-29 19:48:51.395961,Low,Needs Improvement
3324,71,Male,South,Business,2 Year,35,90.82,1760.82,Debit Card,Premium,2,13.2,3.9,10.0,1687.76,908.55,2026-08-01 19:48:51.395964,Low,Good
3325,36,Male,Central,Premium,Monthly,83,78.85,151.73,Cash,Premium,6,6.3,3.5,23.0,1213.68,2233.59,2026-06-23 19:48:51.395972,Low,Needs Improvement
3326,40,Male,East,Business,1 Year,10,36.86,565.71,Cash,Standard,1,1.0,5.0,15.0,1080.54,795.0,2026-07-22 19:48:51.395976,Low,Excellent
3327,46,Female,North,Basic,Monthly,3,105.16,2388.98,Cash,Basic,0,11.1,3.6,17.0,1215.38,330.56,2026-07-23 19:48:51.395979,Low,Excellent
3328,47,Female,West,Basic,2 Year,16,41.43,1176.65,Bank Transfer,Standard,1,2.9,5.0,7.000000000000001,643.21,555.68,2026-08-12 19:48:51.395983,Low,Excellent
3329,56,Male,East,Premium,1 Year,3,49.1,925.42,Bank Transfer,Premium,3,4.2,2.8,28.999999999999996,1904.09,1717.83,2026-07-03 19:48:51.395986,Low,Good
3330,61,Female,North,Business,1 Year,16,64.86,1285.92,Debit Card,Standard,2,12.0,4.7,47.0,1138.99,1453.24,2026-07-08 19:48:51.395990,Medium,Good
3331,64,Female,North,Standard,Monthly,7,71.97,1410.88,Credit Card,Basic,3,1.0,5.0,21.0,463.65,2040.23,2026-08-23 19:48:51.395993,Low,Good
3332,42,Female,West,Business,Monthly,16,100.97,1191.38,Debit Card,Standard,1,30.5,2.5,31.0,1527.03,100.0,2026-07-19 19:48:51.395997,Medium,Excellent
3333,54,Female,North,Basic,Monthly,71,49.18,557.9,Credit Card,Premium,3,9.7,4.4,88.0,2095.11,1588.58,2026-07-26 19:48:51.396000,High,Good
3334,64,Female,Central,Basic,Monthly,8,74.51,50.0,Cash,Premium,2,1.7,5.0,28.000000000000004,300.0,725.73,2026-06-28 19:48:51.396004,Low,Good
3335,25,Female,North,Basic,2 Year,120,49.32,1183.96,Bank Transfer,Basic,3,1.0,4.5,13.0,1702.07,100.0,2026-08-24 19:48:51.396008,Low,Good
3336,59,Male,Central,Standard,1 Year,6,105.19,50.0,Cash,Standard,1,6.3,1.1,20.0,1887.38,963.68,2026-06-25 19:48:51.396011,Low,Excellent
3337,33,Male,North,Standard,Monthly,5,75.68,808.88,Debit Card,Premium,5,3.8,4.8,22.0,928.51,1107.63,2026-07-31 19:48:51.396014,Low,Needs Improvement
3338,25,Male,South,Standard,2 Year,18,97.23,675.78,Credit Card,Basic,1,1.0,4.4,56.99999999999999,961.67,3176.38,2026-08-01 19:48:51.396018,Medium,Excellent
3339,18,Male,North,Premium,2 Year,44,36.18,620.01,Credit Card,Basic,1,7.5,4.4,9.0,2055.6,895.12,2026-08-07 19:48:51.396021,Low,Excellent
3340,61,Female,Central,Premium,1 Year,33,50.97,1539.51,Debit Card,Standard,1,3.0,3.5,31.0,1122.65,782.13,2026-07-24 19:48:51.396025,Medium,Excellent
3341,22,Female,North,Premium,1 Year,30,71.22,1029.35,Mobile Money,Standard,1,3.1,2.6,31.0,1984.83,1237.1,2026-07-19 19:48:51.396029,Medium,Excellent
3342,20,Male,North,Standard,2 Year,7,97.63,1578.67,Bank Transfer,Basic,0,1.4,5.0,5.0,705.94,3592.03,2026-06-10 19:48:51.396032,Low,Excellent
3343,18,Female,North,Business,1 Year,1,89.81,50.0,Debit Card,Premium,2,1.2,5.0,37.0,742.87,3582.48,2026-08-18 19:48:51.396035,Medium,Good
3344,21,Male,Central,Business,1 Year,4,102.51,1805.3,Bank Transfer,Standard,2,1.2,5.0,45.0,2109.95,1070.16,2026-08-08 19:48:51.396039,Medium,Good
3345,57,Male,North,Standard,1 Year,10,98.53,1935.97,Mobile Money,Standard,3,17.4,3.5,65.0,1186.13,593.01,2026-06-13 19:48:51.396043,High,Good
3346,52,Male,West,Basic,Monthly,85,84.47,1159.96,Credit Card,Standard,2,6.1,4.1,45.0,1820.83,1754.07,2026-06-02 19:48:51.396046,Medium,Good
3347,49,Male,West,Business,2 Year,60,68.83,2748.67,Cash,Standard,2,5.1,4.6,31.0,551.42,987.31,2026-06-09 19:48:51.396049,Medium,Good
3348,59,Male,Central,Standard,1 Year,5,37.13,1740.15,Bank Transfer,Standard,4,9.8,4.1,18.0,1749.96,3144.78,2026-08-13 19:48:51.396053,Low,Needs Improvement
3349,51,Female,South,Premium,1 Year,31,20.0,1172.7,Mobile Money,Standard,2,3.1,4.0,5.0,1108.19,3012.52,2026-07-02 19:48:51.396056,Low,Good
3350,60,Male,West,Basic,Monthly,20,68.11,2345.57,Debit Card,Standard,0,13.8,4.8,33.0,1216.77,733.34,2026-07-20 19:48:51.396060,Medium,Excellent
3351,42,Female,East,Business,Monthly,1,85.07,1267.31,Credit Card,Standard,3,1.8,2.9,24.0,476.99,1421.66,2026-06-17 19:48:51.396064,Low,Good
3352,27,Male,West,Basic,Monthly,11,20.0,461.23,Bank Transfer,Premium,1,13.0,5.0,68.0,1928.68,1368.36,2026-06-17 19:48:51.396067,High,Excellent
3353,38,Male,East,Business,Monthly,15,35.65,1848.9,Credit Card,Premium,2,1.0,3.9,34.0,868.43,1165.29,2026-07-09 19:48:51.396070,Medium,Good
3354,63,Male,Central,Basic,1 Year,26,39.59,2410.72,Mobile Money,Premium,2,1.4,2.9,27.0,925.48,1586.78,2026-06-28 19:48:51.396074,Low,Good
3355,56,Female,South,Business,Monthly,8,60.31,50.0,Bank Transfer,Basic,2,17.9,2.8,10.0,1602.2,910.61,2026-07-20 19:48:51.396077,Low,Good
3356,44,Male,East,Business,Monthly,65,67.58,829.38,Credit Card,Basic,3,1.0,1.8,36.0,1683.07,2412.59,2026-07-24 19:48:51.396081,Medium,Good
3357,44,Female,East,Business,1 Year,14,92.04,792.55,Credit Card,Premium,1,2.3,4.5,35.0,2239.44,2881.35,2026-06-19 19:48:51.396085,Medium,Excellent
3358,19,Female,West,Business,1 Year,6,32.1,179.66,Cash,Basic,2,1.0,2.9,10.0,1685.66,2412.14,2026-08-01 19:48:51.396088,Low,Good
3359,58,Female,East,Basic,Monthly,9,73.61,974.28,Mobile Money,Basic,4,7.3,3.9,33.0,1181.03,719.02,2026-08-08 19:48:51.396096,Medium,Needs Improvement
3360,65,Female,Central,Standard,Monthly,33,30.32,574.04,Mobile Money,Standard,6,3.2,4.1,49.0,300.0,1478.58,2026-06-05 19:48:51.396100,Medium,Needs Improvement
3361,30,Male,Central,Standard,2 Year,24,85.89,1536.77,Debit Card,Premium,2,8.0,1.0,3.0,455.26,1620.45,2026-08-11 19:48:51.396103,Low,Good
3362,26,Male,Central,Basic,Monthly,32,52.96,1595.17,Mobile Money,Premium,1,1.0,3.5,17.0,1283.06,2030.12,2026-08-20 19:48:51.396107,Low,Excellent
3363,69,Male,West,Standard,2 Year,8,34.7,1311.09,Credit Card,Standard,5,4.0,5.0,28.999999999999996,1439.56,770.79,2026-08-24 19:48:51.396111,Low,Needs Improvement
3364,53,Female,South,Basic,Monthly,9,48.19,1368.82,Credit Card,Premium,3,3.7,4.6,26.0,1684.79,853.96,2026-07-15 19:48:51.396114,Low,Good
3365,39,Male,West,Business,1 Year,12,37.12,2403.78,Debit Card,Standard,1,6.2,4.1,37.0,2552.49,1323.55,2026-08-21 19:48:51.396117,Medium,Excellent
3366,59,Male,Central,Basic,Monthly,5,67.3,2812.04,Cash,Standard,1,2.8,3.4,56.99999999999999,1232.38,1003.06,2026-07-20 19:48:51.396121,Medium,Excellent
3367,43,Female,West,Premium,2 Year,28,80.6,1686.96,Bank Transfer,Basic,5,33.5,1.0,37.0,300.0,2845.03,2026-08-27 19:48:51.396124,Medium,Needs Improvement
3368,71,Male,Central,Standard,Monthly,9,90.78,795.08,Credit Card,Standard,3,3.0,3.9,23.0,1344.27,3003.25,2026-06-26 19:48:51.396128,Low,Good
3369,29,Female,North,Standard,Monthly,9,52.03,1423.64,Bank Transfer,Premium,1,9.5,4.1,14.000000000000002,965.11,2215.53,2026-08-07 19:48:51.396132,Low,Excellent
3370,34,Female,North,Standard,Monthly,7,99.7,1224.7,Bank Transfer,Basic,4,3.6,2.6,19.0,2648.45,1891.01,2026-07-09 19:48:51.396135,Low,Needs Improvement
3371,31,Male,East,Standard,2 Year,14,64.39,1746.06,Bank Transfer,Standard,2,6.1,2.7,46.0,1805.08,2533.18,2026-07-04 19:48:51.396140,Medium,Good
3372,31,Male,South,Standard,2 Year,35,96.63,492.03,Mobile Money,Premium,4,2.1,3.2,56.00000000000001,812.42,1476.81,2026-07-24 19:48:51.396144,Medium,Needs Improvement
3373,74,Male,North,Basic,Monthly,43,61.07,1796.36,Bank Transfer,Basic,1,1.5,4.1,39.0,571.98,2164.75,2026-08-11 19:48:51.396147,Medium,Excellent
3374,51,Female,Central,Basic,Monthly,39,59.23,1265.65,Credit Card,Basic,1,28.7,1.8,37.0,824.81,100.0,2026-06-27 19:48:51.396152,Medium,Excellent
3375,70,Female,West,Basic,1 Year,23,79.46,1132.28,Mobile Money,Premium,0,6.2,1.5,46.0,1465.09,1764.64,2026-08-17 19:48:51.396155,Medium,Excellent
3376,74,Female,West,Basic,2 Year,7,72.7,1164.03,Credit Card,Basic,3,4.9,4.7,27.0,1224.51,1795.92,2026-08-27 19:48:51.396159,Low,Good
3377,37,Female,East,Basic,1 Year,31,51.15,2278.23,Mobile Money,Standard,1,8.2,3.2,30.0,1379.87,652.46,2026-07-04 19:48:51.396163,Low,Excellent
3378,28,Female,West,Basic,2 Year,1,93.88,3388.36,Debit Card,Basic,5,2.0,5.0,20.0,744.16,2429.77,2026-06-02 19:48:51.396167,Low,Needs Improvement
3379,33,Male,North,Basic,Monthly,38,41.08,1294.55,Bank Transfer,Standard,0,13.8,2.5,24.0,1008.24,599.58,2026-07-12 19:48:51.396170,Low,Excellent
3380,68,Male,West,Standard,Monthly,36,79.46,614.79,Cash,Basic,1,2.3,3.6,6.0,586.88,186.99,2026-06-15 19:48:51.396174,Low,Excellent
3381,48,Female,North,Basic,Monthly,26,78.36,1190.69,Debit Card,Basic,3,6.3,5.0,42.0,1682.33,2224.49,2026-08-12 19:48:51.396177,Medium,Good
3382,72,Male,North,Basic,1 Year,2,91.61,1447.14,Debit Card,Basic,0,1.1,5.0,6.0,1610.35,1731.14,2026-06-23 19:48:51.396180,Low,Excellent
3383,23,Male,South,Basic,Monthly,120,92.1,1329.25,Mobile Money,Basic,3,6.8,3.9,7.000000000000001,1302.69,1527.17,2026-06-17 19:48:51.396184,Low,Good
3384,73,Female,East,Standard,Monthly,33,60.45,1335.76,Credit Card,Standard,2,5.3,2.4,19.0,2112.34,1310.49,2026-07-25 19:48:51.396188,Low,Good
3385,36,Male,Central,Premium,Monthly,31,65.82,1058.46,Credit Card,Basic,4,2.6,1.6,15.0,1788.54,2370.89,2026-07-27 19:48:51.396191,Low,Needs Improvement
3386,54,Female,North,Basic,1 Year,1,64.14,2278.49,Bank Transfer,Standard,1,2.9,3.7,36.0,814.15,642.32,2026-07-15 19:48:51.396194,Medium,Excellent
3387,21,Female,East,Basic,Monthly,12,108.64,984.16,Credit Card,Basic,1,1.0,4.9,19.0,1453.19,2007.53,2026-06-20 19:48:51.396198,Low,Excellent
3388,64,Male,Central,Standard,Monthly,2,81.27,1843.85,Credit Card,Standard,2,1.0,2.9,33.0,541.24,379.12,2026-08-13 19:48:51.396201,Medium,Good
3389,21,Female,West,Business,2 Year,10,91.09,50.0,Cash,Premium,1,7.3,4.7,27.0,1231.16,1197.88,2026-08-18 19:48:51.396205,Low,Excellent
3390,37,Male,East,Business,Monthly,20,58.72,746.9,Bank Transfer,Basic,5,10.1,1.8,35.0,1823.85,1968.65,2026-07-17 19:48:51.396208,Medium,Needs Improvement
3391,27,Male,East,Standard,Monthly,50,36.83,1434.41,Mobile Money,Standard,2,6.3,3.8,46.0,1106.17,1295.18,2026-08-16 19:48:51.396212,Medium,Good
3392,41,Male,East,Business,1 Year,7,41.61,1174.99,Mobile Money,Standard,4,1.0,4.8,57.99999999999999,1266.15,1769.06,2026-06-21 19:48:51.396215,Medium,Needs Improvement
3393,71,Male,West,Standard,2 Year,23,90.31,2173.5,Credit Card,Premium,3,22.6,5.0,59.0,1591.12,2199.51,2026-07-21 19:48:51.396219,Medium,Good
3394,52,Female,West,Basic,1 Year,4,46.71,1415.34,Cash,Premium,1,10.0,4.1,53.0,1683.25,1736.75,2026-07-04 19:48:51.396222,Medium,Excellent
3395,43,Male,East,Standard,Monthly,10,144.88,2259.67,Mobile Money,Standard,1,2.2,3.3,51.0,1365.72,1056.94,2026-08-08 19:48:51.396226,Medium,Excellent
3396,54,Male,South,Standard,2 Year,70,54.86,1589.5,Credit Card,Basic,0,8.9,3.0,49.0,2132.99,481.7,2026-08-19 19:48:51.396229,Medium,Excellent
3397,55,Male,North,Basic,1 Year,33,73.78,546.73,Cash,Standard,1,1.0,1.8,16.0,1666.99,1150.06,2026-06-30 19:48:51.396233,Low,Excellent
3398,38,Female,West,Standard,Monthly,18,73.74,1046.04,Debit Card,Standard,1,12.1,3.2,23.0,843.28,3268.41,2026-08-20 19:48:51.396236,Low,Excellent
3399,71,Female,South,Premium,1 Year,6,69.49,1096.06,Cash,Basic,2,5.2,5.0,27.0,3206.22,598.89,2026-08-15 19:48:51.396240,Low,Good
3400,57,Male,West,Standard,1 Year,11,34.5,2221.96,Mobile Money,Basic,1,4.2,3.6,23.0,842.62,649.79,2026-08-18 19:48:51.396243,Low,Excellent
3401,56,Male,East,Standard,1 Year,4,71.19,1002.06,Debit Card,Standard,1,1.0,3.9,39.0,2093.3,100.0,2026-07-04 19:48:51.396246,Medium,Excellent
3402,38,Male,South,Basic,2 Year,10,70.97,1090.8,Debit Card,Premium,0,8.5,4.1,21.0,1571.54,1132.35,2026-06-30 19:48:51.396250,Low,Excellent
3403,27,Male,Central,Basic,1 Year,3,57.52,880.65,Credit Card,Premium,2,14.1,3.4,21.0,2728.45,1357.53,2026-07-29 19:48:51.396254,Low,Good
3404,55,Female,North,Business,2 Year,38,111.29,1297.8,Debit Card,Standard,0,2.7,4.8,41.0,997.57,604.08,2026-06-29 19:48:51.396257,Medium,Excellent
3405,63,Female,North,Business,1 Year,2,23.45,1721.8,Credit Card,Premium,3,1.0,4.0,6.0,1651.46,425.69,2026-08-01 19:48:51.396260,Low,Good
3406,21,Male,West,Premium,Monthly,5,27.22,1761.01,Cash,Standard,0,11.9,3.6,42.0,2068.84,797.96,2026-08-22 19:48:51.396264,Medium,Excellent
3407,74,Male,North,Basic,1 Year,28,83.84,949.38,Bank Transfer,Standard,2,8.1,2.9,45.0,2245.09,469.41,2026-06-07 19:48:51.396267,Medium,Good
3408,62,Male,Central,Basic,Monthly,55,62.82,50.0,Mobile Money,Premium,3,12.0,4.7,14.000000000000002,1254.67,789.08,2026-06-21 19:48:51.396271,Low,Good
3409,37,Female,South,Standard,Monthly,80,43.0,1420.64,Debit Card,Basic,2,6.2,4.0,32.0,1871.98,1612.58,2026-07-19 19:48:51.396274,Medium,Good
3410,34,Male,South,Standard,1 Year,43,69.88,1281.32,Credit Card,Basic,1,4.9,3.8,9.0,1098.61,1438.39,2026-07-12 19:48:51.396278,Low,Excellent
3411,72,Female,East,Basic,1 Year,5,88.98,1322.17,Debit Card,Premium,3,2.0,3.7,48.0,1238.52,804.44,2026-07-10 19:48:51.396282,Medium,Good
3412,24,Female,South,Basic,Monthly,8,24.23,1204.96,Debit Card,Premium,6,1.0,4.3,51.0,929.03,597.49,2026-08-01 19:48:51.396285,Medium,Needs Improvement
3413,21,Male,West,Business,Monthly,49,83.07,1444.26,Credit Card,Premium,2,5.1,2.6,10.0,676.21,2127.82,2026-06-21 19:48:51.396288,Low,Good
3414,46,Female,Central,Basic,Monthly,52,73.27,50.0,Bank Transfer,Basic,4,16.2,2.6,26.0,1032.07,100.0,2026-06-11 19:48:51.396292,Low,Needs Improvement
3415,31,Female,East,Standard,2 Year,24,59.26,1316.75,Mobile Money,Standard,8,1.0,4.2,26.0,1500.71,2331.88,2026-08-06 19:48:51.396295,Low,Needs Improvement
3416,20,Female,West,Business,Monthly,9,71.14,404.85,Bank Transfer,Standard,1,36.1,4.8,81.0,1808.64,3144.04,2026-06-13 19:48:51.396299,High,Excellent
3417,41,Male,West,Standard,1 Year,6,71.56,2147.76,Credit Card,Basic,1,23.5,2.0,23.0,876.01,1110.51,2026-08-19 19:48:51.396302,Low,Excellent
3418,54,Male,West,Business,1 Year,45,78.75,1298.67,Mobile Money,Standard,5,8.2,4.6,17.0,1833.12,821.59,2026-08-09 19:48:51.396306,Low,Needs Improvement
3419,33,Female,North,Business,Monthly,5,40.37,620.64,Debit Card,Standard,4,19.6,5.0,8.0,2454.61,3667.32,2026-06-04 19:48:51.396309,Low,Needs Improvement
3420,72,Female,West,Standard,Monthly,26,92.19,254.33,Credit Card,Basic,2,6.5,1.3,43.0,2027.02,2029.21,2026-08-25 19:48:51.396312,Medium,Good
3421,69,Female,North,Standard,Monthly,82,89.81,515.04,Cash,Premium,3,4.1,3.0,6.0,1978.86,100.0,2026-06-20 19:48:51.396316,Low,Good
3422,21,Female,South,Standard,2 Year,29,90.54,686.05,Credit Card,Standard,0,6.8,3.8,30.0,1494.52,1279.14,2026-07-04 19:48:51.396319,Low,Excellent
3423,73,Female,North,Standard,1 Year,7,21.87,1232.05,Credit Card,Standard,2,16.7,5.0,10.0,527.17,547.5,2026-08-17 19:48:51.396323,Low,Good
3424,41,Female,West,Premium,1 Year,7,93.61,245.22,Debit Card,Standard,3,25.3,3.5,22.0,1970.26,1138.3,2026-06-06 19:48:51.396326,Low,Good
3425,51,Male,Central,Basic,1 Year,2,55.78,1393.56,Credit Card,Premium,4,14.6,3.3,14.000000000000002,2132.67,773.52,2026-08-25 19:48:51.396330,Low,Needs Improvement
3426,47,Female,Central,Standard,Monthly,27,78.27,2002.32,Credit Card,Standard,3,1.6,4.2,31.0,300.0,2594.09,2026-08-14 19:48:51.396333,Medium,Good
3427,35,Female,South,Standard,Monthly,17,20.0,2082.75,Bank Transfer,Standard,3,7.2,2.8,16.0,744.25,2021.72,2026-06-30 19:48:51.396337,Low,Good
3428,36,Female,West,Basic,2 Year,5,47.92,892.68,Mobile Money,Basic,3,4.7,3.8,39.0,1003.96,2108.04,2026-08-14 19:48:51.396340,Medium,Good
3429,48,Female,North,Business,2 Year,6,86.01,1177.62,Bank Transfer,Standard,0,5.3,3.6,32.0,548.3,366.46,2026-07-12 19:48:51.396344,Medium,Excellent
3430,36,Male,Central,Standard,1 Year,1,78.15,670.61,Credit Card,Basic,2,4.5,5.0,23.0,769.57,964.04,2026-06-15 19:48:51.396347,Low,Good
3431,66,Female,East,Standard,1 Year,92,38.0,234.84,Mobile Money,Standard,0,1.0,3.8,6.0,2390.22,100.0,2026-07-06 19:48:51.396351,Low,Excellent
3432,63,Female,West,Basic,Monthly,42,82.0,769.32,Cash,Basic,2,15.0,5.0,14.000000000000002,1783.35,319.95,2026-08-22 19:48:51.396354,Low,Good
3433,36,Male,West,Basic,Monthly,12,44.6,50.0,Credit Card,Standard,3,30.7,2.2,26.0,1462.88,1950.32,2026-06-07 19:48:51.396358,Low,Good
3434,39,Male,East,Business,1 Year,70,58.35,50.0,Bank Transfer,Standard,2,1.9,3.6,3.0,1421.49,1202.11,2026-08-26 19:48:51.396361,Low,Good
3435,41,Male,Central,Standard,2 Year,27,35.75,1442.0,Debit Card,Standard,1,7.8,3.9,35.0,2463.46,1191.73,2026-07-29 19:48:51.396365,Medium,Excellent
3436,62,Male,East,Premium,Monthly,33,73.58,1402.39,Bank Transfer,Basic,1,6.2,3.9,8.0,1165.66,2460.32,2026-07-05 19:48:51.396368,Low,Excellent
3437,29,Male,South,Basic,Monthly,27,92.18,2175.77,Cash,Standard,0,18.1,2.1,7.000000000000001,821.81,2440.99,2026-06-21 19:48:51.396372,Low,Excellent
3438,47,Male,North,Business,Monthly,33,87.12,2348.13,Cash,Premium,2,9.7,4.2,35.0,2069.93,2229.19,2026-06-21 19:48:51.396375,Medium,Good
3439,55,Female,North,Basic,Monthly,4,42.31,1345.66,Debit Card,Basic,3,11.1,1.8,33.0,799.8,1318.18,2026-08-23 19:48:51.396379,Medium,Good
3440,70,Female,Central,Business,1 Year,19,63.85,445.55,Credit Card,Basic,1,24.3,2.5,43.0,300.0,1192.59,2026-08-12 19:48:51.396382,Medium,Excellent
3441,48,Female,East,Standard,2 Year,45,25.69,442.82,Debit Card,Basic,1,8.7,2.9,37.0,1424.76,1351.63,2026-07-19 19:48:51.396385,Medium,Excellent
3442,53,Female,West,Basic,2 Year,1,99.11,367.86,Debit Card,Basic,2,4.8,4.5,50.0,613.87,1102.59,2026-08-16 19:48:51.396389,Medium,Good
3443,36,Male,West,Basic,2 Year,3,65.48,1401.47,Debit Card,Premium,2,1.0,4.6,6.0,1859.18,839.94,2026-06-28 19:48:51.396392,Low,Good
3444,65,Male,West,Business,1 Year,6,81.25,599.11,Cash,Standard,1,18.9,4.1,30.0,1504.44,100.0,2026-08-24 19:48:51.396396,Low,Excellent
3445,62,Female,South,Standard,Monthly,8,69.98,75.99,Credit Card,Basic,0,7.1,3.2,22.0,1431.06,1492.78,2026-06-12 19:48:51.396399,Low,Excellent
3446,53,Male,South,Business,2 Year,4,49.35,1536.76,Debit Card,Premium,6,9.2,5.0,54.0,1342.17,3140.85,2026-07-16 19:48:51.396403,Medium,Needs Improvement
3447,47,Female,West,Standard,Monthly,23,51.15,1888.15,Credit Card,Basic,2,5.6,3.3,16.0,1357.83,746.85,2026-07-30 19:48:51.396406,Low,Good
3448,72,Female,Central,Business,2 Year,8,76.39,602.69,Cash,Basic,3,4.0,2.6,46.0,1280.05,1409.22,2026-07-21 19:48:51.396410,Medium,Good
3449,66,Female,South,Business,1 Year,4,105.92,1172.4,Cash,Standard,1,5.6,4.8,21.0,1764.66,1598.47,2026-06-16 19:48:51.396414,Low,Excellent
3450,72,Female,South,Standard,Monthly,56,56.43,2369.3,Mobile Money,Basic,3,1.0,1.0,6.0,676.64,2782.57,2026-06-12 19:48:51.396417,Low,Good
3451,50,Male,North,Business,1 Year,28,94.35,1946.64,Debit Card,Basic,3,12.8,3.8,23.0,2191.94,2408.43,2026-06-24 19:48:51.396422,Low,Good
3452,35,Male,North,Standard,Monthly,6,88.07,461.93,Credit Card,Basic,2,1.4,3.1,18.0,1375.82,1113.89,2026-08-22 19:48:51.396426,Low,Good
3453,69,Female,Central,Business,Monthly,10,57.02,2443.27,Debit Card,Premium,2,3.2,4.5,55.00000000000001,2174.78,494.06,2026-08-17 19:48:51.396429,Medium,Good
3454,66,Male,South,Business,Monthly,32,92.5,1774.68,Bank Transfer,Basic,1,1.0,4.0,46.0,1969.83,2477.56,2026-08-22 19:48:51.396433,Medium,Excellent
3455,45,Female,South,Basic,2 Year,37,90.48,2500.1,Credit Card,Basic,3,13.7,3.7,15.0,1064.09,2586.11,2026-08-22 19:48:51.396436,Low,Good
3456,64,Male,East,Premium,1 Year,4,20.0,1055.79,Cash,Standard,1,1.5,2.2,26.0,1928.77,1470.07,2026-08-25 19:48:51.396440,Low,Excellent
3457,28,Female,Central,Standard,Monthly,66,82.54,516.47,Mobile Money,Premium,5,4.1,3.9,16.0,836.72,1527.59,2026-06-05 19:48:51.396443,Low,Needs Improvement
3458,74,Female,Central,Standard,Monthly,36,97.01,1168.46,Credit Card,Standard,3,4.3,4.2,30.0,1045.17,2523.65,2026-06-05 19:48:51.396447,Low,Good
3459,71,Female,East,Standard,1 Year,46,35.81,71.3,Debit Card,Basic,3,3.0,3.3,33.0,300.0,782.84,2026-07-13 19:48:51.396450,Medium,Good
3460,62,Male,East,Standard,Monthly,3,32.16,1862.4,Bank Transfer,Basic,1,15.7,3.7,46.0,2290.35,1716.34,2026-06-30 19:48:51.396454,Medium,Excellent
3461,50,Male,North,Standard,1 Year,3,70.2,757.7,Credit Card,Basic,2,11.8,4.7,24.0,2129.79,100.0,2026-08-14 19:48:51.396457,Low,Good
3462,34,Female,Central,Business,1 Year,8,104.47,1512.27,Credit Card,Standard,2,10.9,3.1,57.99999999999999,706.79,1450.21,2026-06-25 19:48:51.396461,Medium,Good
3463,23,Male,Central,Basic,Monthly,1,37.8,2930.57,Bank Transfer,Standard,1,2.0,2.1,22.0,1336.72,1447.34,2026-08-25 19:48:51.396464,Low,Excellent
3464,21,Female,East,Basic,Monthly,2,25.55,809.81,Cash,Standard,2,1.7,4.8,36.0,1686.76,722.56,2026-07-15 19:48:51.396468,Medium,Good
3465,37,Female,West,Premium,1 Year,3,53.66,1199.74,Cash,Premium,3,2.3,4.4,38.0,1588.3,579.17,2026-07-13 19:48:51.396471,Medium,Good
3466,65,Female,West,Standard,Monthly,29,50.18,826.29,Credit Card,Basic,1,3.9,4.7,21.0,859.6,828.66,2026-08-26 19:48:51.396475,Low,Excellent
3467,64,Female,North,Business,Monthly,1,23.22,1083.59,Mobile Money,Standard,2,5.2,3.1,28.000000000000004,1804.86,100.0,2026-06-17 19:48:51.396478,Low,Good
3468,44,Male,West,Business,Monthly,2,50.4,1012.42,Bank Transfer,Standard,2,2.3,3.8,45.0,2330.31,205.99,2026-06-16 19:48:51.396482,Medium,Good
3469,32,Female,West,Business,Monthly,69,73.72,1999.77,Credit Card,Basic,4,4.9,4.1,23.0,2345.63,1866.5,2026-08-14 19:48:51.396485,Low,Needs Improvement
3470,23,Female,West,Standard,2 Year,2,111.41,1911.16,Bank Transfer,Standard,3,1.6,4.6,13.0,1596.07,1971.13,2026-07-16 19:48:51.396489,Low,Good
3471,64,Male,South,Business,1 Year,18,79.04,1018.16,Cash,Basic,0,2.5,4.3,27.0,1568.77,2096.26,2026-08-24 19:48:51.396492,Low,Excellent
3472,31,Female,North,Basic,1 Year,24,85.15,1296.06,Credit Card,Basic,1,2.4,3.1,22.0,447.39,3459.47,2026-08-07 19:48:51.396496,Low,Excellent
3473,28,Male,East,Standard,Monthly,76,37.79,932.33,Credit Card,Premium,1,10.4,3.9,39.0,785.53,1991.13,2026-08-08 19:48:51.396499,Medium,Excellent
3474,56,Male,West,Business,Monthly,55,62.64,2332.24,Bank Transfer,Premium,4,4.9,2.3,19.0,1129.21,1226.15,2026-06-27 19:48:51.396503,Low,Needs Improvement
3475,26,Male,South,Basic,Monthly,13,59.49,50.0,Credit Card,Standard,2,7.6,4.0,28.000000000000004,2348.6,2397.91,2026-07-01 19:48:51.396506,Low,Good
3476,43,Female,West,Premium,2 Year,68,73.15,572.07,Mobile Money,Basic,0,8.9,5.0,20.0,1436.07,1119.72,2026-08-04 19:48:51.396510,Low,Excellent
3477,33,Male,South,Standard,Monthly,13,79.92,1540.56,Bank Transfer,Standard,3,1.0,1.6,16.0,567.2,3046.6,2026-08-01 19:48:51.396513,Low,Good
3478,22,Female,North,Standard,1 Year,26,88.82,1875.6,Mobile Money,Basic,3,12.7,3.5,14.000000000000002,792.55,2123.86,2026-08-17 19:48:51.396517,Low,Good
3479,74,Female,West,Business,Monthly,7,65.8,2215.22,Credit Card,Basic,3,2.7,3.5,35.0,2142.67,3554.15,2026-07-12 19:48:51.396520,Medium,Good
3480,69,Male,South,Business,2 Year,24,51.93,1200.08,Mobile Money,Basic,3,5.7,4.0,39.0,1267.33,607.26,2026-08-26 19:48:51.396524,Medium,Good
3481,27,Male,Central,Premium,2 Year,18,95.6,727.99,Debit Card,Standard,0,3.3,3.4,10.0,659.33,1263.42,2026-08-23 19:48:51.396527,Low,Excellent
3482,67,Female,Central,Business,Monthly,22,83.13,1178.22,Credit Card,Premium,1,11.9,2.3,4.0,1200.12,1828.47,2026-07-17 19:48:51.396531,Low,Excellent
3483,20,Male,South,Premium,1 Year,27,80.45,1974.78,Cash,Premium,2,2.1,4.2,16.0,1115.57,2654.21,2026-07-31 19:48:51.396534,Low,Good
3484,30,Female,West,Basic,Monthly,4,64.01,708.33,Bank Transfer,Premium,1,26.5,4.6,28.999999999999996,993.48,634.9,2026-07-12 19:48:51.396538,Low,Excellent
3485,60,Male,West,Premium,1 Year,8,95.41,1151.07,Credit Card,Basic,1,4.1,5.0,21.0,2345.23,2100.92,2026-08-02 19:48:51.396541,Low,Excellent
3486,66,Female,North,Business,Monthly,31,33.57,960.22,Credit Card,Standard,4,9.9,4.3,4.0,2614.01,1929.92,2026-06-01 19:48:51.396545,Low,Needs Improvement
3487,47,Female,North,Basic,Monthly,4,87.32,2197.58,Credit Card,Premium,3,8.2,5.0,34.0,824.9,1121.18,2026-08-12 19:48:51.396548,Medium,Good
3488,71,Male,East,Standard,Monthly,10,87.2,270.54,Cash,Premium,1,10.9,2.7,40.0,820.79,100.0,2026-07-29 19:48:51.396552,Medium,Excellent
3489,62,Male,North,Standard,2 Year,26,42.48,50.0,Mobile Money,Basic,0,6.4,3.0,34.0,300.0,3309.69,2026-07-29 19:48:51.396555,Medium,Excellent
3490,23,Male,West,Premium,2 Year,66,47.99,1101.33,Debit Card,Premium,0,3.9,1.5,35.0,1492.73,1359.82,2026-07-23 19:48:51.396559,Medium,Excellent
3491,34,Male,East,Standard,Monthly,1,32.88,1696.2,Debit Card,Standard,2,1.6,4.8,8.0,2380.19,727.51,2026-07-10 19:48:51.396562,Low,Good
3492,62,Female,North,Premium,1 Year,17,77.76,791.47,Credit Card,Basic,1,5.9,3.6,11.0,1680.48,956.53,2026-08-07 19:48:51.396566,Low,Excellent
3493,68,Female,South,Standard,Monthly,2,20.0,50.0,Bank Transfer,Basic,1,1.0,4.2,33.0,1988.95,1779.14,2026-08-07 19:48:51.396569,Medium,Excellent
3494,70,Male,Central,Basic,Monthly,11,70.58,1719.54,Credit Card,Basic,3,1.0,4.8,45.0,1922.8,1546.85,2026-07-18 19:48:51.396573,Medium,Good
3495,36,Female,North,Standard,2 Year,4,45.9,844.33,Debit Card,Standard,0,7.6,5.0,44.0,1353.21,1085.16,2026-07-07 19:48:51.396576,Medium,Excellent
3496,59,Female,North,Business,Monthly,25,40.39,1380.27,Bank Transfer,Basic,2,5.2,3.2,31.0,1723.23,2056.11,2026-07-02 19:48:51.396580,Medium,Good
3497,52,Male,South,Standard,1 Year,34,20.0,964.38,Mobile Money,Standard,1,5.6,3.0,35.0,1340.83,1248.17,2026-07-20 19:48:51.396583,Medium,Excellent
3498,63,Male,West,Standard,Monthly,6,42.84,50.0,Bank Transfer,Premium,1,3.1,3.3,25.0,1191.28,100.0,2026-06-20 19:48:51.396586,Low,Excellent
3499,43,Female,South,Standard,Monthly,29,100.75,1459.69,Cash,Premium,2,12.5,2.5,18.0,1824.39,2186.33,2026-08-26 19:48:51.396590,Low,Good
3500,68,Female,North,Standard,Monthly,14,47.02,1655.24,Cash,Standard,2,1.8,4.0,11.0,1965.58,805.46,2026-07-17 19:48:51.396594,Low,Good
3501,22,Female,West,Standard,2 Year,8,75.5,1044.11,Bank Transfer,Standard,2,7.1,5.0,28.999999999999996,1345.31,1151.55,2026-08-06 19:48:51.396597,Low,Good
3502,46,Female,East,Standard,1 Year,17,37.73,298.02,Credit Card,Standard,2,15.8,1.6,43.0,1388.13,840.98,2026-07-04 19:48:51.396600,Medium,Good
3503,54,Male,North,Basic,Monthly,11,90.65,2671.27,Bank Transfer,Premium,0,14.4,3.3,24.0,1631.9,1404.77,2026-06-25 19:48:51.396604,Low,Excellent
3504,37,Female,South,Basic,2 Year,6,80.13,1512.36,Credit Card,Premium,1,1.0,2.2,4.0,1657.37,586.77,2026-08-01 19:48:51.396608,Low,Excellent
3505,66,Female,East,Business,2 Year,33,59.31,106.82,Debit Card,Premium,3,2.6,2.8,24.0,1047.98,1357.18,2026-06-18 19:48:51.396611,Low,Good
3506,38,Female,Central,Basic,Monthly,38,70.79,3040.05,Mobile Money,Basic,0,10.0,3.2,5.0,605.07,2521.03,2026-08-09 19:48:51.396615,Low,Excellent
3507,27,Male,East,Business,Monthly,38,72.94,710.64,Mobile Money,Basic,6,10.8,5.0,72.0,692.15,2697.33,2026-07-21 19:48:51.396619,High,Needs Improvement
3508,22,Male,South,Basic,Monthly,11,39.97,2265.65,Debit Card,Premium,2,5.3,5.0,34.0,1209.36,632.04,2026-07-19 19:48:51.396622,Medium,Good
3509,53,Male,East,Premium,Monthly,4,44.66,1724.07,Debit Card,Premium,2,1.8,4.7,34.0,1766.95,1886.39,2026-06-24 19:48:51.396626,Medium,Good
3510,23,Female,South,Standard,1 Year,44,87.95,1484.05,Debit Card,Standard,1,2.6,3.9,22.0,1385.33,2136.2,2026-08-21 19:48:51.396629,Low,Excellent
3511,43,Male,North,Basic,Monthly,9,103.67,2312.3,Debit Card,Standard,0,12.9,4.0,38.0,956.82,1511.93,2026-08-07 19:48:51.396633,Medium,Excellent
3512,21,Male,West,Business,Monthly,33,68.67,50.0,Debit Card,Basic,3,1.7,4.7,53.0,1382.41,1085.36,2026-07-30 19:48:51.396636,Medium,Good
3513,56,Male,Central,Basic,Monthly,40,82.32,1658.31,Bank Transfer,Basic,1,22.8,4.8,26.0,612.41,373.24,2026-07-21 19:48:51.396640,Low,Excellent
3514,56,Male,West,Standard,Monthly,35,95.11,929.82,Mobile Money,Standard,1,5.6,4.5,31.0,1046.38,2245.4,2026-08-15 19:48:51.396643,Medium,Excellent
3515,67,Female,West,Standard,1 Year,11,56.88,3125.48,Cash,Premium,1,2.7,5.0,5.0,2171.96,2202.28,2026-08-17 19:48:51.396647,Low,Excellent
3516,52,Female,West,Standard,1 Year,66,63.09,50.0,Debit Card,Premium,3,3.9,3.0,37.0,2239.83,1325.16,2026-07-18 19:48:51.396650,Medium,Good
3517,18,Female,South,Basic,Monthly,25,82.86,1449.75,Credit Card,Basic,2,2.4,3.6,2.0,2718.83,989.51,2026-07-05 19:48:51.396654,Low,Good
3518,41,Male,South,Business,Monthly,20,119.59,1506.28,Bank Transfer,Basic,3,3.9,4.7,32.0,1647.87,811.63,2026-07-21 19:48:51.396657,Medium,Good
3519,74,Female,Central,Standard,Monthly,28,83.73,720.41,Debit Card,Basic,2,1.1,3.2,28.000000000000004,1348.0,100.0,2026-07-19 19:48:51.396661,Low,Good
3520,53,Male,South,Basic,2 Year,1,72.59,992.79,Mobile Money,Basic,2,13.9,5.0,22.0,1259.82,531.88,2026-07-24 19:48:51.396664,Low,Good
3521,23,Male,South,Basic,Monthly,11,50.32,829.79,Credit Card,Basic,1,26.5,4.6,16.0,1352.23,1627.11,2026-07-08 19:48:51.396668,Low,Excellent
3522,58,Male,South,Basic,Monthly,51,63.55,422.53,Bank Transfer,Premium,4,8.6,3.3,24.0,893.31,1187.57,2026-06-01 19:48:51.396671,Low,Needs Improvement
3523,71,Male,South,Standard,Monthly,4,82.19,455.01,Debit Card,Premium,1,13.2,5.0,16.0,1382.52,100.0,2026-07-03 19:48:51.396675,Low,Excellent
3524,63,Male,North,Basic,Monthly,12,79.52,1071.6,Debit Card,Standard,5,2.1,4.7,54.0,1483.66,2763.17,2026-07-21 19:48:51.396678,Medium,Needs Improvement
3525,61,Female,Central,Basic,Monthly,12,50.01,1740.19,Bank Transfer,Standard,4,1.0,2.9,54.0,894.89,352.76,2026-07-25 19:48:51.396682,Medium,Needs Improvement
3526,74,Female,South,Basic,1 Year,10,97.75,675.54,Bank Transfer,Premium,1,7.9,4.0,47.0,1280.82,1799.23,2026-07-20 19:48:51.396685,Medium,Excellent
3527,48,Female,Central,Premium,2 Year,19,97.78,50.0,Mobile Money,Standard,2,13.6,2.8,33.0,1250.49,3185.3,2026-07-30 19:48:51.396689,Medium,Good
3528,37,Male,East,Standard,Monthly,120,62.23,1124.6,Credit Card,Standard,1,14.4,4.3,24.0,991.01,1303.87,2026-08-04 19:48:51.396693,Low,Excellent
3529,41,Male,North,Standard,1 Year,7,72.01,1426.99,Credit Card,Premium,0,6.1,2.5,31.0,1813.24,2042.8,2026-05-30 19:48:51.396696,Medium,Excellent
3530,42,Male,South,Standard,1 Year,29,48.98,1005.06,Debit Card,Standard,1,7.8,4.0,14.000000000000002,474.92,2232.19,2026-08-05 19:48:51.396699,Low,Excellent
3531,53,Female,North,Business,Monthly,34,44.78,1234.12,Debit Card,Premium,0,3.7,3.7,40.0,572.39,371.46,2026-07-15 19:48:51.396703,Medium,Excellent
3532,38,Female,North,Premium,Monthly,21,73.68,1937.45,Bank Transfer,Standard,2,14.2,4.3,43.0,300.0,1743.55,2026-08-26 19:48:51.396707,Medium,Good
3533,47,Female,East,Standard,Monthly,2,45.49,1145.4,Credit Card,Standard,2,9.6,4.5,42.0,485.32,435.96,2026-07-10 19:48:51.396710,Medium,Good
3534,41,Male,Central,Business,2 Year,20,81.21,1853.22,Debit Card,Basic,2,1.6,4.5,24.0,2970.36,750.46,2026-06-19 19:48:51.396713,Low,Good
3535,61,Female,North,Business,2 Year,73,55.07,1448.24,Debit Card,Premium,2,2.6,4.0,12.0,2519.86,1134.79,2026-07-01 19:48:51.396718,Low,Good
3536,59,Male,West,Standard,Monthly,10,91.25,447.9,Cash,Basic,3,1.3,2.6,27.0,1080.91,583.39,2026-06-05 19:48:51.396722,Low,Good
3537,47,Female,East,Basic,Monthly,24,62.86,2092.9,Mobile Money,Premium,4,5.6,4.0,45.0,1148.95,934.44,2026-07-25 19:48:51.396725,Medium,Needs Improvement
3538,39,Female,West,Standard,1 Year,76,20.0,121.75,Mobile Money,Premium,4,1.8,3.4,27.0,1083.98,1045.4,2026-06-17 19:48:51.396729,Low,Needs Improvement
3539,45,Female,East,Business,Monthly,38,55.7,50.0,Debit Card,Premium,1,1.4,5.0,11.0,1064.3,1631.32,2026-08-09 19:48:51.396732,Low,Excellent
3540,24,Female,West,Premium,1 Year,27,67.67,1279.9,Debit Card,Standard,2,1.4,4.6,32.0,2214.19,1797.6,2026-06-22 19:48:51.396735,Medium,Good
3541,52,Male,West,Standard,Monthly,85,21.66,1679.33,Credit Card,Standard,2,2.5,1.7,44.0,1688.32,2624.56,2026-07-16 19:48:51.396739,Medium,Good
3542,72,Female,North,Basic,2 Year,4,23.98,1624.32,Credit Card,Premium,3,13.2,4.1,34.0,901.45,1351.24,2026-07-16 19:48:51.396742,Medium,Good
3543,45,Female,North,Standard,1 Year,35,60.31,233.92,Mobile Money,Premium,0,22.3,5.0,16.0,1425.55,1656.36,2026-07-07 19:48:51.396746,Low,Excellent
3544,31,Male,East,Business,Monthly,12,90.11,1316.78,Debit Card,Premium,1,43.9,2.7,28.999999999999996,2756.8,3343.41,2026-08-26 19:48:51.396749,Low,Excellent
3545,73,Male,Central,Standard,1 Year,10,80.78,50.0,Cash,Basic,0,1.0,4.5,32.0,1518.82,1195.15,2026-06-01 19:48:51.396753,Medium,Excellent
3546,27,Male,North,Basic,Monthly,17,64.64,1479.36,Bank Transfer,Basic,3,6.7,3.3,10.0,2402.45,3174.48,2026-06-06 19:48:51.396756,Low,Good
3547,33,Male,North,Business,Monthly,1,43.68,1271.05,Debit Card,Premium,0,2.5,5.0,9.0,1714.68,2424.09,2026-08-11 19:48:51.396760,Low,Excellent
3548,33,Male,South,Standard,1 Year,8,42.47,1634.71,Credit Card,Standard,2,36.0,3.0,12.0,1945.29,1366.56,2026-06-09 19:48:51.396763,Low,Good
3549,71,Female,North,Standard,Monthly,4,81.23,1831.16,Cash,Basic,3,33.2,3.7,20.0,757.44,188.87,2026-08-10 19:48:51.396767,Low,Good
3550,48,Male,Central,Premium,1 Year,3,69.95,1626.2,Debit Card,Basic,3,21.8,4.5,49.0,2139.92,1253.94,2026-07-06 19:48:51.396770,Medium,Good
3551,59,Male,South,Premium,Monthly,9,86.36,134.97,Credit Card,Basic,1,1.0,2.2,15.0,820.02,100.0,2026-06-06 19:48:51.396774,Low,Excellent
3552,42,Female,West,Standard,1 Year,38,95.1,792.4,Credit Card,Premium,0,1.3,3.6,34.0,2304.16,1563.84,2026-07-18 19:48:51.396777,Medium,Excellent
3553,30,Female,West,Premium,Monthly,5,53.65,288.73,Bank Transfer,Standard,0,6.4,4.4,13.0,1363.02,3539.51,2026-07-06 19:48:51.396781,Low,Excellent
3554,23,Female,South,Premium,1 Year,18,76.0,50.0,Credit Card,Standard,0,1.7,1.1,36.0,300.0,1220.72,2026-07-16 19:48:51.396784,Medium,Excellent
3555,61,Male,South,Business,Monthly,33,79.3,1795.06,Credit Card,Premium,2,15.4,4.8,12.0,1413.09,2136.19,2026-07-22 19:48:51.396788,Low,Good
3556,26,Female,South,Premium,Monthly,6,47.56,1709.37,Debit Card,Premium,2,9.6,2.4,2.0,2229.87,1306.23,2026-07-28 19:48:51.396791,Low,Good
3557,62,Female,East,Standard,Monthly,61,48.87,459.28,Credit Card,Basic,3,1.6,2.4,26.0,1106.36,2545.47,2026-08-08 19:48:51.396795,Low,Good
3558,53,Male,Central,Premium,Monthly,48,83.07,572.14,Debit Card,Basic,0,13.6,5.0,16.0,2594.32,469.34,2026-07-07 19:48:51.396798,Low,Excellent
3559,73,Male,Central,Business,Monthly,6,65.04,1173.63,Debit Card,Standard,3,5.5,3.1,32.0,1516.36,1469.39,2026-07-17 19:48:51.396802,Medium,Good
3560,60,Female,West,Basic,Monthly,109,43.18,760.01,Debit Card,Standard,2,9.9,1.7,40.0,2862.82,310.17,2026-06-18 19:48:51.396805,Medium,Good
3561,37,Female,West,Standard,2 Year,26,44.52,2080.59,Debit Card,Premium,2,1.2,4.1,17.0,1240.72,2753.92,2026-06-12 19:48:51.396809,Low,Good
3562,35,Female,West,Standard,Monthly,8,32.9,891.71,Credit Card,Basic,2,5.8,5.0,30.0,1553.86,1538.02,2026-07-08 19:48:51.396812,Low,Good
3563,60,Female,North,Premium,1 Year,27,56.04,525.2,Debit Card,Basic,4,12.0,2.8,7.000000000000001,1403.83,1961.36,2026-07-21 19:48:51.396816,Low,Needs Improvement
3564,74,Female,West,Standard,1 Year,26,39.28,1545.01,Debit Card,Basic,2,3.4,4.2,28.999999999999996,1545.08,1966.39,2026-06-18 19:48:51.396819,Low,Good
3565,38,Female,South,Business,Monthly,22,67.56,472.56,Mobile Money,Standard,4,1.7,3.8,31.0,1291.61,164.57,2026-06-14 19:48:51.396823,Medium,Needs Improvement
3566,21,Male,West,Premium,1 Year,29,122.03,1765.34,Bank Transfer,Premium,0,8.2,2.5,23.0,1135.41,328.01,2026-07-15 19:48:51.396827,Low,Excellent
3567,67,Male,South,Standard,2 Year,7,76.51,1153.1,Mobile Money,Basic,3,8.3,2.8,56.99999999999999,1380.23,2058.31,2026-07-09 19:48:51.396830,Medium,Good
3568,50,Male,East,Basic,Monthly,92,91.68,1928.67,Bank Transfer,Standard,2,1.8,4.6,17.0,1289.01,1828.02,2026-06-12 19:48:51.396833,Low,Good
3569,44,Female,North,Standard,2 Year,46,75.02,1998.35,Credit Card,Premium,1,1.0,4.8,20.0,993.7,1844.67,2026-08-20 19:48:51.396837,Low,Excellent
3570,24,Female,North,Premium,Monthly,32,23.77,156.67,Debit Card,Basic,1,1.5,3.9,49.0,1412.38,2176.09,2026-07-05 19:48:51.396841,Medium,Excellent
3571,23,Female,Central,Basic,1 Year,1,68.16,1252.4,Bank Transfer,Standard,1,2.6,1.0,8.0,2077.27,1322.12,2026-07-19 19:48:51.396844,Low,Excellent
3572,32,Male,East,Premium,Monthly,21,47.93,1162.94,Mobile Money,Basic,1,1.0,5.0,8.0,1499.36,1026.12,2026-07-12 19:48:51.396848,Low,Excellent
3573,35,Female,South,Basic,Monthly,29,44.39,1108.14,Credit Card,Standard,3,20.5,5.0,45.0,1837.78,179.49,2026-08-24 19:48:51.396851,Medium,Good
3574,49,Male,East,Standard,1 Year,46,59.34,2127.68,Credit Card,Basic,2,2.1,4.7,39.0,1269.83,2769.89,2026-06-09 19:48:51.396855,Medium,Good
3575,73,Male,North,Standard,Monthly,70,80.78,1187.47,Mobile Money,Standard,1,10.7,2.5,43.0,2208.96,1564.32,2026-07-11 19:48:51.396858,Medium,Excellent
3576,28,Female,South,Standard,Monthly,59,57.37,91.45,Debit Card,Standard,3,4.3,2.3,15.0,1306.55,100.0,2026-08-04 19:48:51.396862,Low,Good
3577,37,Female,East,Basic,Monthly,12,86.47,832.59,Debit Card,Standard,1,5.6,3.7,7.000000000000001,1260.59,494.86,2026-07-01 19:48:51.396865,Low,Excellent
3578,41,Female,North,Basic,1 Year,54,69.58,639.89,Debit Card,Standard,4,6.2,3.1,39.0,1579.79,1383.37,2026-06-19 19:48:51.396869,Medium,Needs Improvement
3579,32,Male,South,Standard,1 Year,1,72.93,870.17,Credit Card,Standard,2,11.9,5.0,27.0,1182.96,1680.78,2026-06-17 19:48:51.396872,Low,Good
3580,65,Female,South,Standard,Monthly,10,63.52,1188.11,Bank Transfer,Premium,2,12.4,5.0,35.0,2090.96,2569.13,2026-07-08 19:48:51.396876,Medium,Good
3581,24,Male,North,Standard,Monthly,2,97.15,641.52,Mobile Money,Basic,3,1.2,2.0,21.0,886.11,2014.62,2026-06-08 19:48:51.396879,Low,Good
3582,38,Male,South,Standard,1 Year,51,47.48,1689.64,Mobile Money,Standard,1,2.9,5.0,14.000000000000002,2191.25,316.39,2026-07-30 19:48:51.396883,Low,Excellent
3583,59,Female,North,Basic,1 Year,63,48.89,2415.75,Credit Card,Standard,0,6.8,3.5,72.0,1230.14,1586.96,2026-06-26 19:48:51.396886,High,Excellent
3584,43,Female,West,Premium,Monthly,7,57.04,1341.2,Bank Transfer,Basic,3,3.2,3.0,34.0,1580.29,1228.28,2026-06-19 19:48:51.396890,Medium,Good
3585,61,Female,West,Business,Monthly,10,77.56,1830.32,Credit Card,Standard,4,1.1,3.7,5.0,300.0,1370.33,2026-07-22 19:48:51.396893,Low,Needs Improvement
3586,73,Male,South,Basic,Monthly,99,80.93,404.17,Cash,Basic,3,4.2,2.4,18.0,1125.47,2374.8,2026-08-13 19:48:51.396897,Low,Good
3587,31,Female,South,Basic,2 Year,20,50.99,1884.32,Debit Card,Standard,2,2.0,5.0,18.0,2010.94,2707.62,2026-08-25 19:48:51.396900,Low,Good
3588,74,Male,North,Premium,1 Year,16,87.42,2296.49,Mobile Money,Basic,1,1.2,3.6,52.0,2218.85,2709.77,2026-07-16 19:48:51.396904,Medium,Excellent
3589,54,Female,South,Business,Monthly,16,40.49,2179.44,Bank Transfer,Premium,5,2.9,5.0,19.0,2190.86,1665.26,2026-06-14 19:48:51.396907,Low,Needs Improvement
3590,38,Male,Central,Basic,2 Year,28,82.82,733.59,Cash,Basic,0,2.8,5.0,20.0,2168.65,2089.83,2026-06-28 19:48:51.396911,Low,Excellent
3591,35,Male,West,Standard,Monthly,74,73.94,2190.94,Cash,Basic,2,1.0,3.1,27.0,932.76,1649.22,2026-07-22 19:48:51.396914,Low,Good
3592,22,Female,South,Standard,Monthly,10,65.43,2608.05,Credit Card,Standard,4,7.0,3.9,24.0,2864.59,1016.84,2026-06-29 19:48:51.396918,Low,Needs Improvement
3593,20,Female,South,Business,2 Year,4,76.83,751.28,Debit Card,Premium,2,3.0,2.9,18.0,1844.57,447.51,2026-07-03 19:48:51.396921,Low,Good
3594,40,Male,East,Basic,2 Year,4,62.02,1760.83,Debit Card,Basic,3,1.5,5.0,19.0,930.56,380.78,2026-08-14 19:48:51.396925,Low,Good
3595,43,Male,South,Business,1 Year,1,71.38,739.48,Credit Card,Premium,1,13.7,3.2,3.0,1274.7,1918.72,2026-08-08 19:48:51.396928,Low,Excellent
3596,54,Female,Central,Business,Monthly,19,125.15,115.1,Cash,Basic,6,1.0,4.6,15.0,785.27,1898.27,2026-07-09 19:48:51.396932,Low,Needs Improvement
3597,41,Male,West,Business,Monthly,63,87.36,1028.76,Debit Card,Standard,3,4.8,5.0,60.0,2176.76,1946.69,2026-08-11 19:48:51.396935,Medium,Good
3598,66,Male,East,Basic,2 Year,29,51.45,750.48,Credit Card,Basic,3,4.6,5.0,45.0,1877.45,2221.33,2026-08-25 19:48:51.396939,Medium,Good
3599,36,Male,North,Basic,1 Year,118,57.37,1091.04,Credit Card,Basic,2,8.9,5.0,31.0,1526.98,2814.94,2026-07-04 19:48:51.396945,Medium,Good
3600,68,Male,North,Basic,Monthly,57,95.21,50.0,Debit Card,Standard,4,3.9,3.5,48.0,1648.6,1889.19,2026-07-24 19:48:51.396949,Medium,Needs Improvement
3601,42,Female,West,Standard,Monthly,16,55.13,1507.37,Mobile Money,Basic,1,5.8,5.0,57.99999999999999,2044.26,1204.63,2026-07-29 19:48:51.396953,Medium,Excellent
3602,38,Female,North,Basic,2 Year,15,107.52,1014.16,Bank Transfer,Basic,3,19.1,5.0,39.0,1455.83,251.08,2026-07-19 19:48:51.396956,Medium,Good
3603,29,Female,Central,Basic,2 Year,23,84.13,1800.46,Credit Card,Standard,1,1.5,2.1,56.99999999999999,468.27,1836.27,2026-08-16 19:48:51.396960,Medium,Excellent
3604,74,Female,South,Basic,1 Year,2,31.1,832.91,Credit Card,Premium,1,1.0,5.0,9.0,2164.55,884.08,2026-07-25 19:48:51.396963,Low,Excellent
3605,58,Male,West,Basic,1 Year,22,86.71,2586.32,Cash,Basic,2,11.0,4.3,26.0,349.22,864.2,2026-08-21 19:48:51.396966,Low,Good
3606,50,Male,East,Standard,Monthly,14,20.0,850.19,Credit Card,Basic,1,10.9,3.6,23.0,1953.49,1132.76,2026-07-10 19:48:51.396970,Low,Excellent
3607,67,Male,South,Standard,1 Year,24,56.29,1290.12,Cash,Standard,3,20.2,3.7,53.0,1965.9,1878.11,2026-07-16 19:48:51.396974,Medium,Good
3608,70,Male,North,Basic,1 Year,19,86.38,414.42,Cash,Standard,0,32.7,3.8,21.0,1305.54,1653.91,2026-06-01 19:48:51.396977,Low,Excellent
3609,21,Male,North,Basic,Monthly,8,20.0,1277.57,Bank Transfer,Standard,0,3.9,3.4,22.0,1071.06,2834.95,2026-07-28 19:48:51.396981,Low,Excellent
3610,59,Female,East,Standard,2 Year,22,115.74,1415.02,Cash,Standard,1,3.8,4.3,24.0,674.25,1095.59,2026-07-08 19:48:51.396984,Low,Excellent
3611,74,Female,Central,Premium,2 Year,10,89.21,747.04,Credit Card,Standard,2,18.8,5.0,15.0,1144.84,273.05,2026-06-23 19:48:51.396987,Low,Good
3612,24,Male,East,Standard,Monthly,5,40.53,1807.2,Cash,Basic,2,15.8,2.5,23.0,318.62,440.45,2026-08-17 19:48:51.396991,Low,Good
3613,39,Female,West,Standard,2 Year,26,103.0,750.42,Credit Card,Premium,2,3.8,1.6,64.0,1334.75,100.0,2026-07-08 19:48:51.396995,High,Good
3614,72,Female,East,Business,1 Year,8,20.0,2107.24,Debit Card,Basic,6,1.0,3.9,37.0,1936.88,2151.89,2026-08-20 19:48:51.396998,Medium,Needs Improvement
3615,50,Female,North,Basic,1 Year,52,39.81,103.97,Debit Card,Standard,0,7.0,5.0,4.0,300.0,2202.04,2026-08-20 19:48:51.397002,Low,Excellent
3616,34,Female,Central,Business,2 Year,5,29.62,1147.59,Debit Card,Basic,3,2.5,4.6,36.0,1257.98,877.68,2026-08-23 19:48:51.397005,Medium,Good
3617,41,Female,Central,Standard,Monthly,21,20.0,3302.33,Credit Card,Basic,2,19.1,3.2,11.0,2088.46,988.38,2026-07-13 19:48:51.397009,Low,Good
3618,51,Female,East,Standard,1 Year,20,56.67,50.0,Mobile Money,Basic,3,13.1,3.5,7.000000000000001,2255.56,1790.56,2026-07-12 19:48:51.397012,Low,Good
3619,45,Female,West,Standard,Monthly,5,69.78,1963.18,Bank Transfer,Standard,1,18.5,1.5,53.0,1516.24,437.73,2026-08-19 19:48:51.397016,Medium,Excellent
3620,60,Female,North,Premium,1 Year,13,69.03,1453.25,Cash,Standard,3,1.0,5.0,34.0,300.0,681.84,2026-06-18 19:48:51.397021,Medium,Good
3621,58,Male,South,Standard,Monthly,27,68.26,954.42,Debit Card,Premium,3,16.0,3.3,10.0,676.07,1666.78,2026-06-27 19:48:51.397024,Low,Good
3622,56,Male,Central,Premium,Monthly,9,66.31,2079.57,Debit Card,Standard,2,7.2,4.0,15.0,666.52,2251.24,2026-05-30 19:48:51.397028,Low,Good
3623,39,Female,East,Business,Monthly,2,35.46,1542.07,Cash,Basic,4,1.9,3.5,26.0,1931.17,1179.75,2026-07-20 19:48:51.397031,Low,Needs Improvement
3624,66,Male,West,Premium,Monthly,22,52.44,963.69,Cash,Standard,1,2.9,2.8,24.0,1903.37,100.0,2026-07-17 19:48:51.397035,Low,Excellent
3625,34,Male,West,Business,Monthly,6,20.0,610.88,Bank Transfer,Basic,1,4.9,3.1,31.0,1034.64,1415.42,2026-06-04 19:48:51.397038,Medium,Excellent
3626,51,Female,North,Business,Monthly,27,91.99,861.57,Mobile Money,Basic,2,7.9,3.2,28.999999999999996,1715.32,1194.87,2026-08-08 19:48:51.397042,Low,Good
3627,23,Male,Central,Standard,1 Year,43,67.37,1002.94,Debit Card,Premium,0,2.1,3.0,49.0,643.57,947.54,2026-06-27 19:48:51.397045,Medium,Excellent
3628,63,Female,North,Basic,2 Year,3,66.71,1059.39,Debit Card,Standard,1,1.9,4.7,52.0,1180.95,1828.47,2026-07-23 19:48:51.397049,Medium,Excellent
3629,23,Female,South,Standard,2 Year,13,84.49,563.87,Mobile Money,Standard,2,17.8,4.7,28.999999999999996,1305.33,1651.25,2026-06-19 19:48:51.397053,Low,Good
3630,51,Female,South,Basic,2 Year,14,86.27,1319.72,Mobile Money,Premium,2,14.9,3.5,15.0,1422.28,100.0,2026-08-12 19:48:51.397056,Low,Good
3631,18,Female,South,Standard,2 Year,24,55.97,678.77,Credit Card,Basic,4,11.6,4.0,44.0,637.74,489.33,2026-07-24 19:48:51.397059,Medium,Needs Improvement
3632,27,Male,West,Basic,Monthly,9,62.08,1308.85,Credit Card,Premium,2,11.4,5.0,43.0,1650.32,1725.3,2026-07-25 19:48:51.397063,Medium,Good
3633,38,Female,Central,Standard,1 Year,13,104.15,2729.53,Bank Transfer,Premium,3,11.6,1.9,8.0,335.47,1659.95,2026-07-13 19:48:51.397066,Low,Good
3634,22,Female,North,Standard,1 Year,1,50.37,1883.25,Mobile Money,Premium,4,20.6,5.0,7.000000000000001,643.1,1691.97,2026-06-24 19:48:51.397070,Low,Needs Improvement
3635,19,Female,North,Business,Monthly,3,103.93,1168.98,Credit Card,Basic,2,14.8,5.0,39.0,932.57,1503.78,2026-08-03 19:48:51.397074,Medium,Good
3636,39,Male,South,Business,1 Year,20,56.24,254.97,Mobile Money,Premium,3,3.9,4.7,61.0,1958.69,1659.24,2026-08-25 19:48:51.397077,High,Good
3637,65,Male,Central,Standard,Monthly,5,20.0,1313.46,Debit Card,Basic,3,5.1,4.3,33.0,1674.14,1269.97,2026-08-25 19:48:51.397081,Medium,Good
3638,74,Female,Central,Standard,2 Year,3,67.24,2628.96,Debit Card,Premium,1,7.4,4.3,16.0,781.29,1816.75,2026-07-07 19:48:51.397084,Low,Excellent
3639,19,Male,East,Basic,1 Year,9,56.05,393.55,Credit Card,Basic,3,5.2,2.0,40.0,1536.07,497.98,2026-06-20 19:48:51.397088,Medium,Good
3640,27,Female,Central,Business,2 Year,4,31.29,50.0,Cash,Premium,3,2.8,4.5,10.0,2007.22,991.8,2026-06-04 19:48:51.397091,Low,Good
3641,51,Male,Central,Premium,Monthly,1,62.97,1452.37,Credit Card,Standard,4,15.8,5.0,52.0,2589.07,1740.42,2026-08-23 19:48:51.397095,Medium,Needs Improvement
3642,33,Male,North,Standard,Monthly,8,52.86,2429.87,Credit Card,Standard,2,13.0,2.3,42.0,1743.79,2967.3,2026-08-10 19:48:51.397099,Medium,Good
3643,65,Male,Central,Basic,2 Year,4,111.85,2171.73,Debit Card,Premium,3,4.0,2.6,19.0,1748.61,815.65,2026-07-21 19:48:51.397102,Low,Good
3644,68,Male,Central,Standard,Monthly,38,89.21,2524.31,Credit Card,Basic,2,1.0,5.0,35.0,751.8,187.94,2026-06-29 19:48:51.397105,Medium,Good
3645,56,Female,North,Standard,Monthly,1,40.97,169.72,Credit Card,Basic,3,1.0,3.5,27.0,1564.68,1136.97,2026-08-08 19:48:51.397109,Low,Good
3646,39,Female,Central,Business,1 Year,33,46.49,881.19,Debit Card,Basic,0,1.0,4.9,44.0,1461.39,1454.25,2026-06-09 19:48:51.397113,Medium,Excellent
3647,29,Male,North,Standard,2 Year,11,90.01,1495.15,Debit Card,Basic,3,1.3,2.6,10.0,1122.21,1018.64,2026-08-15 19:48:51.397116,Low,Good
3648,41,Female,East,Basic,Monthly,26,95.31,50.0,Bank Transfer,Standard,0,8.6,4.6,48.0,517.45,2619.73,2026-06-15 19:48:51.397120,Medium,Excellent
3649,64,Male,West,Basic,Monthly,1,56.67,1177.87,Credit Card,Standard,1,2.0,4.6,56.00000000000001,834.31,1220.47,2026-06-22 19:48:51.397123,Medium,Excellent
3650,57,Female,North,Premium,1 Year,60,52.98,774.51,Mobile Money,Basic,0,8.1,1.3,19.0,948.55,1230.66,2026-06-12 19:48:51.397127,Low,Excellent
3651,55,Male,North,Standard,Monthly,34,61.82,1002.77,Debit Card,Standard,3,3.2,4.7,37.0,2012.05,2217.38,2026-07-29 19:48:51.397130,Medium,Good
3652,27,Female,Central,Standard,Monthly,3,72.25,1413.78,Cash,Standard,2,18.0,3.2,11.0,1134.22,2067.58,2026-06-20 19:48:51.397134,Low,Good
3653,52,Female,North,Premium,2 Year,5,83.14,930.33,Debit Card,Premium,2,5.1,4.2,31.0,1038.22,3017.56,2026-08-08 19:48:51.397137,Medium,Good
3654,68,Female,South,Standard,1 Year,24,84.43,328.0,Mobile Money,Premium,4,8.9,3.5,36.0,408.41,1011.58,2026-08-15 19:48:51.397141,Medium,Needs Improvement
3655,66,Female,South,Standard,2 Year,61,38.61,1764.41,Debit Card,Standard,3,4.9,5.0,72.0,1550.76,1872.93,2026-08-05 19:48:51.397144,High,Good
3656,49,Female,East,Business,Monthly,14,56.01,319.47,Debit Card,Premium,3,19.5,5.0,21.0,1957.79,1862.57,2026-07-08 19:48:51.397148,Low,Good
3657,24,Female,North,Basic,1 Year,15,20.0,1109.85,Debit Card,Premium,3,9.3,5.0,33.0,300.0,2604.8,2026-07-16 19:48:51.397151,Medium,Good
3658,38,Female,Central,Business,2 Year,6,64.41,534.51,Debit Card,Standard,1,8.2,5.0,20.0,1131.77,1106.21,2026-08-17 19:48:51.397155,Low,Excellent
3659,37,Female,Central,Basic,1 Year,11,30.3,1746.92,Bank Transfer,Premium,3,7.2,5.0,63.0,1519.83,2816.5,2026-05-30 19:48:51.397158,High,Good
3660,43,Female,West,Basic,Monthly,8,46.7,50.0,Bank Transfer,Premium,5,35.8,3.6,9.0,2371.94,2330.87,2026-06-17 19:48:51.397162,Low,Needs Improvement
3661,21,Male,East,Basic,2 Year,10,92.6,1121.1,Mobile Money,Basic,2,9.2,3.6,18.0,998.84,2495.16,2026-07-28 19:48:51.397165,Low,Good
3662,63,Female,Central,Premium,1 Year,1,74.75,1445.96,Bank Transfer,Standard,1,11.2,3.2,10.0,2090.4,960.65,2026-06-13 19:48:51.397169,Low,Excellent
3663,69,Male,West,Basic,2 Year,1,73.73,1422.1,Credit Card,Basic,3,1.0,2.9,28.999999999999996,938.36,1468.4,2026-06-15 19:48:51.397172,Low,Good
3664,39,Female,Central,Basic,Monthly,27,65.06,2059.41,Cash,Standard,3,13.5,1.9,56.99999999999999,2124.83,1332.85,2026-08-07 19:48:51.397176,Medium,Good
3665,32,Female,West,Business,1 Year,27,100.09,1861.76,Bank Transfer,Premium,1,7.3,4.5,52.0,959.59,514.68,2026-07-25 19:48:51.397179,Medium,Excellent
3666,73,Female,South,Standard,2 Year,9,49.3,1562.33,Debit Card,Premium,1,3.3,3.8,13.0,1403.32,1725.42,2026-06-08 19:48:51.397183,Low,Excellent
3667,57,Male,South,Business,1 Year,52,69.09,50.0,Cash,Standard,1,7.0,4.0,32.0,1765.0,1669.65,2026-08-26 19:48:51.397187,Medium,Excellent
3668,38,Male,Central,Basic,Monthly,7,67.75,1660.52,Cash,Standard,1,7.9,4.6,19.0,300.0,1644.24,2026-08-09 19:48:51.397190,Low,Excellent
3669,32,Female,East,Basic,Monthly,12,56.29,2167.29,Credit Card,Basic,0,2.4,3.9,24.0,300.0,1487.71,2026-08-02 19:48:51.397194,Low,Excellent
3670,39,Female,North,Basic,Monthly,31,118.46,578.51,Credit Card,Basic,1,4.6,3.4,17.0,1920.79,1475.78,2026-06-13 19:48:51.397197,Low,Excellent
3671,69,Male,East,Basic,Monthly,32,34.48,2129.35,Credit Card,Standard,1,10.2,3.6,2.0,2059.58,1585.23,2026-07-05 19:48:51.397201,Low,Excellent
3672,45,Male,East,Standard,1 Year,47,20.0,1923.54,Bank Transfer,Premium,1,2.0,3.1,62.0,2215.34,1489.04,2026-07-27 19:48:51.397204,High,Excellent
3673,31,Female,North,Business,Monthly,1,67.7,636.7,Bank Transfer,Premium,2,14.5,5.0,38.0,1851.05,829.7,2026-08-11 19:48:51.397208,Medium,Good
3674,44,Female,South,Business,Monthly,4,49.92,778.12,Bank Transfer,Premium,2,1.0,2.2,50.0,1699.58,1468.55,2026-08-21 19:48:51.397211,Medium,Good
3675,58,Male,South,Business,Monthly,24,20.0,430.42,Bank Transfer,Premium,4,7.0,4.3,24.0,1273.53,1612.4,2026-08-11 19:48:51.397215,Low,Needs Improvement
3676,57,Male,North,Standard,Monthly,9,74.4,2047.26,Credit Card,Basic,1,3.8,3.9,18.0,1300.52,291.64,2026-05-31 19:48:51.397218,Low,Excellent
3677,45,Male,West,Basic,1 Year,1,71.04,652.46,Credit Card,Basic,3,1.0,2.2,52.0,1550.52,584.12,2026-08-07 19:48:51.397222,Medium,Good
3678,43,Female,East,Basic,1 Year,21,93.06,667.48,Cash,Standard,1,11.9,3.6,35.0,300.0,253.7,2026-08-25 19:48:51.397225,Medium,Excellent
3679,66,Male,Central,Business,2 Year,11,51.1,1012.44,Cash,Basic,5,6.3,4.6,33.0,1491.41,1227.1,2026-06-28 19:48:51.397229,Medium,Needs Improvement
3680,19,Male,South,Standard,Monthly,10,20.0,298.92,Credit Card,Basic,2,10.1,3.6,14.000000000000002,1499.68,1357.73,2026-07-08 19:48:51.397232,Low,Good
3681,42,Male,Central,Standard,1 Year,7,41.54,1591.17,Credit Card,Basic,3,3.8,2.9,4.0,1472.41,630.25,2026-06-28 19:48:51.397236,Low,Good
3682,73,Male,North,Standard,Monthly,1,20.0,962.59,Debit Card,Basic,1,15.7,3.9,21.0,300.0,2728.54,2026-08-26 19:48:51.397239,Low,Excellent
3683,20,Female,Central,Standard,Monthly,4,102.42,2078.22,Credit Card,Standard,1,1.0,2.1,15.0,1630.29,100.0,2026-07-23 19:48:51.397243,Low,Excellent
3684,25,Male,Central,Standard,1 Year,15,90.15,1881.15,Credit Card,Basic,1,2.1,3.1,19.0,834.57,1627.32,2026-06-21 19:48:51.397246,Low,Excellent
3685,61,Male,East,Basic,2 Year,7,97.08,2504.54,Debit Card,Basic,1,12.7,2.4,8.0,1629.96,100.52,2026-08-20 19:48:51.397250,Low,Excellent
3686,50,Male,North,Basic,Monthly,49,81.66,50.0,Credit Card,Basic,2,24.8,4.1,9.0,2373.27,878.54,2026-06-12 19:48:51.397253,Low,Good
3687,59,Male,Central,Basic,Monthly,3,29.99,178.23,Bank Transfer,Standard,1,15.0,5.0,45.0,1433.3,1357.59,2026-05-30 19:48:51.397257,Medium,Excellent
3688,69,Male,South,Business,1 Year,49,54.9,1202.45,Cash,Standard,3,2.1,4.3,26.0,998.51,429.98,2026-08-14 19:48:51.397260,Low,Good
3689,52,Female,North,Business,1 Year,12,84.81,1293.9,Cash,Premium,2,3.4,5.0,27.0,518.66,1434.93,2026-07-08 19:48:51.397264,Low,Good
3690,23,Female,South,Standard,Monthly,7,22.52,968.64,Bank Transfer,Basic,4,11.6,5.0,32.0,1599.31,140.12,2026-07-18 19:48:51.397267,Medium,Needs Improvement
3691,56,Female,West,Basic,1 Year,8,76.02,2512.69,Bank Transfer,Basic,3,23.4,2.7,42.0,1466.92,1324.3,2026-08-21 19:48:51.397271,Medium,Good
3692,69,Female,Central,Basic,2 Year,9,84.46,879.4,Debit Card,Standard,3,2.7,3.6,34.0,1206.66,813.06,2026-06-10 19:48:51.397274,Medium,Good
3693,40,Female,North,Standard,Monthly,16,121.58,1574.05,Credit Card,Basic,1,3.9,4.3,13.0,1142.53,2979.68,2026-07-19 19:48:51.397278,Low,Excellent
3694,42,Male,South,Basic,Monthly,10,88.89,1469.29,Bank Transfer,Standard,2,1.0,2.9,11.0,1296.96,2315.74,2026-08-23 19:48:51.397281,Low,Good
3695,67,Female,Central,Standard,Monthly,25,76.88,715.5,Debit Card,Premium,4,5.6,4.4,18.0,1071.58,2202.26,2026-06-11 19:48:51.397285,Low,Needs Improvement
3696,60,Female,East,Business,1 Year,13,65.71,1572.03,Credit Card,Basic,2,1.0,4.3,20.0,874.93,2842.35,2026-08-15 19:48:51.397288,Low,Good
3697,36,Female,South,Basic,Monthly,26,78.58,1196.97,Bank Transfer,Basic,0,1.0,4.2,41.0,1018.42,465.43,2026-06-28 19:48:51.397292,Medium,Excellent
3698,22,Female,South,Basic,2 Year,22,80.26,2190.88,Credit Card,Basic,1,11.5,3.7,28.000000000000004,1862.62,882.52,2026-06-29 19:48:51.397295,Low,Excellent
3699,68,Male,West,Business,1 Year,6,20.0,2130.61,Mobile Money,Basic,5,3.4,2.6,25.0,618.06,2448.57,2026-08-04 19:48:51.397299,Low,Needs Improvement
3700,28,Female,East,Business,Monthly,40,70.34,50.0,Cash,Basic,2,21.9,4.3,14.000000000000002,1681.03,1279.96,2026-05-30 19:48:51.397302,Low,Good
3701,73,Female,West,Standard,Monthly,38,20.0,50.0,Credit Card,Basic,4,10.1,3.9,16.0,1523.93,1691.16,2026-06-20 19:48:51.397306,Low,Needs Improvement
3702,29,Female,East,Business,1 Year,108,20.0,1083.76,Credit Card,Standard,2,2.8,2.9,37.0,1285.35,1431.15,2026-07-09 19:48:51.397310,Medium,Good
3703,27,Male,South,Basic,Monthly,4,66.05,1890.5,Credit Card,Basic,0,9.2,3.9,32.0,1316.75,2450.49,2026-08-01 19:48:51.397313,Medium,Excellent
3704,25,Male,West,Standard,2 Year,45,76.96,1298.52,Cash,Basic,2,16.1,3.4,35.0,1393.38,1595.36,2026-06-17 19:48:51.397317,Medium,Good
3705,41,Male,Central,Premium,Monthly,49,31.85,1531.67,Credit Card,Standard,1,4.6,4.4,13.0,976.53,1141.84,2026-06-02 19:48:51.397322,Low,Excellent
3706,45,Female,East,Business,Monthly,24,92.35,3431.34,Debit Card,Standard,1,6.6,4.4,42.0,648.04,2361.53,2026-08-03 19:48:51.397326,Medium,Excellent
3707,58,Male,South,Basic,1 Year,16,102.99,701.69,Credit Card,Standard,2,2.0,3.2,56.00000000000001,1821.46,542.52,2026-06-15 19:48:51.397329,Medium,Good
3708,53,Male,North,Basic,Monthly,75,85.15,1553.71,Debit Card,Standard,1,4.1,3.7,10.0,776.51,959.66,2026-08-14 19:48:51.397332,Low,Excellent
3709,54,Female,East,Basic,1 Year,86,64.33,1331.52,Mobile Money,Standard,1,6.9,3.2,13.0,1730.52,230.95,2026-06-23 19:48:51.397336,Low,Excellent
3710,38,Male,East,Premium,Monthly,24,72.66,1887.18,Debit Card,Standard,1,7.6,5.0,38.0,1804.61,1409.16,2026-07-24 19:48:51.397340,Medium,Excellent
3711,25,Female,Central,Basic,1 Year,10,67.82,1960.2,Mobile Money,Standard,5,10.2,3.4,14.000000000000002,716.14,1942.32,2026-07-18 19:48:51.397343,Low,Needs Improvement
3712,72,Male,East,Standard,1 Year,40,70.35,1644.04,Bank Transfer,Basic,3,25.2,4.2,27.0,1894.97,1192.35,2026-06-15 19:48:51.397346,Low,Good
3713,26,Female,East,Standard,1 Year,2,39.4,2320.91,Debit Card,Premium,3,14.6,5.0,16.0,300.0,912.06,2026-07-28 19:48:51.397350,Low,Good
3714,64,Female,Central,Basic,1 Year,8,55.68,2271.95,Bank Transfer,Basic,1,15.3,1.0,28.000000000000004,2022.42,475.12,2026-07-07 19:48:51.397353,Low,Excellent
3715,32,Female,Central,Premium,Monthly,101,66.49,1531.31,Mobile Money,Premium,3,6.5,4.6,49.0,1103.24,1839.5,2026-07-16 19:48:51.397357,Medium,Good
3716,65,Female,West,Standard,Monthly,40,73.43,1115.7,Mobile Money,Basic,2,1.2,4.4,36.0,1871.97,1708.93,2026-08-07 19:48:51.397361,Medium,Good
3717,63,Male,South,Premium,Monthly,67,79.74,1431.9,Bank Transfer,Standard,2,8.1,3.1,19.0,1615.7,1908.64,2026-08-01 19:48:51.397364,Low,Good
3718,57,Male,South,Standard,Monthly,21,40.04,50.0,Bank Transfer,Standard,2,4.2,2.1,30.0,1751.08,1029.08,2026-07-13 19:48:51.397367,Low,Good
3719,35,Male,West,Business,2 Year,12,60.68,779.34,Credit Card,Basic,2,1.0,3.3,28.000000000000004,680.23,3179.6,2026-07-29 19:48:51.397371,Low,Good
3720,59,Female,South,Basic,Monthly,93,58.29,427.42,Cash,Standard,2,1.7,3.5,4.0,2859.96,939.93,2026-07-13 19:48:51.397374,Low,Good
3721,37,Female,East,Standard,1 Year,8,113.99,1912.09,Credit Card,Standard,1,11.4,4.2,12.0,1920.09,2002.34,2026-07-16 19:48:51.397378,Low,Excellent
3722,23,Male,West,Standard,Monthly,33,71.24,2280.27,Debit Card,Basic,1,8.0,2.2,46.0,2027.67,1637.47,2026-06-28 19:48:51.397381,Medium,Excellent
3723,29,Female,West,Basic,1 Year,19,81.84,1728.88,Debit Card,Basic,1,30.7,2.6,55.00000000000001,1999.32,1484.25,2026-08-26 19:48:51.397385,Medium,Excellent
3724,19,Male,South,Basic,1 Year,6,89.91,1096.56,Credit Card,Basic,5,20.6,3.2,8.0,1622.03,861.4,2026-08-15 19:48:51.397388,Low,Needs Improvement
3725,24,Female,North,Standard,Monthly,1,86.35,608.3,Bank Transfer,Basic,4,7.2,5.0,15.0,1567.04,100.0,2026-07-04 19:48:51.397392,Low,Needs Improvement
3726,33,Female,South,Standard,1 Year,11,20.0,1901.25,Credit Card,Basic,2,1.3,3.3,10.0,1904.13,536.78,2026-07-26 19:48:51.397395,Low,Good
3727,20,Male,North,Premium,Monthly,19,60.54,2036.27,Cash,Premium,2,3.3,2.8,40.0,1285.25,1237.99,2026-07-24 19:48:51.397399,Medium,Good
3728,62,Female,West,Premium,Monthly,4,81.95,1123.56,Mobile Money,Standard,2,2.1,4.8,12.0,949.3,2984.23,2026-08-23 19:48:51.397402,Low,Good
3729,20,Male,North,Standard,1 Year,12,68.25,1247.85,Debit Card,Standard,1,5.1,1.8,10.0,1981.08,1568.37,2026-07-02 19:48:51.397406,Low,Excellent
3730,44,Female,East,Premium,Monthly,22,23.3,919.52,Debit Card,Standard,3,12.9,2.8,49.0,1166.79,1255.83,2026-07-11 19:48:51.397409,Medium,Good
3731,67,Female,Central,Standard,1 Year,30,38.91,1532.97,Credit Card,Premium,1,13.8,1.4,30.0,1137.72,1756.05,2026-07-22 19:48:51.397413,Low,Excellent
3732,60,Male,North,Premium,Monthly,1,42.8,889.01,Mobile Money,Standard,2,1.6,3.7,26.0,300.0,1261.24,2026-06-03 19:48:51.397416,Low,Good
3733,57,Male,Central,Standard,1 Year,26,73.21,1136.85,Debit Card,Standard,1,6.4,3.1,48.0,1768.55,2182.42,2026-06-02 19:48:51.397420,Medium,Excellent
3734,55,Male,East,Standard,Monthly,1,70.85,263.36,Credit Card,Basic,1,9.0,5.0,35.0,1342.5,3445.21,2026-07-18 19:48:51.397423,Medium,Excellent
3735,50,Female,Central,Premium,1 Year,1,103.1,1409.79,Cash,Standard,3,4.0,4.0,37.0,1711.47,270.94,2026-07-27 19:48:51.397427,Medium,Good
3736,45,Female,East,Business,2 Year,3,65.32,2601.07,Bank Transfer,Premium,2,18.9,3.7,56.99999999999999,1424.35,1680.35,2026-06-19 19:48:51.397430,Medium,Good
3737,18,Male,Central,Standard,Monthly,25,70.09,1477.86,Credit Card,Basic,1,3.6,2.6,41.0,1946.59,1314.72,2026-08-12 19:48:51.397434,Medium,Excellent
3738,72,Female,Central,Standard,Monthly,1,31.58,2033.92,Mobile Money,Standard,1,5.4,3.5,27.0,1562.6,1376.43,2026-08-24 19:48:51.397437,Low,Excellent
3739,25,Female,South,Standard,2 Year,1,61.1,1810.85,Mobile Money,Standard,0,7.1,4.9,24.0,1922.06,2820.24,2026-07-14 19:48:51.397441,Low,Excellent
3740,54,Male,North,Basic,Monthly,3,121.83,1102.23,Debit Card,Basic,0,4.5,2.7,7.000000000000001,1810.62,1469.81,2026-08-19 19:48:51.397444,Low,Excellent
3741,49,Male,Central,Premium,1 Year,71,73.55,1189.04,Credit Card,Basic,0,26.5,4.8,13.0,1588.79,100.0,2026-07-08 19:48:51.397448,Low,Excellent
3742,65,Female,West,Premium,2 Year,57,51.0,761.82,Debit Card,Standard,2,11.4,2.4,28.999999999999996,1123.09,2677.26,2026-08-01 19:48:51.397452,Low,Good
3743,60,Female,South,Premium,1 Year,2,75.39,1982.94,Mobile Money,Standard,1,14.1,3.5,43.0,2120.25,2406.97,2026-07-15 19:48:51.397455,Medium,Excellent
3744,54,Male,North,Standard,Monthly,8,91.05,1574.59,Credit Card,Basic,2,11.2,4.7,36.0,955.71,1117.33,2026-08-18 19:48:51.397458,Medium,Good
3745,21,Male,South,Basic,Monthly,70,77.44,2002.38,Credit Card,Standard,5,7.1,4.5,49.0,1119.92,1449.64,2026-06-25 19:48:51.397462,Medium,Needs Improvement
3746,47,Male,North,Premium,Monthly,2,85.79,1285.66,Bank Transfer,Standard,2,1.0,2.8,9.0,1060.53,612.14,2026-07-14 19:48:51.397465,Low,Good
3747,23,Female,East,Standard,Monthly,2,88.98,50.0,Bank Transfer,Standard,3,11.6,3.1,19.0,2207.83,2549.65,2026-08-10 19:48:51.397469,Low,Good
3748,63,Male,Central,Standard,Monthly,2,68.92,622.91,Cash,Premium,1,7.6,3.7,39.0,774.82,1315.36,2026-06-14 19:48:51.397473,Medium,Excellent
3749,71,Male,West,Basic,1 Year,89,73.23,2001.06,Mobile Money,Basic,2,1.0,5.0,19.0,1344.47,2392.87,2026-06-19 19:48:51.397476,Low,Good
3750,36,Female,South,Basic,Monthly,32,50.04,1042.79,Cash,Basic,3,1.0,5.0,51.0,1204.97,1014.63,2026-08-10 19:48:51.397480,Medium,Good
3751,49,Female,South,Standard,2 Year,5,49.76,2050.26,Debit Card,Basic,5,5.2,5.0,12.0,900.01,2580.91,2026-06-14 19:48:51.397483,Low,Needs Improvement
3752,26,Male,South,Standard,2 Year,1,62.99,2328.54,Mobile Money,Standard,0,15.3,4.9,43.0,799.4,2682.23,2026-06-23 19:48:51.397486,Medium,Excellent
3753,29,Male,South,Basic,2 Year,80,31.89,1943.9,Credit Card,Basic,2,6.5,2.2,5.0,1951.86,918.45,2026-07-08 19:48:51.397490,Low,Good
3754,28,Female,Central,Basic,Monthly,13,74.22,1913.45,Credit Card,Standard,3,20.2,5.0,28.999999999999996,1815.26,100.0,2026-06-07 19:48:51.397494,Low,Good
3755,63,Male,North,Standard,1 Year,21,45.09,50.0,Bank Transfer,Premium,5,13.5,2.5,14.000000000000002,1328.17,1742.13,2026-07-12 19:48:51.397497,Low,Needs Improvement
3756,72,Male,Central,Standard,Monthly,7,69.47,1013.0,Mobile Money,Basic,3,8.0,2.6,6.0,1259.68,1863.27,2026-08-13 19:48:51.397501,Low,Good
3757,33,Female,East,Standard,Monthly,34,77.93,1195.19,Bank Transfer,Premium,2,3.0,4.2,27.0,1083.64,2449.19,2026-08-26 19:48:51.397504,Low,Good
3758,18,Male,Central,Standard,1 Year,5,32.08,1915.85,Debit Card,Standard,1,15.3,3.8,12.0,594.79,2609.41,2026-08-20 19:48:51.397507,Low,Excellent
3759,62,Female,Central,Standard,2 Year,37,75.25,1290.93,Credit Card,Basic,4,8.6,3.8,12.0,1679.49,2025.61,2026-08-13 19:48:51.397511,Low,Needs Improvement
3760,72,Female,East,Business,Monthly,6,20.0,50.0,Credit Card,Standard,2,6.4,2.3,11.0,909.17,274.5,2026-06-15 19:48:51.397515,Low,Good
3761,70,Male,Central,Basic,Monthly,2,79.72,50.0,Mobile Money,Basic,1,5.6,3.3,13.0,300.0,2161.18,2026-08-08 19:48:51.397518,Low,Excellent
3762,38,Male,North,Standard,Monthly,15,80.06,812.04,Credit Card,Standard,1,1.9,2.3,20.0,745.43,1703.76,2026-08-22 19:48:51.397521,Low,Excellent
3763,47,Female,West,Basic,1 Year,40,81.76,3350.53,Debit Card,Premium,3,1.0,5.0,19.0,1804.12,1682.68,2026-07-12 19:48:51.397525,Low,Good
3764,30,Female,East,Standard,2 Year,11,73.59,1424.36,Mobile Money,Premium,1,10.1,1.5,47.0,1642.67,824.66,2026-08-07 19:48:51.397529,Medium,Excellent
3765,51,Female,South,Basic,Monthly,1,52.05,1609.62,Credit Card,Basic,2,20.2,4.5,32.0,1321.4,334.2,2026-08-24 19:48:51.397532,Medium,Good
3766,21,Female,North,Business,Monthly,19,52.93,50.0,Credit Card,Basic,0,1.6,3.3,34.0,1945.28,1115.54,2026-06-14 19:48:51.397536,Medium,Excellent
3767,45,Male,West,Standard,2 Year,27,49.6,2082.84,Bank Transfer,Premium,2,21.8,2.2,27.0,858.14,2985.75,2026-08-07 19:48:51.397539,Low,Good
3768,55,Female,North,Standard,Monthly,32,90.74,946.06,Debit Card,Premium,2,1.0,4.5,2.0,1626.01,278.56,2026-08-23 19:48:51.397543,Low,Good
3769,48,Male,North,Standard,1 Year,12,107.27,2403.69,Debit Card,Premium,1,6.4,4.7,47.0,1889.43,2224.29,2026-06-02 19:48:51.397546,Medium,Excellent
3770,72,Male,South,Basic,Monthly,2,67.11,205.79,Bank Transfer,Standard,3,1.0,3.5,17.0,683.31,2128.26,2026-06-12 19:48:51.397550,Low,Good
3771,44,Male,West,Premium,Monthly,21,40.3,1124.91,Debit Card,Standard,3,17.6,5.0,21.0,901.66,2934.13,2026-08-22 19:48:51.397553,Low,Good
3772,22,Male,North,Standard,1 Year,9,58.05,790.86,Mobile Money,Standard,0,1.0,3.0,47.0,2649.74,100.0,2026-08-22 19:48:51.397557,Medium,Excellent
3773,42,Female,South,Business,1 Year,70,89.48,1708.06,Cash,Premium,4,2.3,5.0,25.0,951.31,1852.97,2026-06-24 19:48:51.397560,Low,Needs Improvement
3774,20,Male,East,Basic,Monthly,16,78.85,1983.96,Cash,Basic,3,13.1,5.0,40.0,1298.11,2808.89,2026-07-27 19:48:51.397564,Medium,Good
3775,50,Male,South,Business,Monthly,15,65.85,696.25,Debit Card,Standard,3,9.3,1.7,10.0,1289.14,890.65,2026-06-29 19:48:51.397567,Low,Good
3776,21,Male,Central,Standard,Monthly,8,58.39,1844.02,Debit Card,Standard,0,3.9,5.0,10.0,1458.75,2620.58,2026-07-25 19:48:51.397571,Low,Excellent
3777,42,Female,South,Business,1 Year,9,22.79,2335.04,Debit Card,Premium,3,14.5,4.1,35.0,1106.69,1227.4,2026-06-01 19:48:51.397574,Medium,Good
3778,37,Female,South,Standard,2 Year,17,59.63,1984.78,Debit Card,Premium,4,8.1,4.4,57.99999999999999,1000.06,2190.21,2026-07-22 19:48:51.397578,Medium,Needs Improvement
3779,51,Male,South,Basic,2 Year,8,55.31,741.02,Debit Card,Basic,5,2.4,2.2,70.0,2957.58,835.08,2026-07-31 19:48:51.397581,High,Needs Improvement
3780,43,Male,North,Business,Monthly,53,54.47,860.83,Credit Card,Premium,4,10.8,5.0,7.000000000000001,1047.96,962.39,2026-06-19 19:48:51.397585,Low,Needs Improvement
3781,22,Male,West,Standard,2 Year,13,72.04,1029.83,Credit Card,Premium,0,3.2,3.7,47.0,1581.45,1985.11,2026-08-17 19:48:51.397588,Medium,Excellent
3782,52,Female,South,Business,Monthly,8,108.76,1957.44,Mobile Money,Basic,4,13.5,3.1,16.0,1088.55,1674.83,2026-06-30 19:48:51.397592,Low,Needs Improvement
3783,45,Female,South,Standard,Monthly,4,65.49,1543.25,Debit Card,Premium,2,12.2,4.0,18.0,1451.84,790.17,2026-06-28 19:48:51.397595,Low,Good
3784,46,Female,Central,Standard,1 Year,26,79.96,193.58,Mobile Money,Standard,2,3.0,3.5,11.0,2158.77,2535.51,2026-06-15 19:48:51.397599,Low,Good
3785,26,Female,Central,Standard,Monthly,1,63.48,1187.22,Debit Card,Basic,2,1.0,4.4,27.0,1165.02,2531.77,2026-06-07 19:48:51.397603,Low,Good
3786,69,Male,East,Standard,Monthly,14,63.47,2508.52,Mobile Money,Premium,1,13.8,2.5,43.0,851.41,100.0,2026-07-01 19:48:51.397606,Medium,Excellent
3787,55,Female,East,Standard,Monthly,19,93.52,1988.68,Bank Transfer,Premium,0,3.6,5.0,21.0,1442.49,904.56,2026-08-24 19:48:51.397609,Low,Excellent
3788,67,Female,Central,Business,1 Year,9,74.34,719.35,Credit Card,Basic,0,3.1,5.0,26.0,2993.14,3053.3,2026-08-22 19:48:51.397613,Low,Excellent
3789,23,Male,West,Standard,1 Year,33,84.47,50.0,Debit Card,Premium,2,1.0,4.2,22.0,300.0,887.5,2026-07-27 19:48:51.397616,Low,Good
3790,36,Male,East,Premium,Monthly,27,96.0,800.81,Bank Transfer,Basic,2,10.4,4.5,4.0,2403.21,100.0,2026-06-29 19:48:51.397620,Low,Good
3791,61,Female,West,Basic,2 Year,85,74.07,1197.3,Debit Card,Standard,2,2.6,2.4,39.0,679.54,2943.35,2026-07-20 19:48:51.397624,Medium,Good
3792,74,Female,Central,Basic,1 Year,17,71.11,870.94,Credit Card,Basic,0,4.6,2.5,14.000000000000002,902.17,422.05,2026-07-18 19:48:51.397628,Low,Excellent
3793,28,Male,East,Business,1 Year,18,83.42,414.65,Debit Card,Basic,3,18.4,3.7,48.0,1424.05,100.0,2026-07-03 19:48:51.397632,Medium,Good
3794,19,Female,South,Business,Monthly,6,48.78,1668.73,Credit Card,Premium,3,1.1,2.6,19.0,1465.79,100.0,2026-06-02 19:48:51.397635,Low,Good
3795,64,Female,Central,Premium,Monthly,11,49.21,50.0,Bank Transfer,Standard,1,1.0,1.0,21.0,2260.34,1246.49,2026-07-31 19:48:51.397639,Low,Excellent
3796,61,Male,East,Basic,Monthly,1,46.03,2097.09,Credit Card,Premium,7,6.6,4.4,22.0,424.39,2558.37,2026-07-04 19:48:51.397642,Low,Needs Improvement
3797,61,Male,West,Basic,1 Year,28,52.74,1803.95,Cash,Basic,1,9.6,5.0,25.0,2044.16,1692.81,2026-07-26 19:48:51.397646,Low,Excellent
3798,26,Male,West,Standard,1 Year,8,35.33,1541.58,Debit Card,Standard,3,6.0,4.4,19.0,1551.41,2445.98,2026-08-03 19:48:51.397650,Low,Good
3799,38,Female,East,Standard,2 Year,18,23.59,1676.63,Cash,Basic,6,3.3,3.8,49.0,1735.08,1336.44,2026-08-05 19:48:51.397653,Medium,Needs Improvement
3800,41,Male,West,Business,Monthly,7,44.46,972.8,Credit Card,Standard,6,3.6,5.0,36.0,1370.01,103.67,2026-08-03 19:48:51.397656,Medium,Needs Improvement
3801,51,Male,East,Standard,Monthly,23,20.0,1178.31,Bank Transfer,Basic,2,1.3,4.2,53.0,300.0,2116.64,2026-06-01 19:48:51.397660,Medium,Good
3802,39,Female,East,Basic,Monthly,14,72.1,2375.86,Credit Card,Basic,1,3.0,2.8,34.0,1999.56,2382.9,2026-08-05 19:48:51.397663,Medium,Excellent
3803,20,Female,West,Standard,Monthly,15,67.47,1078.31,Mobile Money,Premium,0,11.4,2.6,51.0,560.74,2692.54,2026-07-25 19:48:51.397667,Medium,Excellent
3804,29,Male,North,Basic,1 Year,68,83.53,1507.37,Credit Card,Basic,2,5.5,2.5,61.0,1070.39,461.77,2026-07-31 19:48:51.397670,High,Good
3805,45,Male,South,Standard,2 Year,29,41.69,1621.55,Mobile Money,Standard,3,17.7,3.3,47.0,2047.73,809.3,2026-07-17 19:48:51.397674,Medium,Good
3806,47,Female,Central,Premium,1 Year,7,77.47,1284.3,Debit Card,Basic,1,1.5,4.7,32.0,571.5,1881.9,2026-07-16 19:48:51.397678,Medium,Excellent
3807,43,Female,South,Standard,1 Year,16,44.79,1028.75,Credit Card,Basic,5,4.7,4.3,28.999999999999996,1076.59,100.0,2026-08-11 19:48:51.397681,Low,Needs Improvement
3808,65,Female,Central,Standard,1 Year,15,84.35,50.0,Debit Card,Basic,0,9.7,5.0,9.0,2312.85,710.41,2026-07-28 19:48:51.397685,Low,Excellent
3809,38,Male,Central,Basic,Monthly,38,20.0,1852.59,Mobile Money,Premium,4,2.5,3.6,19.0,1345.54,1433.44,2026-08-11 19:48:51.397688,Low,Needs Improvement
3810,45,Female,South,Standard,2 Year,43,59.07,2062.26,Credit Card,Premium,5,2.5,2.9,71.0,1479.8,1761.2,2026-08-10 19:48:51.397692,High,Needs Improvement
3811,73,Female,East,Standard,1 Year,7,55.02,1258.14,Bank Transfer,Standard,0,1.0,5.0,27.0,1141.94,180.64,2026-07-07 19:48:51.397695,Low,Excellent
3812,43,Female,West,Standard,Monthly,41,84.92,2194.65,Debit Card,Standard,0,17.9,3.2,25.0,1101.24,1723.74,2026-06-16 19:48:51.397699,Low,Excellent
3813,50,Female,North,Standard,1 Year,4,84.55,1503.93,Debit Card,Standard,3,1.5,4.2,45.0,1901.54,2051.2,2026-06-02 19:48:51.397702,Medium,Good
3814,38,Male,North,Standard,1 Year,34,95.47,50.0,Mobile Money,Basic,2,28.1,4.5,38.0,979.6,2949.9,2026-06-25 19:48:51.397706,Medium,Good
3815,52,Male,North,Basic,Monthly,6,20.0,356.34,Credit Card,Basic,4,4.8,5.0,31.0,1448.9,2205.14,2026-07-03 19:48:51.397709,Medium,Needs Improvement
3816,69,Female,South,Business,Monthly,8,102.41,808.79,Debit Card,Standard,2,32.0,3.2,42.0,2351.27,100.0,2026-07-11 19:48:51.397713,Medium,Good
3817,51,Female,South,Business,Monthly,45,41.86,711.97,Debit Card,Standard,2,1.0,5.0,17.0,1148.07,2362.89,2026-07-13 19:48:51.397716,Low,Good
3818,58,Female,East,Basic,Monthly,13,107.7,1259.4,Credit Card,Basic,2,6.7,3.6,24.0,683.59,1074.32,2026-07-20 19:48:51.397720,Low,Good
3819,68,Male,North,Premium,Monthly,111,120.59,465.66,Credit Card,Standard,4,9.4,5.0,27.0,2068.57,2538.87,2026-06-01 19:48:51.397723,Low,Needs Improvement
3820,64,Female,East,Business,1 Year,3,94.78,2562.78,Debit Card,Premium,1,5.8,3.4,15.0,2082.23,2763.6,2026-08-14 19:48:51.397727,Low,Excellent
3821,35,Female,North,Standard,Monthly,14,43.57,50.0,Debit Card,Basic,2,6.8,4.6,44.0,625.09,1196.34,2026-07-25 19:48:51.397730,Medium,Good
3822,28,Male,South,Business,1 Year,31,33.89,1135.28,Credit Card,Basic,1,6.2,5.0,16.0,2018.93,1083.43,2026-08-16 19:48:51.397734,Low,Excellent
3823,74,Male,West,Basic,2 Year,1,47.37,600.44,Credit Card,Premium,2,1.3,2.3,39.0,1975.77,1129.48,2026-08-19 19:48:51.397737,Medium,Good
3824,40,Female,West,Standard,1 Year,3,79.26,157.55,Credit Card,Basic,1,6.1,5.0,49.0,300.0,2255.7,2026-08-24 19:48:51.397741,Medium,Excellent
3825,65,Female,West,Standard,1 Year,1,38.42,1671.75,Debit Card,Premium,3,6.2,5.0,36.0,1468.31,1628.03,2026-08-20 19:48:51.397744,Medium,Good
3826,39,Female,West,Business,2 Year,118,20.0,390.82,Credit Card,Standard,1,3.5,3.3,31.0,1595.99,1260.92,2026-08-27 19:48:51.397748,Medium,Excellent
3827,34,Female,Central,Business,1 Year,34,92.03,1232.29,Bank Transfer,Basic,5,7.5,5.0,23.0,1618.16,1224.25,2026-06-13 19:48:51.397751,Low,Needs Improvement
3828,22,Male,North,Standard,Monthly,11,49.99,439.06,Credit Card,Basic,1,4.2,2.4,4.0,2477.55,867.53,2026-08-18 19:48:51.397755,Low,Excellent
3829,61,Male,West,Standard,Monthly,4,87.86,50.0,Mobile Money,Standard,0,11.3,4.8,10.0,1988.81,2835.59,2026-08-10 19:48:51.397759,Low,Excellent
3830,28,Female,Central,Basic,1 Year,2,84.29,1021.76,Credit Card,Basic,2,1.0,4.2,28.000000000000004,1755.6,1173.03,2026-06-20 19:48:51.397763,Low,Good
3831,47,Female,Central,Business,1 Year,18,69.94,1444.59,Debit Card,Premium,4,1.0,4.9,15.0,1317.47,1590.34,2026-07-03 19:48:51.397766,Low,Needs Improvement
3832,32,Female,Central,Standard,2 Year,89,85.98,721.65,Debit Card,Standard,3,5.9,3.6,21.0,2807.22,947.33,2026-06-03 19:48:51.397770,Low,Good
3833,44,Female,East,Business,1 Year,26,102.02,2253.12,Debit Card,Basic,2,36.2,5.0,4.0,1676.01,2218.49,2026-07-28 19:48:51.397774,Low,Good
3834,52,Male,East,Standard,2 Year,10,84.1,1436.64,Credit Card,Basic,9,4.7,5.0,11.0,1569.74,3212.25,2026-08-06 19:48:51.397778,Low,Needs Improvement
3835,50,Female,Central,Standard,Monthly,16,84.78,1779.55,Cash,Premium,0,1.0,1.6,23.0,550.27,1790.65,2026-07-23 19:48:51.397781,Low,Excellent
3836,37,Male,West,Premium,1 Year,120,74.69,674.3,Credit Card,Standard,3,3.1,3.3,14.000000000000002,1184.66,1537.23,2026-07-11 19:48:51.397785,Low,Good
3837,33,Male,North,Standard,2 Year,17,54.17,694.86,Credit Card,Standard,3,5.0,3.9,22.0,1243.93,2294.35,2026-06-15 19:48:51.397789,Low,Good
3838,51,Male,South,Premium,Monthly,79,72.71,928.72,Credit Card,Basic,0,18.5,3.5,28.000000000000004,2126.2,2138.2,2026-06-22 19:48:51.397793,Low,Excellent
3839,19,Male,East,Standard,Monthly,1,70.23,917.5,Cash,Standard,2,1.0,4.4,35.0,1431.56,615.66,2026-06-10 19:48:51.397796,Medium,Good
3840,52,Male,West,Standard,Monthly,30,77.23,830.26,Credit Card,Premium,2,20.7,1.5,60.0,1052.19,1052.48,2026-06-11 19:48:51.397799,Medium,Good
3841,57,Male,West,Premium,1 Year,23,73.34,312.38,Debit Card,Premium,0,22.5,3.5,4.0,1598.53,539.67,2026-06-27 19:48:51.397803,Low,Excellent
3842,73,Male,South,Basic,Monthly,27,53.57,1832.43,Credit Card,Basic,2,8.2,4.1,31.0,2268.27,1485.68,2026-06-08 19:48:51.397806,Medium,Good
3843,45,Male,South,Standard,1 Year,20,93.49,50.0,Bank Transfer,Premium,2,2.0,4.1,16.0,2339.55,484.91,2026-06-21 19:48:51.397810,Low,Good
3844,64,Female,West,Basic,Monthly,1,51.82,1700.69,Bank Transfer,Basic,1,6.2,2.5,14.000000000000002,1593.21,2667.53,2026-08-18 19:48:51.397813,Low,Excellent
3845,56,Male,South,Premium,Monthly,3,74.86,1863.77,Debit Card,Standard,2,13.6,5.0,28.999999999999996,1025.84,1238.42,2026-08-23 19:48:51.397817,Low,Good
3846,23,Male,West,Basic,2 Year,61,77.88,970.45,Mobile Money,Premium,4,3.5,2.7,45.0,972.95,2596.87,2026-07-02 19:48:51.397820,Medium,Needs Improvement
3847,26,Female,South,Premium,Monthly,6,38.75,3228.21,Bank Transfer,Premium,1,18.9,4.0,49.0,1314.55,2999.22,2026-07-30 19:48:51.397824,Medium,Excellent
3848,37,Female,South,Standard,Monthly,118,104.05,1207.32,Cash,Standard,2,1.0,3.2,26.0,1247.22,2029.74,2026-06-19 19:48:51.397827,Low,Good
3849,18,Female,West,Basic,Monthly,27,63.97,965.87,Bank Transfer,Premium,0,2.9,4.9,28.999999999999996,1206.74,2090.92,2026-07-12 19:48:51.397831,Low,Excellent
3850,25,Male,Central,Business,1 Year,14,40.16,1002.58,Debit Card,Standard,5,39.9,5.0,14.000000000000002,1853.07,929.97,2026-06-11 19:48:51.397834,Low,Needs Improvement
3851,72,Female,West,Premium,Monthly,60,65.01,2068.77,Credit Card,Basic,3,7.0,4.2,16.0,1841.5,461.74,2026-08-11 19:48:51.397838,Low,Good
3852,40,Male,North,Basic,1 Year,38,40.64,987.76,Bank Transfer,Basic,4,7.1,4.5,33.0,1416.03,2477.76,2026-06-28 19:48:51.397841,Medium,Needs Improvement
3853,20,Male,South,Standard,2 Year,13,50.5,1708.05,Debit Card,Standard,0,2.2,3.2,6.0,880.42,1677.05,2026-07-26 19:48:51.397845,Low,Excellent
3854,21,Male,East,Standard,Monthly,1,50.01,118.4,Bank Transfer,Standard,2,15.6,3.0,10.0,2065.24,3245.71,2026-06-08 19:48:51.397848,Low,Good
3855,42,Female,South,Premium,Monthly,48,61.6,1317.26,Mobile Money,Basic,2,4.5,1.0,9.0,2091.29,1731.2,2026-07-03 19:48:51.397852,Low,Good
3856,64,Male,North,Standard,Monthly,34,99.12,1989.42,Credit Card,Premium,0,12.6,2.8,31.0,918.08,770.11,2026-07-11 19:48:51.397855,Medium,Excellent
3857,55,Male,East,Business,1 Year,37,67.66,1167.36,Mobile Money,Basic,5,13.3,2.8,19.0,2488.3,1292.68,2026-07-23 19:48:51.397859,Low,Needs Improvement
3858,32,Male,East,Basic,Monthly,32,69.11,594.96,Debit Card,Standard,3,1.5,4.3,28.999999999999996,1858.55,420.31,2026-08-17 19:48:51.397862,Low,Good
3859,38,Female,West,Standard,1 Year,7,53.07,971.97,Credit Card,Premium,0,5.6,2.3,39.0,1300.66,1316.28,2026-06-30 19:48:51.397866,Medium,Excellent
3860,52,Female,Central,Basic,2 Year,46,72.08,60.51,Bank Transfer,Standard,3,3.9,2.9,38.0,1251.64,257.36,2026-08-23 19:48:51.397869,Medium,Good
3861,74,Male,West,Business,Monthly,1,64.17,1929.86,Debit Card,Basic,2,1.3,5.0,14.000000000000002,1507.38,606.28,2026-08-26 19:48:51.397873,Low,Good
3862,70,Female,East,Basic,1 Year,6,62.9,2176.31,Mobile Money,Premium,3,1.1,2.6,38.0,1948.35,2220.33,2026-06-10 19:48:51.397876,Medium,Good
3863,70,Female,East,Standard,Monthly,1,82.68,1098.51,Debit Card,Basic,1,1.0,2.5,3.0,2657.54,511.55,2026-06-12 19:48:51.397880,Low,Excellent
3864,63,Female,Central,Basic,1 Year,2,41.46,2410.43,Mobile Money,Basic,2,9.7,5.0,26.0,1401.92,2052.84,2026-07-25 19:48:51.397883,Low,Good
3865,69,Male,South,Business,Monthly,18,96.66,1792.84,Debit Card,Basic,1,12.2,5.0,3.0,1452.69,566.11,2026-07-16 19:48:51.397887,Low,Excellent
3866,31,Female,Central,Basic,1 Year,1,20.0,1214.68,Debit Card,Standard,2,5.1,3.6,17.0,2234.97,1575.41,2026-06-22 19:48:51.397892,Low,Good
3867,53,Male,West,Standard,1 Year,4,62.67,2276.0,Debit Card,Premium,5,6.6,4.8,33.0,1906.35,1300.51,2026-07-23 19:48:51.397895,Medium,Needs Improvement
3868,29,Female,South,Premium,Monthly,6,98.97,1770.23,Credit Card,Basic,2,2.4,4.6,46.0,1899.38,1781.54,2026-07-21 19:48:51.397898,Medium,Good
3869,34,Male,West,Standard,1 Year,25,95.17,2151.0,Bank Transfer,Premium,1,10.0,4.6,23.0,2217.89,1501.85,2026-08-16 19:48:51.397902,Low,Excellent
3870,56,Male,Central,Business,1 Year,15,68.96,2313.68,Debit Card,Basic,2,7.0,3.3,11.0,1821.22,895.49,2026-08-09 19:48:51.397906,Low,Good
3871,26,Male,South,Standard,Monthly,14,44.75,1008.7,Cash,Basic,3,17.1,4.1,28.999999999999996,1916.39,2546.21,2026-08-09 19:48:51.397909,Low,Good
3872,52,Female,Central,Standard,2 Year,35,61.66,1751.24,Debit Card,Standard,2,11.0,4.1,8.0,867.69,222.69,2026-06-14 19:48:51.397912,Low,Good
3873,30,Male,North,Standard,Monthly,14,129.79,50.0,Debit Card,Premium,0,1.0,4.4,57.99999999999999,1214.75,713.45,2026-08-21 19:48:51.397918,Medium,Excellent
3874,32,Female,East,Standard,1 Year,10,82.72,270.54,Credit Card,Basic,1,13.3,4.0,55.00000000000001,1542.53,173.13,2026-06-08 19:48:51.397922,Medium,Excellent
3875,35,Male,South,Standard,Monthly,78,22.49,1603.69,Bank Transfer,Basic,0,1.0,4.2,28.999999999999996,555.72,647.79,2026-08-27 19:48:51.397925,Low,Excellent
3876,68,Female,East,Premium,1 Year,1,67.07,1490.58,Mobile Money,Standard,2,13.4,3.2,20.0,1013.37,1363.49,2026-07-07 19:48:51.397929,Low,Good
3877,50,Female,North,Basic,Monthly,8,50.03,440.09,Credit Card,Standard,3,34.9,3.0,25.0,1788.28,100.0,2026-07-10 19:48:51.397932,Low,Good
3878,23,Female,South,Basic,Monthly,22,33.25,897.23,Credit Card,Basic,0,5.2,4.9,15.0,590.15,2063.85,2026-08-04 19:48:51.397936,Low,Excellent
3879,44,Female,East,Business,Monthly,36,77.07,1485.17,Bank Transfer,Basic,3,2.1,3.7,30.0,2294.97,2578.76,2026-06-30 19:48:51.397939,Low,Good
3880,40,Female,East,Business,1 Year,40,40.74,1196.53,Credit Card,Basic,1,1.0,3.1,28.000000000000004,1074.03,2593.36,2026-06-15 19:48:51.397943,Low,Excellent
3881,44,Male,South,Standard,1 Year,1,103.71,1017.25,Debit Card,Standard,0,1.3,5.0,45.0,1491.66,100.0,2026-08-14 19:48:51.397946,Medium,Excellent
3882,51,Female,East,Basic,1 Year,29,98.53,71.83,Bank Transfer,Basic,2,5.6,5.0,41.0,1322.02,1271.6,2026-07-21 19:48:51.397949,Medium,Good
3883,73,Male,East,Standard,2 Year,30,46.76,1480.38,Debit Card,Basic,1,13.1,2.4,19.0,1487.39,1901.89,2026-08-12 19:48:51.397953,Low,Excellent
3884,63,Female,South,Standard,2 Year,5,45.2,1048.35,Credit Card,Basic,2,16.4,3.5,21.0,1154.59,2293.77,2026-08-22 19:48:51.397956,Low,Good
3885,55,Female,East,Premium,1 Year,2,81.83,2938.24,Mobile Money,Basic,2,9.2,5.0,47.0,2164.23,1501.05,2026-08-03 19:48:51.397960,Medium,Good
3886,31,Male,East,Basic,1 Year,33,90.44,2323.97,Debit Card,Standard,2,1.0,2.8,62.0,1653.3,802.84,2026-07-08 19:48:51.397963,High,Good
3887,53,Male,West,Standard,Monthly,6,58.71,1307.57,Credit Card,Basic,1,38.0,2.8,14.000000000000002,564.48,1995.25,2026-06-14 19:48:51.397967,Low,Excellent
3888,70,Male,West,Business,2 Year,1,89.46,50.0,Debit Card,Basic,3,11.0,4.0,60.0,1951.81,2034.74,2026-07-08 19:48:51.397970,Medium,Good
3889,25,Female,North,Premium,2 Year,6,106.61,3139.79,Credit Card,Basic,1,4.4,4.6,17.0,1332.64,2019.06,2026-07-12 19:48:51.397974,Low,Excellent
3890,52,Female,West,Standard,Monthly,1,73.25,1853.45,Bank Transfer,Standard,4,13.4,2.6,16.0,2050.12,2022.36,2026-07-08 19:48:51.397977,Low,Needs Improvement
3891,36,Female,West,Standard,1 Year,6,39.27,759.54,Bank Transfer,Standard,0,7.1,4.8,28.999999999999996,1692.67,2840.74,2026-06-19 19:48:51.397980,Low,Excellent
3892,47,Female,North,Standard,2 Year,9,84.64,1908.75,Credit Card,Standard,3,7.4,5.0,14.000000000000002,1381.03,1425.48,2026-07-27 19:48:51.397984,Low,Good
3893,31,Female,East,Basic,Monthly,7,68.58,1836.34,Bank Transfer,Basic,2,28.4,2.8,16.0,1047.5,574.71,2026-07-14 19:48:51.397987,Low,Good
3894,37,Male,East,Business,Monthly,60,56.96,675.46,Credit Card,Standard,1,12.9,3.2,34.0,847.06,1535.79,2026-07-03 19:48:51.397991,Medium,Excellent
3895,66,Male,West,Basic,Monthly,6,83.79,455.46,Bank Transfer,Basic,3,2.4,4.6,43.0,1116.27,717.6,2026-06-20 19:48:51.397994,Medium,Good
3896,42,Female,North,Standard,Monthly,15,95.18,1793.49,Bank Transfer,Basic,1,1.5,3.1,24.0,1014.01,2081.75,2026-07-06 19:48:51.397998,Low,Excellent
3897,57,Female,East,Standard,Monthly,75,69.65,2060.41,Credit Card,Premium,0,1.5,1.2,35.0,327.79,2571.6,2026-07-20 19:48:51.398001,Medium,Excellent
3898,41,Female,Central,Basic,Monthly,50,20.0,1456.92,Credit Card,Standard,1,4.8,3.6,49.0,1191.06,2127.1,2026-08-13 19:48:51.398005,Medium,Excellent
3899,31,Male,South,Standard,Monthly,8,68.0,1404.84,Mobile Money,Standard,1,3.9,3.4,3.0,1406.92,355.53,2026-05-30 19:48:51.398008,Low,Excellent
3900,43,Male,South,Business,2 Year,9,70.67,2283.17,Bank Transfer,Premium,3,4.8,2.6,14.000000000000002,1793.88,2005.64,2026-07-16 19:48:51.398012,Low,Good
3901,55,Male,South,Basic,Monthly,21,129.65,1079.99,Mobile Money,Premium,2,1.0,4.9,2.0,1751.38,4248.75,2026-07-17 19:48:51.398015,Low,Good
3902,40,Male,West,Standard,Monthly,59,68.24,50.0,Debit Card,Standard,0,1.8,3.6,59.0,933.01,1090.54,2026-06-28 19:48:51.398019,Medium,Excellent
3903,39,Male,South,Standard,Monthly,1,60.72,1627.49,Debit Card,Basic,4,12.8,5.0,9.0,2258.89,1389.17,2026-06-25 19:48:51.398022,Low,Needs Improvement
3904,65,Female,South,Basic,Monthly,11,82.25,2122.2,Debit Card,Standard,1,11.3,1.3,6.0,1768.43,1506.05,2026-08-19 19:48:51.398026,Low,Excellent
3905,74,Male,Central,Standard,2 Year,45,57.5,1580.2,Debit Card,Standard,0,4.0,1.0,34.0,1347.89,1800.3,2026-06-20 19:48:51.398029,Medium,Excellent
3906,36,Female,East,Standard,2 Year,12,47.85,176.84,Bank Transfer,Basic,3,4.0,4.7,12.0,1965.89,881.09,2026-06-01 19:48:51.398033,Low,Good
3907,63,Male,Central,Basic,1 Year,30,25.14,686.85,Mobile Money,Basic,1,17.2,2.0,30.0,1351.6,2574.46,2026-07-10 19:48:51.398036,Low,Excellent
3908,68,Female,West,Standard,Monthly,28,50.11,1088.49,Credit Card,Standard,2,1.6,2.3,34.0,2425.22,3250.26,2026-08-19 19:48:51.398040,Medium,Good
3909,20,Male,South,Premium,1 Year,5,20.0,141.95,Debit Card,Basic,3,3.5,2.5,9.0,2202.04,419.45,2026-08-27 19:48:51.398043,Low,Good
3910,59,Male,East,Basic,Monthly,14,72.08,738.83,Debit Card,Basic,0,11.5,5.0,51.0,1019.55,1503.49,2026-06-30 19:48:51.398047,Medium,Excellent
3911,36,Male,South,Premium,Monthly,20,70.4,2315.85,Debit Card,Premium,2,6.8,4.6,14.000000000000002,1942.02,1390.77,2026-07-22 19:48:51.398050,Low,Good
3912,26,Female,South,Basic,Monthly,30,82.41,404.45,Debit Card,Premium,3,1.0,1.6,21.0,867.04,708.52,2026-07-07 19:48:51.398054,Low,Good
3913,45,Female,West,Basic,2 Year,41,39.22,962.41,Mobile Money,Basic,1,1.0,3.4,32.0,1438.66,2922.81,2026-06-25 19:48:51.398057,Medium,Excellent
3914,37,Male,South,Business,Monthly,34,29.03,1773.31,Mobile Money,Basic,1,1.0,3.7,15.0,1868.6,1704.12,2026-08-02 19:48:51.398061,Low,Excellent
3915,62,Male,North,Premium,1 Year,1,116.44,50.0,Credit Card,Premium,1,8.5,2.2,34.0,1478.12,1304.15,2026-07-08 19:48:51.398064,Medium,Excellent
3916,24,Female,East,Business,Monthly,26,63.03,2284.78,Bank Transfer,Basic,1,7.8,3.4,17.0,1457.71,540.13,2026-07-03 19:48:51.398068,Low,Excellent
3917,31,Male,East,Standard,Monthly,16,82.5,705.84,Debit Card,Standard,0,1.0,2.7,21.0,2153.48,1591.32,2026-08-05 19:48:51.398072,Low,Excellent
3918,26,Male,North,Basic,1 Year,20,68.32,357.55,Debit Card,Basic,1,1.1,5.0,28.000000000000004,2261.79,1482.59,2026-06-10 19:48:51.398075,Low,Excellent
3919,72,Female,West,Standard,Monthly,11,83.62,2310.19,Credit Card,Basic,0,10.3,3.6,30.0,1853.17,2373.72,2026-06-12 19:48:51.398078,Low,Excellent
3920,74,Female,South,Premium,2 Year,30,70.7,1897.41,Credit Card,Standard,0,3.0,1.9,3.0,660.96,1956.92,2026-06-17 19:48:51.398082,Low,Excellent
3921,36,Male,South,Standard,Monthly,26,44.95,380.11,Cash,Premium,2,38.3,4.0,15.0,745.94,2377.03,2026-08-12 19:48:51.398085,Low,Good
3922,64,Male,East,Basic,Monthly,20,78.55,894.68,Bank Transfer,Standard,5,3.0,4.3,71.0,1139.94,1551.41,2026-06-02 19:48:51.398089,High,Needs Improvement
3923,69,Female,West,Standard,1 Year,47,72.6,1426.87,Debit Card,Premium,0,3.3,2.9,7.000000000000001,1674.63,2536.29,2026-06-07 19:48:51.398092,Low,Excellent
3924,31,Male,West,Basic,1 Year,2,22.94,938.42,Mobile Money,Basic,1,4.4,4.4,28.000000000000004,1702.55,1944.86,2026-06-28 19:48:51.398096,Low,Excellent
3925,73,Male,West,Business,Monthly,8,72.36,2227.5,Credit Card,Premium,2,14.1,3.9,47.0,535.83,2928.75,2026-08-02 19:48:51.398099,Medium,Good
3926,55,Female,South,Basic,1 Year,16,55.32,1890.64,Bank Transfer,Basic,2,6.5,3.1,23.0,802.66,508.74,2026-05-31 19:48:51.398103,Low,Good
3927,70,Female,West,Business,1 Year,76,48.33,50.0,Bank Transfer,Basic,2,15.6,3.4,24.0,1233.81,1969.6,2026-07-06 19:48:51.398106,Low,Good
3928,53,Male,North,Business,Monthly,1,89.38,538.97,Debit Card,Basic,1,4.5,3.7,43.0,1388.31,983.62,2026-07-29 19:48:51.398110,Medium,Excellent
3929,57,Female,Central,Basic,2 Year,9,63.2,767.88,Credit Card,Premium,2,7.5,1.0,11.0,1611.67,1509.63,2026-06-07 19:48:51.398113,Low,Good
3930,34,Female,West,Standard,Monthly,62,63.96,823.66,Cash,Standard,5,1.0,3.6,36.0,1815.92,2263.43,2026-07-07 19:48:51.398117,Medium,Needs Improvement
3931,47,Male,Central,Business,Monthly,54,67.23,1556.83,Debit Card,Basic,0,6.9,4.9,43.0,1981.69,1180.34,2026-08-10 19:48:51.398120,Medium,Excellent
3932,26,Female,South,Basic,1 Year,48,64.19,2107.83,Credit Card,Basic,1,1.0,3.4,49.0,1046.23,989.57,2026-07-20 19:48:51.398124,Medium,Excellent
3933,50,Male,West,Standard,Monthly,8,62.56,687.56,Bank Transfer,Premium,1,1.7,5.0,35.0,1252.45,2779.44,2026-07-14 19:48:51.398127,Medium,Excellent
3934,73,Male,East,Business,1 Year,45,101.4,298.5,Bank Transfer,Premium,2,48.0,2.2,19.0,1082.66,1421.36,2026-07-21 19:48:51.398130,Low,Good
3935,69,Female,South,Standard,Monthly,16,47.89,940.83,Mobile Money,Standard,1,8.1,1.9,45.0,1514.77,2027.09,2026-07-23 19:48:51.398134,Medium,Excellent
3936,42,Male,North,Basic,Monthly,23,21.58,50.0,Mobile Money,Standard,4,16.3,2.0,55.00000000000001,1007.51,1933.55,2026-07-22 19:48:51.398137,Medium,Needs Improvement
3937,31,Male,North,Standard,2 Year,6,66.12,1757.49,Bank Transfer,Basic,1,1.0,4.0,11.0,1192.33,1734.09,2026-08-22 19:48:51.398141,Low,Excellent
3938,28,Male,Central,Business,1 Year,29,41.51,1099.84,Credit Card,Basic,1,3.9,4.3,19.0,2409.53,1295.25,2026-08-26 19:48:51.398144,Low,Excellent
3939,70,Male,Central,Standard,1 Year,9,37.58,868.25,Mobile Money,Basic,1,15.9,2.3,46.0,1818.49,3034.32,2026-08-07 19:48:51.398148,Medium,Excellent
3940,52,Female,East,Standard,Monthly,10,64.61,1375.0,Credit Card,Basic,1,4.2,4.0,17.0,1738.92,2322.89,2026-08-24 19:48:51.398151,Low,Excellent
3941,58,Female,East,Basic,Monthly,24,71.87,465.85,Credit Card,Basic,4,2.3,3.4,4.0,1359.68,1211.4,2026-08-19 19:48:51.398155,Low,Needs Improvement
3942,31,Female,North,Business,1 Year,6,60.66,919.88,Debit Card,Standard,1,5.2,3.4,63.0,2039.91,466.38,2026-08-08 19:48:51.398158,High,Excellent
3943,47,Male,West,Standard,2 Year,6,53.58,657.31,Debit Card,Premium,1,5.1,3.1,49.0,1551.12,417.05,2026-06-26 19:48:51.398162,Medium,Excellent
3944,58,Male,North,Premium,Monthly,11,59.99,50.0,Credit Card,Premium,2,37.4,4.0,14.000000000000002,1725.67,1946.53,2026-06-02 19:48:51.398166,Low,Good
3945,21,Male,North,Standard,Monthly,36,63.73,1194.64,Debit Card,Standard,2,3.5,1.1,50.0,2277.73,2836.69,2026-07-10 19:48:51.398171,Medium,Good
3946,21,Male,East,Basic,Monthly,6,64.93,3214.17,Debit Card,Basic,1,25.2,1.4,9.0,1201.85,154.49,2026-08-14 19:48:51.398174,Low,Excellent
3947,45,Male,Central,Business,Monthly,37,20.19,1222.35,Debit Card,Basic,3,19.4,3.5,14.000000000000002,692.99,100.0,2026-07-31 19:48:51.398178,Low,Good
3948,25,Female,East,Business,1 Year,28,86.85,581.47,Credit Card,Premium,3,4.8,4.6,53.0,1875.94,149.8,2026-07-06 19:48:51.398181,Medium,Good
3949,19,Female,East,Standard,Monthly,27,28.56,1245.48,Credit Card,Basic,1,23.2,4.1,5.0,1122.26,3303.33,2026-08-22 19:48:51.398185,Low,Excellent
3950,58,Female,East,Basic,Monthly,15,48.22,324.15,Mobile Money,Basic,2,10.4,4.8,38.0,1669.51,2057.1,2026-06-22 19:48:51.398188,Medium,Good
3951,63,Male,North,Business,Monthly,32,26.14,722.58,Cash,Basic,2,17.3,4.5,50.0,1572.88,1248.5,2026-07-29 19:48:51.398192,Medium,Good
3952,39,Female,West,Standard,Monthly,1,69.18,859.28,Credit Card,Basic,1,17.8,1.0,13.0,2151.23,219.93,2026-07-21 19:48:51.398195,Low,Excellent
3953,58,Male,North,Basic,Monthly,8,47.24,756.15,Bank Transfer,Basic,1,1.0,2.6,21.0,1069.75,1527.14,2026-06-13 19:48:51.398198,Low,Excellent
3954,73,Male,South,Basic,2 Year,27,60.4,964.9,Cash,Standard,3,18.2,5.0,70.0,1697.9,1037.59,2026-07-31 19:48:51.398202,High,Good
3955,72,Female,East,Basic,1 Year,104,46.43,1752.64,Credit Card,Standard,3,5.4,3.2,18.0,1630.05,769.62,2026-07-03 19:48:51.398206,Low,Good
3956,33,Female,East,Standard,Monthly,1,38.65,874.66,Mobile Money,Basic,1,8.1,5.0,24.0,2036.28,1740.08,2026-07-08 19:48:51.398209,Low,Excellent
3957,46,Male,South,Basic,1 Year,17,20.0,963.12,Cash,Standard,1,2.9,1.0,15.0,665.18,100.0,2026-08-18 19:48:51.398213,Low,Excellent
3958,66,Male,East,Business,1 Year,61,50.21,50.0,Credit Card,Basic,2,8.3,2.4,20.0,1953.54,2430.02,2026-08-18 19:48:51.398216,Low,Good
3959,65,Male,East,Business,Monthly,47,34.75,141.81,Credit Card,Basic,1,1.0,3.6,13.0,2472.39,329.83,2026-06-23 19:48:51.398220,Low,Excellent
3960,47,Female,East,Standard,Monthly,1,77.99,1265.16,Cash,Basic,1,3.7,4.6,54.0,1348.24,2625.85,2026-07-02 19:48:51.398223,Medium,Excellent
3961,29,Male,South,Standard,Monthly,18,117.02,2113.42,Debit Card,Basic,3,7.9,2.1,22.0,1690.27,100.0,2026-07-23 19:48:51.398226,Low,Good
3962,52,Female,North,Basic,Monthly,1,110.75,1049.35,Credit Card,Basic,2,1.8,3.7,16.0,967.41,1203.71,2026-07-14 19:48:51.398230,Low,Good
3963,28,Male,East,Premium,2 Year,37,62.97,1140.94,Debit Card,Premium,2,8.9,3.7,12.0,1308.45,1349.01,2026-07-28 19:48:51.398233,Low,Good
3964,63,Male,West,Basic,Monthly,8,45.22,64.94,Credit Card,Basic,2,14.1,4.7,6.0,2370.56,2490.86,2026-08-06 19:48:51.398237,Low,Good
3965,67,Female,South,Basic,2 Year,34,20.0,543.5,Cash,Basic,2,1.0,3.6,28.999999999999996,2388.65,2341.76,2026-06-28 19:48:51.398240,Low,Good
3966,38,Female,Central,Standard,1 Year,69,54.53,1390.62,Credit Card,Premium,1,7.4,2.5,7.000000000000001,1822.14,2514.73,2026-08-12 19:48:51.398244,Low,Excellent
3967,38,Male,South,Basic,Monthly,89,42.2,2162.19,Debit Card,Standard,1,7.0,3.8,53.0,1240.66,1427.21,2026-08-23 19:48:51.398247,Medium,Excellent
3968,22,Female,North,Business,2 Year,53,46.57,1360.85,Mobile Money,Premium,1,12.2,5.0,28.999999999999996,1321.38,2485.09,2026-07-14 19:48:51.398251,Low,Excellent
3969,65,Female,South,Business,Monthly,5,24.2,1095.02,Mobile Money,Basic,5,9.6,2.8,75.0,657.26,648.45,2026-06-09 19:48:51.398254,High,Needs Improvement
3970,37,Female,Central,Basic,Monthly,5,82.57,1406.74,Cash,Basic,3,4.9,3.7,40.0,618.13,100.0,2026-06-19 19:48:51.398258,Medium,Good
3971,54,Female,West,Standard,1 Year,23,77.73,391.31,Debit Card,Basic,2,3.5,2.7,21.0,1633.35,3178.44,2026-08-12 19:48:51.398261,Low,Good
3972,20,Female,Central,Business,Monthly,18,42.11,454.83,Cash,Premium,2,34.0,5.0,20.0,1290.5,2066.06,2026-06-02 19:48:51.398265,Low,Good
3973,61,Female,South,Standard,Monthly,1,86.4,1015.22,Debit Card,Basic,1,5.6,3.0,21.0,2187.39,486.28,2026-08-26 19:48:51.398268,Low,Excellent
3974,50,Female,Central,Basic,1 Year,11,66.49,275.8,Mobile Money,Basic,3,4.2,5.0,15.0,300.0,1948.86,2026-07-30 19:48:51.398272,Low,Good
3975,70,Male,South,Standard,2 Year,56,78.26,1760.07,Debit Card,Standard,3,39.7,4.4,13.0,1769.95,822.12,2026-07-15 19:48:51.398275,Low,Good
3976,26,Male,West,Business,Monthly,54,84.35,1951.21,Cash,Standard,6,1.6,1.4,38.0,2129.08,2187.88,2026-08-03 19:48:51.398278,Medium,Needs Improvement
3977,26,Male,West,Standard,Monthly,5,74.12,982.15,Bank Transfer,Premium,1,1.6,4.5,16.0,1646.24,1127.94,2026-07-15 19:48:51.398282,Low,Excellent
3978,21,Male,North,Basic,1 Year,11,44.48,1804.54,Credit Card,Premium,2,30.0,3.0,24.0,648.58,1361.42,2026-06-22 19:48:51.398286,Low,Good
3979,52,Male,West,Premium,1 Year,19,91.23,2389.9,Credit Card,Standard,1,8.6,3.7,16.0,767.09,1509.44,2026-08-23 19:48:51.398289,Low,Excellent
3980,34,Female,East,Business,Monthly,45,84.32,1522.41,Mobile Money,Basic,3,5.9,2.6,38.0,974.77,2694.46,2026-08-04 19:48:51.398293,Medium,Good
3981,51,Male,Central,Standard,2 Year,18,84.68,1917.54,Mobile Money,Standard,3,1.0,5.0,20.0,990.94,2831.51,2026-07-17 19:48:51.398296,Low,Good
3982,41,Male,Central,Standard,1 Year,82,31.77,1139.19,Debit Card,Standard,0,3.5,4.3,22.0,1126.26,1195.11,2026-08-15 19:48:51.398299,Low,Excellent
3983,49,Female,South,Business,1 Year,38,28.33,1920.23,Debit Card,Basic,3,4.5,5.0,42.0,935.04,191.24,2026-08-16 19:48:51.398303,Medium,Good
3984,18,Male,West,Business,2 Year,73,102.82,1099.98,Mobile Money,Basic,3,5.7,3.3,31.0,1281.75,864.95,2026-08-01 19:48:51.398306,Medium,Good
3985,25,Male,North,Premium,2 Year,31,49.05,642.48,Credit Card,Basic,3,4.6,3.6,20.0,1399.13,2066.62,2026-06-12 19:48:51.398310,Low,Good
3986,62,Male,North,Premium,Monthly,50,71.31,1754.75,Credit Card,Basic,3,4.6,1.5,9.0,1740.59,404.89,2026-07-17 19:48:51.398313,Low,Good
3987,40,Male,North,Business,Monthly,42,95.16,1375.82,Bank Transfer,Premium,1,42.1,4.2,57.99999999999999,1153.95,3351.94,2026-05-31 19:48:51.398317,Medium,Excellent
3988,64,Male,East,Standard,1 Year,7,105.82,1823.83,Credit Card,Premium,3,29.2,2.2,9.0,410.43,100.0,2026-06-17 19:48:51.398320,Low,Good
3989,57,Female,West,Standard,2 Year,6,79.35,607.16,Debit Card,Standard,0,1.0,3.1,45.0,1652.87,594.39,2026-08-17 19:48:51.398324,Medium,Excellent
3990,29,Female,North,Standard,1 Year,47,51.95,1454.0,Credit Card,Basic,0,1.5,2.9,23.0,639.0,100.0,2026-08-08 19:48:51.398327,Low,Excellent
3991,71,Male,East,Standard,Monthly,2,57.83,1953.8,Mobile Money,Premium,4,22.7,1.8,10.0,1298.36,1762.49,2026-06-25 19:48:51.398331,Low,Needs Improvement
3992,29,Male,Central,Business,1 Year,12,74.27,843.05,Credit Card,Basic,1,3.1,3.2,11.0,942.83,740.65,2026-06-02 19:48:51.398334,Low,Excellent
3993,63,Male,South,Standard,Monthly,41,69.37,1840.82,Credit Card,Standard,1,7.6,4.8,17.0,1504.96,1769.03,2026-06-08 19:48:51.398338,Low,Excellent
3994,64,Female,West,Premium,2 Year,40,47.1,2458.25,Credit Card,Premium,4,12.8,2.1,33.0,1079.76,1863.3,2026-08-19 19:48:51.398341,Medium,Needs Improvement
3995,32,Male,West,Premium,Monthly,3,20.0,728.84,Debit Card,Basic,1,5.1,4.3,22.0,2824.36,1992.02,2026-07-14 19:48:51.398345,Low,Excellent
3996,58,Male,Central,Business,2 Year,16,46.6,1412.52,Credit Card,Premium,3,1.0,3.8,30.0,1787.44,388.37,2026-08-15 19:48:51.398348,Low,Good
3997,36,Female,West,Basic,Monthly,15,59.68,2603.68,Credit Card,Basic,3,14.1,3.7,39.0,1124.07,1209.07,2026-06-04 19:48:51.398351,Medium,Good
3998,43,Male,West,Business,2 Year,9,64.76,51.58,Debit Card,Premium,2,11.3,1.3,32.0,562.93,2962.21,2026-07-10 19:48:51.398355,Medium,Good
3999,69,Male,West,Basic,Monthly,59,107.67,1523.74,Credit Card,Basic,1,1.0,3.0,28.999999999999996,1876.75,618.87,2026-06-29 19:48:51.398358,Low,Excellent
4000,46,Male,West,Standard,1 Year,25,91.68,1754.27,Credit Card,Basic,2,18.2,5.0,41.0,898.88,879.27,2026-08-05 19:48:51.398362,Medium,Good
4001,39,Female,East,Standard,2 Year,94,53.46,1216.47,Bank Transfer,Standard,1,15.6,2.9,47.0,300.0,1301.05,2026-07-24 19:48:51.398365,Medium,Excellent
4002,57,Female,East,Basic,1 Year,1,77.59,2989.83,Cash,Basic,5,2.6,4.3,55.00000000000001,1059.27,1795.44,2026-07-15 19:48:51.398369,Medium,Needs Improvement
4003,38,Female,South,Premium,1 Year,12,20.0,1592.68,Bank Transfer,Standard,4,1.0,3.1,30.0,1190.76,912.44,2026-07-31 19:48:51.398372,Low,Needs Improvement
4004,68,Female,West,Business,Monthly,43,95.65,2275.86,Mobile Money,Standard,2,4.1,2.2,32.0,1361.8,1709.38,2026-08-18 19:48:51.398376,Medium,Good
4005,55,Female,Central,Basic,Monthly,13,52.59,1866.91,Cash,Standard,3,16.6,3.0,35.0,2523.4,1726.9,2026-06-04 19:48:51.398379,Medium,Good
4006,37,Female,North,Standard,2 Year,7,69.68,2395.58,Credit Card,Premium,1,5.3,5.0,11.0,1559.14,2262.0,2026-06-25 19:48:51.398383,Low,Excellent
4007,74,Female,South,Premium,Monthly,120,65.75,1340.96,Debit Card,Basic,4,2.6,5.0,15.0,1505.11,2215.96,2026-08-24 19:48:51.398386,Low,Needs Improvement
4008,46,Male,North,Premium,1 Year,49,90.66,155.86,Bank Transfer,Basic,4,2.1,2.1,18.0,1596.43,100.0,2026-07-26 19:48:51.398390,Low,Needs Improvement
4009,68,Female,North,Basic,1 Year,18,56.28,1637.08,Debit Card,Premium,2,3.5,3.0,27.0,1263.8,1788.35,2026-06-15 19:48:51.398393,Low,Good
4010,21,Male,West,Basic,Monthly,19,85.57,50.0,Bank Transfer,Basic,3,40.9,2.3,30.0,1383.28,1069.24,2026-06-29 19:48:51.398396,Low,Good
4011,72,Male,Central,Standard,Monthly,1,74.12,932.97,Bank Transfer,Basic,4,16.9,3.2,5.0,1437.73,219.13,2026-08-02 19:48:51.398400,Low,Needs Improvement
4012,24,Female,North,Business,Monthly,95,68.06,826.91,Mobile Money,Standard,2,6.3,4.5,7.000000000000001,1131.22,2605.12,2026-06-30 19:48:51.398404,Low,Good
4013,45,Male,North,Basic,Monthly,39,62.3,889.67,Mobile Money,Standard,1,13.2,4.0,39.0,1818.97,329.2,2026-08-10 19:48:51.398407,Medium,Excellent
4014,45,Female,South,Business,2 Year,1,52.27,2211.37,Credit Card,Standard,1,3.0,5.0,54.0,1443.43,100.0,2026-06-11 19:48:51.398411,Medium,Excellent
4015,21,Male,Central,Standard,1 Year,4,60.85,1179.64,Credit Card,Basic,1,7.6,5.0,6.0,1676.02,916.96,2026-08-04 19:48:51.398414,Low,Excellent
4016,39,Female,Central,Standard,Monthly,41,55.44,2844.62,Credit Card,Premium,1,16.5,4.1,56.99999999999999,841.39,1284.98,2026-07-04 19:48:51.398417,Medium,Excellent
4017,29,Female,North,Standard,Monthly,2,75.47,1148.21,Credit Card,Standard,2,3.7,4.9,41.0,1465.92,1072.11,2026-07-17 19:48:51.398421,Medium,Good
4018,62,Female,Central,Standard,1 Year,68,36.64,50.0,Bank Transfer,Standard,2,12.9,5.0,22.0,2135.96,3701.72,2026-07-07 19:48:51.398424,Low,Good
4019,20,Male,South,Basic,Monthly,120,66.8,726.24,Debit Card,Premium,1,7.6,2.6,26.0,1485.6,1168.88,2026-06-26 19:48:51.398428,Low,Excellent
4020,39,Male,South,Basic,Monthly,52,102.91,1880.49,Cash,Basic,2,7.6,5.0,5.0,2524.78,424.18,2026-06-17 19:48:51.398432,Low,Good
4021,61,Female,South,Standard,Monthly,32,54.0,121.84,Credit Card,Standard,2,1.0,3.1,48.0,2001.75,2015.81,2026-07-22 19:48:51.398435,Medium,Good
4022,19,Male,West,Business,2 Year,16,75.96,915.23,Credit Card,Premium,2,18.4,4.6,25.0,1576.65,100.0,2026-07-03 19:48:51.398438,Low,Good
4023,41,Female,North,Business,Monthly,2,20.0,1853.1,Mobile Money,Basic,2,12.0,2.8,9.0,1494.79,100.0,2026-07-24 19:48:51.398442,Low,Good
4024,51,Female,Central,Business,Monthly,31,25.48,947.63,Bank Transfer,Premium,5,1.0,5.0,12.0,1063.86,2558.39,2026-08-02 19:48:51.398445,Low,Needs Improvement
4025,44,Male,South,Standard,2 Year,12,61.67,756.16,Debit Card,Premium,1,7.5,4.3,28.999999999999996,2487.2,2634.67,2026-07-20 19:48:51.398449,Low,Excellent
4026,72,Male,North,Standard,Monthly,20,63.12,2203.4,Bank Transfer,Standard,3,11.0,3.7,34.0,2201.81,436.34,2026-06-17 19:48:51.398452,Medium,Good
4027,58,Male,North,Premium,2 Year,8,66.03,1018.48,Credit Card,Standard,3,12.7,3.8,11.0,1766.72,3624.31,2026-07-25 19:48:51.398456,Low,Good
4028,18,Female,West,Business,Monthly,6,119.77,366.2,Mobile Money,Standard,2,1.0,5.0,38.0,814.78,1024.74,2026-07-17 19:48:51.398459,Medium,Good
4029,25,Male,Central,Business,Monthly,9,50.43,1866.89,Debit Card,Standard,2,8.2,3.7,4.0,1478.9,284.12,2026-07-27 19:48:51.398464,Low,Good
4030,40,Male,Central,Standard,Monthly,40,67.11,2109.43,Credit Card,Standard,2,2.1,1.8,9.0,2139.47,1899.48,2026-06-01 19:48:51.398468,Low,Good
4031,55,Male,South,Standard,Monthly,13,47.09,1344.46,Credit Card,Premium,1,4.8,3.2,48.0,2575.36,1090.2,2026-06-16 19:48:51.398471,Medium,Excellent
4032,23,Female,South,Standard,Monthly,8,83.42,736.33,Mobile Money,Standard,3,6.0,5.0,32.0,3117.6,883.36,2026-08-10 19:48:51.398474,Medium,Good
4033,39,Male,North,Basic,Monthly,13,36.24,490.14,Debit Card,Standard,3,1.0,5.0,50.0,1408.34,699.83,2026-06-27 19:48:51.398478,Medium,Good
4034,42,Male,Central,Basic,Monthly,1,47.52,757.12,Mobile Money,Standard,1,2.8,4.6,32.0,2053.14,725.73,2026-06-11 19:48:51.398481,Medium,Excellent
4035,35,Female,Central,Standard,Monthly,53,42.46,191.56,Bank Transfer,Standard,2,12.8,1.9,54.0,1051.35,2004.9,2026-08-09 19:48:51.398485,Medium,Good
4036,34,Female,South,Premium,1 Year,19,85.59,805.96,Debit Card,Premium,4,14.8,2.9,20.0,1156.05,2149.75,2026-06-04 19:48:51.398488,Low,Needs Improvement
4037,29,Female,East,Standard,2 Year,2,68.15,1639.43,Credit Card,Premium,2,3.2,3.3,21.0,477.61,1516.83,2026-07-18 19:48:51.398492,Low,Good
4038,23,Male,North,Standard,2 Year,8,72.09,1789.34,Mobile Money,Basic,4,4.7,4.1,19.0,1702.46,2755.24,2026-06-14 19:48:51.398495,Low,Needs Improvement
4039,43,Male,Central,Premium,1 Year,98,60.15,1221.69,Bank Transfer,Basic,1,14.2,3.8,46.0,2436.77,1238.06,2026-08-14 19:48:51.398499,Medium,Excellent
4040,44,Female,West,Basic,2 Year,21,95.23,1505.95,Debit Card,Standard,5,1.8,4.9,24.0,1391.84,2017.78,2026-07-06 19:48:51.398502,Low,Needs Improvement
4041,25,Male,West,Standard,Monthly,8,61.13,1011.89,Debit Card,Premium,2,10.5,2.9,16.0,740.17,2514.74,2026-06-30 19:48:51.398505,Low,Good
4042,36,Female,East,Standard,Monthly,13,114.13,615.62,Bank Transfer,Premium,4,4.2,3.7,10.0,1301.25,2672.69,2026-08-17 19:48:51.398509,Low,Needs Improvement
4043,59,Female,South,Standard,Monthly,7,96.74,926.06,Credit Card,Standard,2,34.8,3.0,18.0,1456.75,895.1,2026-07-24 19:48:51.398512,Low,Good
4044,18,Male,South,Premium,1 Year,1,28.1,2099.44,Bank Transfer,Standard,1,7.4,4.1,39.0,1422.69,1420.92,2026-07-22 19:48:51.398516,Medium,Excellent
4045,74,Female,South,Premium,2 Year,44,80.96,50.0,Bank Transfer,Standard,1,1.3,2.8,51.0,2111.01,1652.69,2026-06-02 19:48:51.398519,Medium,Excellent
4046,46,Female,West,Standard,1 Year,8,96.7,283.02,Credit Card,Standard,2,1.5,4.3,23.0,2939.28,3780.94,2026-06-14 19:48:51.398523,Low,Good
4047,62,Male,South,Business,Monthly,43,54.81,821.37,Mobile Money,Basic,1,1.0,4.6,43.0,2079.95,1535.84,2026-06-12 19:48:51.398526,Medium,Excellent
4048,66,Female,West,Business,1 Year,15,75.29,311.05,Mobile Money,Basic,2,10.0,4.4,32.0,1018.06,101.33,2026-07-03 19:48:51.398530,Medium,Good
4049,52,Male,East,Basic,Monthly,4,28.05,1550.51,Credit Card,Basic,1,4.7,3.3,24.0,578.58,3085.19,2026-08-19 19:48:51.398533,Low,Excellent
4050,57,Male,North,Standard,Monthly,38,40.1,50.0,Credit Card,Standard,3,1.0,5.0,24.0,791.63,896.09,2026-08-21 19:48:51.398537,Low,Good
4051,31,Male,Central,Premium,1 Year,11,58.71,2162.69,Bank Transfer,Basic,3,1.0,4.0,11.0,2378.5,1559.28,2026-06-19 19:48:51.398540,Low,Good
4052,52,Female,East,Business,Monthly,29,31.14,2765.03,Credit Card,Standard,2,2.7,5.0,21.0,1114.4,268.62,2026-08-21 19:48:51.398544,Low,Good
4053,65,Female,West,Standard,Monthly,43,66.38,1399.04,Mobile Money,Standard,3,4.4,5.0,48.0,1093.02,1706.47,2026-08-17 19:48:51.398547,Medium,Good
4054,62,Female,East,Business,1 Year,79,81.26,704.88,Debit Card,Basic,2,22.3,5.0,49.0,2373.71,2310.45,2026-06-12 19:48:51.398551,Medium,Good
4055,37,Male,Central,Premium,1 Year,2,42.1,1941.46,Cash,Basic,5,6.2,3.4,24.0,358.04,564.02,2026-06-24 19:48:51.398554,Low,Needs Improvement
4056,73,Female,North,Standard,Monthly,1,31.49,973.69,Bank Transfer,Basic,1,18.0,5.0,47.0,1209.64,2455.9,2026-06-21 19:48:51.398557,Medium,Excellent
4057,66,Male,Central,Premium,Monthly,19,25.53,516.35,Credit Card,Basic,3,2.3,5.0,44.0,1548.53,2660.99,2026-06-20 19:48:51.398561,Medium,Good
4058,30,Female,West,Standard,2 Year,7,95.31,1242.15,Debit Card,Basic,3,3.2,5.0,18.0,2661.69,2114.2,2026-08-07 19:48:51.398565,Low,Good
4059,55,Male,Central,Standard,Monthly,15,21.45,50.0,Debit Card,Premium,2,17.0,2.4,22.0,2277.95,1039.5,2026-06-01 19:48:51.398568,Low,Good
4060,66,Male,East,Premium,Monthly,1,72.39,608.02,Mobile Money,Premium,0,5.4,3.3,47.0,1870.29,1388.36,2026-07-22 19:48:51.398571,Medium,Excellent
4061,63,Male,South,Business,Monthly,16,97.65,587.4,Mobile Money,Premium,0,7.1,5.0,56.00000000000001,2076.54,878.38,2026-06-27 19:48:51.398575,Medium,Excellent
4062,66,Female,East,Standard,1 Year,3,40.55,1124.33,Bank Transfer,Basic,4,6.8,5.0,4.0,1197.38,808.72,2026-07-27 19:48:51.398578,Low,Needs Improvement
4063,25,Male,West,Standard,Monthly,43,43.9,50.0,Credit Card,Premium,3,8.3,4.6,20.0,1480.8,2196.23,2026-07-19 19:48:51.398582,Low,Good
4064,60,Female,North,Business,Monthly,34,69.39,458.7,Debit Card,Basic,0,7.1,4.1,16.0,854.33,2258.43,2026-06-01 19:48:51.398585,Low,Excellent
4065,37,Male,Central,Business,Monthly,1,71.02,789.22,Credit Card,Basic,3,9.5,5.0,47.0,1246.86,1489.64,2026-08-21 19:48:51.398589,Medium,Good
4066,50,Male,North,Basic,Monthly,43,52.54,1579.25,Credit Card,Premium,3,1.3,3.5,26.0,1260.05,2178.44,2026-06-16 19:48:51.398592,Low,Good
4067,43,Male,West,Premium,Monthly,9,57.57,1202.05,Debit Card,Standard,3,9.9,4.4,63.0,1833.11,1519.84,2026-06-03 19:48:51.398596,High,Good
4068,56,Female,Central,Basic,1 Year,10,67.27,2507.89,Credit Card,Basic,1,1.3,4.0,20.0,1178.64,1059.01,2026-06-12 19:48:51.398599,Low,Excellent
4069,38,Female,East,Premium,2 Year,4,54.9,476.22,Mobile Money,Standard,3,3.3,2.6,27.0,1856.93,306.53,2026-06-27 19:48:51.398603,Low,Good
4070,70,Male,East,Business,2 Year,43,55.74,1906.59,Credit Card,Basic,1,14.2,4.4,28.999999999999996,2047.05,759.64,2026-07-10 19:48:51.398606,Low,Excellent
4071,66,Male,West,Standard,1 Year,12,113.56,1906.0,Bank Transfer,Basic,1,7.5,2.9,46.0,2048.2,1635.6,2026-06-22 19:48:51.398610,Medium,Excellent
4072,59,Male,Central,Premium,1 Year,1,90.34,1344.32,Debit Card,Standard,0,27.3,5.0,1.0,1303.74,1345.42,2026-08-23 19:48:51.398613,Low,Excellent
4073,60,Female,East,Premium,2 Year,81,92.3,1313.32,Mobile Money,Basic,3,2.3,2.8,13.0,736.57,543.95,2026-06-16 19:48:51.398617,Low,Good
4074,71,Male,West,Business,2 Year,7,56.47,1411.19,Bank Transfer,Standard,0,20.3,2.7,19.0,1598.16,2026.49,2026-05-30 19:48:51.398620,Low,Excellent
4075,58,Female,West,Basic,2 Year,66,22.03,448.59,Mobile Money,Standard,1,8.2,3.6,24.0,2577.42,2186.91,2026-06-14 19:48:51.398623,Low,Excellent
4076,26,Female,North,Standard,Monthly,8,126.9,1968.39,Debit Card,Basic,1,3.7,5.0,3.0,1395.13,1241.48,2026-08-16 19:48:51.398627,Low,Excellent
4077,41,Male,East,Standard,Monthly,42,49.58,1259.89,Mobile Money,Premium,4,12.4,3.5,33.0,1722.61,2467.08,2026-05-30 19:48:51.398631,Medium,Needs Improvement
4078,54,Female,Central,Basic,2 Year,26,72.73,238.0,Credit Card,Standard,1,24.8,3.8,64.0,1437.22,100.0,2026-06-28 19:48:51.398634,High,Excellent
4079,66,Female,East,Basic,2 Year,47,84.59,2152.94,Debit Card,Standard,0,12.1,4.5,34.0,1440.83,2132.42,2026-06-13 19:48:51.398638,Medium,Excellent
4080,58,Female,East,Standard,1 Year,89,50.49,1113.09,Cash,Basic,4,1.0,3.4,42.0,2344.3,3529.07,2026-06-13 19:48:51.398641,Medium,Needs Improvement
4081,34,Male,East,Business,2 Year,49,87.54,1242.4,Cash,Basic,2,1.0,1.0,8.0,1539.88,2165.24,2026-08-12 19:48:51.398644,Low,Good
4082,41,Male,West,Premium,1 Year,12,65.23,50.0,Credit Card,Basic,1,1.1,3.7,11.0,1042.99,225.14,2026-08-05 19:48:51.398648,Low,Excellent
4083,38,Male,South,Business,1 Year,40,58.41,1134.02,Bank Transfer,Standard,3,15.2,3.6,27.0,1636.01,1567.64,2026-06-08 19:48:51.398651,Low,Good
4084,68,Male,South,Business,Monthly,29,50.48,2215.3,Debit Card,Basic,4,11.1,3.3,51.0,1945.27,2562.39,2026-07-11 19:48:51.398655,Medium,Needs Improvement
4085,56,Male,North,Premium,1 Year,1,40.09,698.0,Bank Transfer,Basic,4,8.2,3.7,14.000000000000002,1963.47,180.48,2026-06-17 19:48:51.398659,Low,Needs Improvement
4086,72,Male,East,Premium,1 Year,63,20.0,169.64,Bank Transfer,Premium,1,9.5,3.7,36.0,706.41,151.57,2026-08-03 19:48:51.398663,Medium,Excellent
4087,58,Female,South,Basic,2 Year,15,135.34,1564.75,Credit Card,Standard,2,7.7,3.2,45.0,1260.62,3432.26,2026-06-04 19:48:51.398666,Medium,Good
4088,56,Male,North,Basic,Monthly,3,101.43,50.0,Mobile Money,Standard,1,3.4,3.6,25.0,2375.37,1432.41,2026-07-31 19:48:51.398669,Low,Excellent
4089,30,Male,West,Premium,2 Year,13,67.57,1680.86,Credit Card,Basic,1,10.2,4.5,31.0,1207.29,860.67,2026-07-22 19:48:51.398673,Medium,Excellent
4090,28,Male,East,Business,2 Year,22,104.0,1037.13,Cash,Premium,2,21.9,5.0,32.0,1216.7,202.92,2026-07-14 19:48:51.398676,Medium,Good
4091,63,Female,Central,Premium,Monthly,20,100.73,1265.27,Cash,Basic,0,11.1,3.1,31.0,1930.99,1806.72,2026-08-01 19:48:51.398680,Medium,Excellent
4092,36,Female,West,Business,Monthly,20,79.91,3091.73,Credit Card,Basic,1,16.2,5.0,31.0,751.98,1507.65,2026-07-04 19:48:51.398683,Medium,Excellent
4093,28,Female,North,Business,1 Year,7,56.38,1400.35,Bank Transfer,Basic,3,2.2,4.3,53.0,1053.98,1193.97,2026-06-10 19:48:51.398687,Medium,Good
4094,30,Male,West,Basic,Monthly,24,91.85,129.3,Credit Card,Premium,5,3.4,2.1,12.0,618.86,2857.05,2026-07-13 19:48:51.398690,Low,Needs Improvement
4095,63,Female,Central,Premium,1 Year,57,87.72,1291.88,Credit Card,Basic,0,5.7,4.4,33.0,1001.39,636.69,2026-06-18 19:48:51.398694,Medium,Excellent
4096,62,Male,West,Business,Monthly,11,84.78,1794.43,Mobile Money,Standard,2,5.1,4.2,18.0,1701.9,1606.37,2026-07-19 19:48:51.398697,Low,Good
4097,18,Male,North,Premium,Monthly,23,56.57,50.0,Credit Card,Premium,3,5.0,4.5,70.0,300.0,547.32,2026-08-09 19:48:51.398701,High,Good
4098,57,Male,Central,Basic,Monthly,6,74.47,1189.77,Debit Card,Premium,1,8.2,3.1,14.000000000000002,2359.23,1695.72,2026-07-20 19:48:51.398704,Low,Excellent
4099,61,Male,Central,Basic,Monthly,1,71.84,50.0,Cash,Standard,1,15.5,2.2,51.0,1669.67,1746.07,2026-06-22 19:48:51.398708,Medium,Excellent
4100,36,Male,West,Basic,Monthly,21,55.48,1219.79,Credit Card,Basic,2,17.5,1.6,21.0,1104.56,1406.3,2026-07-10 19:48:51.398711,Low,Good
4101,29,Female,Central,Standard,2 Year,1,74.25,2435.63,Bank Transfer,Premium,3,1.3,4.1,7.000000000000001,533.38,100.0,2026-08-08 19:48:51.398715,Low,Good
4102,25,Female,West,Business,Monthly,30,96.32,852.48,Bank Transfer,Basic,0,1.0,4.9,4.0,1254.42,1564.46,2026-07-18 19:48:51.398718,Low,Excellent
4103,25,Male,East,Business,2 Year,26,103.14,1262.97,Mobile Money,Premium,0,3.0,4.5,33.0,1984.07,3176.37,2026-07-12 19:48:51.398721,Medium,Excellent
4104,70,Female,Central,Standard,2 Year,11,77.49,1423.82,Mobile Money,Basic,2,10.7,4.6,63.0,1851.97,100.0,2026-06-20 19:48:51.398725,High,Good
4105,62,Male,West,Basic,2 Year,12,60.85,1474.08,Debit Card,Premium,4,12.6,5.0,38.0,2148.66,1457.49,2026-06-03 19:48:51.398728,Medium,Needs Improvement
4106,29,Male,East,Business,Monthly,59,86.37,1318.48,Bank Transfer,Basic,2,3.9,4.4,19.0,1795.25,3022.96,2026-08-24 19:48:51.398732,Low,Good
4107,65,Female,Central,Business,1 Year,1,43.2,50.0,Cash,Basic,0,3.0,3.6,48.0,1844.34,707.5,2026-08-24 19:48:51.398735,Medium,Excellent
4108,50,Female,East,Standard,Monthly,19,55.57,1347.68,Mobile Money,Basic,4,1.1,5.0,49.0,1877.46,803.36,2026-06-28 19:48:51.398739,Medium,Needs Improvement
4109,62,Male,Central,Business,Monthly,61,96.88,692.41,Debit Card,Basic,2,2.2,3.2,17.0,1484.47,2792.6,2026-07-21 19:48:51.398742,Low,Good
4110,43,Male,North,Standard,2 Year,58,111.79,287.4,Bank Transfer,Standard,2,1.0,3.0,42.0,1680.88,1290.68,2026-07-01 19:48:51.398746,Medium,Good
4111,56,Female,North,Standard,Monthly,21,93.5,1359.41,Bank Transfer,Premium,4,2.9,5.0,19.0,629.45,1952.94,2026-06-12 19:48:51.398749,Low,Needs Improvement
4112,45,Female,West,Premium,2 Year,11,62.96,1311.34,Mobile Money,Premium,1,9.0,1.6,17.0,1112.08,1418.23,2026-06-20 19:48:51.398752,Low,Excellent
4113,22,Female,South,Standard,1 Year,2,20.0,50.0,Debit Card,Basic,3,1.1,2.7,21.0,1467.3,1699.29,2026-06-08 19:48:51.398756,Low,Good
4114,25,Male,North,Basic,Monthly,4,84.6,880.52,Credit Card,Basic,0,3.1,3.0,33.0,1795.98,3539.65,2026-06-06 19:48:51.398760,Medium,Excellent
4115,42,Male,South,Business,Monthly,27,78.09,2273.42,Debit Card,Premium,2,6.0,2.4,30.0,1786.05,100.0,2026-08-05 19:48:51.398772,Low,Good
4116,44,Male,East,Business,1 Year,1,78.81,193.49,Bank Transfer,Premium,3,3.2,3.9,7.000000000000001,989.69,1868.52,2026-08-17 19:48:51.398776,Low,Good
4117,63,Male,East,Premium,1 Year,51,29.15,1333.75,Bank Transfer,Standard,1,4.6,5.0,70.0,1647.21,3491.19,2026-06-04 19:48:51.398779,High,Excellent
4118,40,Female,South,Standard,1 Year,21,56.73,235.6,Mobile Money,Standard,4,5.5,3.5,4.0,895.26,1611.37,2026-06-02 19:48:51.398783,Low,Needs Improvement
4119,47,Male,West,Basic,Monthly,1,111.63,2512.35,Debit Card,Basic,2,11.9,1.9,27.0,1673.45,2265.06,2026-08-02 19:48:51.398786,Low,Good
4120,62,Male,Central,Standard,Monthly,6,39.4,1758.41,Credit Card,Basic,0,14.8,2.0,5.0,1588.31,2191.9,2026-08-19 19:48:51.398790,Low,Excellent
4121,64,Female,South,Business,Monthly,21,79.46,536.5,Credit Card,Basic,2,1.7,4.4,9.0,2008.64,1664.47,2026-06-03 19:48:51.398793,Low,Good
4122,40,Female,South,Basic,Monthly,1,48.59,1371.04,Debit Card,Standard,1,3.7,3.8,42.0,2053.96,2963.9,2026-06-28 19:48:51.398797,Medium,Excellent
4123,66,Male,South,Basic,Monthly,36,77.69,103.63,Credit Card,Standard,4,6.8,4.9,52.0,2862.65,1170.64,2026-08-07 19:48:51.398800,Medium,Needs Improvement
4124,64,Female,South,Standard,Monthly,60,60.03,50.0,Cash,Basic,2,5.5,4.2,30.0,300.0,613.66,2026-08-19 19:48:51.398804,Low,Good
4125,37,Female,South,Business,Monthly,77,95.16,1124.1,Credit Card,Premium,4,1.0,3.0,44.0,938.55,100.0,2026-07-22 19:48:51.398807,Medium,Needs Improvement
4126,35,Female,West,Business,1 Year,31,66.03,593.9,Bank Transfer,Premium,2,3.4,2.6,6.0,1397.48,679.13,2026-08-02 19:48:51.398811,Low,Good
4127,35,Male,North,Basic,1 Year,46,89.87,1358.65,Credit Card,Premium,3,2.1,2.7,13.0,2788.76,2306.48,2026-07-01 19:48:51.398815,Low,Good
4128,19,Female,Central,Standard,Monthly,22,117.78,50.0,Credit Card,Basic,0,4.3,3.9,26.0,945.25,1677.56,2026-06-10 19:48:51.398818,Low,Excellent
4129,21,Female,North,Standard,1 Year,14,89.65,754.99,Credit Card,Basic,1,3.3,1.8,48.0,1125.4,2545.29,2026-06-05 19:48:51.398822,Medium,Excellent
4130,47,Male,South,Premium,1 Year,29,79.41,2424.51,Bank Transfer,Standard,4,9.5,2.1,14.000000000000002,1259.22,2396.4,2026-07-28 19:48:51.398825,Low,Needs Improvement
4131,50,Male,North,Standard,1 Year,6,93.93,2344.58,Debit Card,Standard,0,4.1,3.6,5.0,1187.0,459.48,2026-07-21 19:48:51.398829,Low,Excellent
4132,53,Female,West,Basic,1 Year,2,79.07,2538.38,Credit Card,Premium,1,2.2,3.3,35.0,1560.66,1532.64,2026-07-05 19:48:51.398832,Medium,Excellent
4133,35,Male,East,Basic,Monthly,34,49.8,3007.76,Debit Card,Basic,2,7.7,4.4,6.0,1537.55,2276.9,2026-06-25 19:48:51.398836,Low,Good
4134,54,Female,North,Premium,Monthly,76,43.85,876.79,Bank Transfer,Standard,5,10.4,3.5,27.0,1541.13,2496.96,2026-08-01 19:48:51.398839,Low,Needs Improvement
4135,36,Male,Central,Standard,Monthly,20,82.25,50.0,Bank Transfer,Standard,4,1.0,3.3,52.0,1526.18,1122.97,2026-07-16 19:48:51.398843,Medium,Needs Improvement
4136,64,Male,West,Standard,Monthly,15,49.37,2083.15,Credit Card,Basic,0,2.3,4.3,44.0,2212.01,1769.92,2026-08-27 19:48:51.398846,Medium,Excellent
4137,45,Male,East,Basic,1 Year,18,46.94,306.74,Cash,Standard,1,1.9,3.9,24.0,1511.94,2829.23,2026-06-14 19:48:51.398850,Low,Excellent
4138,57,Female,West,Basic,2 Year,15,60.23,2847.66,Credit Card,Standard,1,1.8,4.0,59.0,569.65,1095.71,2026-06-25 19:48:51.398853,Medium,Excellent
4139,37,Male,South,Basic,Monthly,14,21.85,1266.28,Mobile Money,Standard,3,18.6,1.0,20.0,1360.32,1462.98,2026-07-18 19:48:51.398857,Low,Good
4140,66,Female,East,Basic,1 Year,70,48.65,2508.53,Credit Card,Basic,2,1.1,3.3,45.0,1380.34,837.71,2026-07-10 19:48:51.398860,Medium,Good
4141,50,Female,Central,Business,2 Year,15,46.61,1076.52,Bank Transfer,Premium,2,16.4,3.5,30.0,2127.01,840.17,2026-06-04 19:48:51.398864,Low,Good
4142,29,Female,East,Basic,Monthly,2,126.55,656.37,Debit Card,Basic,1,4.0,4.4,41.0,1904.06,1101.25,2026-06-21 19:48:51.398867,Medium,Excellent
4143,68,Female,Central,Standard,2 Year,34,83.78,1781.95,Bank Transfer,Premium,2,8.2,5.0,40.0,1976.2,517.8,2026-07-01 19:48:51.398871,Medium,Good
4144,32,Female,South,Business,Monthly,11,54.47,1591.4,Debit Card,Premium,2,4.7,2.6,18.0,1909.22,1080.39,2026-07-18 19:48:51.398874,Low,Good
4145,58,Male,Central,Business,2 Year,29,45.83,283.75,Credit Card,Basic,4,7.3,2.9,22.0,1539.92,1060.42,2026-07-31 19:48:51.398878,Low,Needs Improvement
4146,56,Female,West,Premium,Monthly,20,20.0,1172.31,Debit Card,Standard,1,6.4,5.0,32.0,895.69,1086.49,2026-07-03 19:48:51.398881,Medium,Excellent
4147,19,Female,North,Basic,Monthly,29,28.38,739.34,Credit Card,Basic,1,4.5,3.6,20.0,1427.02,1168.1,2026-08-09 19:48:51.398885,Low,Excellent
4148,46,Male,West,Business,1 Year,1,23.5,1363.38,Bank Transfer,Standard,3,2.6,4.1,8.0,828.24,909.14,2026-08-03 19:48:51.398890,Low,Good
4149,58,Male,West,Basic,2 Year,1,40.58,1172.21,Mobile Money,Premium,1,21.4,2.5,17.0,300.0,1663.23,2026-07-16 19:48:51.398893,Low,Excellent
4150,27,Female,East,Standard,Monthly,11,64.74,1309.16,Debit Card,Standard,1,19.8,3.1,50.0,1491.76,2739.2,2026-06-27 19:48:51.398896,Medium,Excellent
4151,19,Male,South,Standard,1 Year,28,60.3,1212.4,Debit Card,Basic,1,1.0,3.5,32.0,1982.66,465.92,2026-06-26 19:48:51.398900,Medium,Excellent
4152,68,Female,North,Business,1 Year,6,42.68,917.94,Credit Card,Basic,1,2.0,5.0,15.0,888.37,535.38,2026-06-19 19:48:51.398903,Low,Excellent
4153,28,Male,Central,Standard,Monthly,13,63.73,1487.71,Debit Card,Basic,1,6.8,4.8,43.0,567.21,328.94,2026-08-09 19:48:51.398907,Medium,Excellent
4154,30,Male,East,Standard,Monthly,94,29.17,593.24,Credit Card,Standard,3,31.5,3.2,12.0,1942.87,2148.8,2026-07-04 19:48:51.398910,Low,Good
4155,27,Female,South,Business,Monthly,5,76.1,2518.76,Credit Card,Premium,2,10.4,3.6,17.0,2092.53,2108.81,2026-06-06 19:48:51.398914,Low,Good
4156,31,Male,North,Basic,Monthly,45,84.1,1187.26,Credit Card,Standard,2,13.6,3.8,40.0,1141.54,748.63,2026-05-30 19:48:51.398917,Medium,Good
4157,35,Male,West,Standard,1 Year,41,77.32,1873.78,Mobile Money,Standard,0,3.0,3.3,32.0,610.26,2581.38,2026-08-13 19:48:51.398921,Medium,Excellent
4158,68,Female,South,Premium,2 Year,53,92.35,772.33,Cash,Basic,2,2.0,3.8,39.0,2147.91,2463.0,2026-08-09 19:48:51.398924,Medium,Good
4159,71,Male,South,Basic,1 Year,59,27.07,860.49,Mobile Money,Standard,3,2.0,5.0,43.0,972.47,1578.88,2026-08-17 19:48:51.398928,Medium,Good
4160,26,Female,South,Premium,2 Year,16,65.99,1937.76,Cash,Basic,0,5.3,5.0,19.0,2192.25,100.0,2026-08-17 19:48:51.398931,Low,Excellent
4161,74,Female,West,Standard,Monthly,27,41.18,1807.8,Bank Transfer,Premium,1,15.6,3.6,28.000000000000004,991.34,1025.7,2026-06-25 19:48:51.398935,Low,Excellent
4162,56,Female,Central,Standard,Monthly,23,36.2,1101.83,Credit Card,Basic,2,2.0,5.0,31.0,1806.36,1558.62,2026-06-27 19:48:51.398938,Medium,Good
4163,45,Male,East,Premium,2 Year,8,29.63,50.0,Bank Transfer,Standard,1,6.8,2.5,7.000000000000001,1444.39,1109.38,2026-06-17 19:48:51.398942,Low,Excellent
4164,20,Male,Central,Standard,2 Year,7,126.96,780.76,Bank Transfer,Standard,4,13.2,4.9,15.0,1431.75,2130.93,2026-07-08 19:48:51.398945,Low,Needs Improvement
4165,37,Female,North,Standard,Monthly,10,87.78,1129.28,Debit Card,Standard,2,5.6,2.2,5.0,1517.08,716.14,2026-08-26 19:48:51.398949,Low,Good
4166,23,Female,East,Standard,Monthly,5,105.56,654.09,Bank Transfer,Basic,1,4.3,1.5,38.0,1527.99,1352.45,2026-07-12 19:48:51.398952,Medium,Excellent
4167,44,Female,North,Business,2 Year,33,73.82,182.25,Bank Transfer,Standard,1,3.4,3.9,37.0,1642.31,787.58,2026-06-30 19:48:51.398956,Medium,Excellent
4168,70,Female,West,Business,Monthly,80,44.3,1883.21,Debit Card,Standard,4,7.3,3.9,30.0,1169.83,390.21,2026-06-13 19:48:51.398959,Low,Needs Improvement
4169,19,Male,Central,Business,Monthly,48,81.8,1055.57,Credit Card,Premium,2,13.6,4.7,7.000000000000001,2586.84,665.35,2026-06-24 19:48:51.398963,Low,Good
4170,46,Male,South,Basic,1 Year,5,123.57,2647.11,Bank Transfer,Standard,2,44.4,4.7,12.0,300.0,1732.77,2026-06-10 19:48:51.398966,Low,Good
4171,55,Male,East,Premium,2 Year,1,78.12,1065.91,Credit Card,Basic,5,16.3,5.0,56.00000000000001,2074.13,427.01,2026-07-07 19:48:51.398970,Medium,Needs Improvement
4172,20,Male,South,Standard,1 Year,33,62.19,1341.96,Credit Card,Basic,1,4.8,3.8,66.0,1527.06,2646.55,2026-07-30 19:48:51.398973,High,Excellent
4173,33,Male,North,Basic,1 Year,11,71.79,728.97,Cash,Standard,2,1.0,3.8,47.0,526.78,2085.62,2026-07-18 19:48:51.398977,Medium,Good
4174,47,Female,South,Basic,Monthly,41,92.89,2408.84,Debit Card,Premium,0,1.0,5.0,14.000000000000002,1854.38,918.04,2026-07-10 19:48:51.398980,Low,Excellent
4175,57,Male,South,Basic,1 Year,36,64.6,958.11,Mobile Money,Standard,1,1.0,2.4,10.0,1732.99,1222.29,2026-07-26 19:48:51.398984,Low,Excellent
4176,19,Male,West,Basic,Monthly,23,62.08,1037.66,Bank Transfer,Basic,4,3.6,3.6,46.0,2215.85,2098.27,2026-08-14 19:48:51.398987,Medium,Needs Improvement
4177,34,Male,West,Standard,2 Year,7,48.06,438.19,Debit Card,Premium,1,5.3,2.9,34.0,653.85,100.0,2026-07-26 19:48:51.398991,Medium,Excellent
4178,58,Female,Central,Business,Monthly,2,73.87,1503.68,Mobile Money,Basic,3,13.7,2.6,5.0,2170.85,100.0,2026-08-13 19:48:51.398994,Low,Good
4179,29,Female,North,Premium,1 Year,6,33.27,936.11,Credit Card,Basic,2,1.0,4.4,38.0,1263.85,952.59,2026-08-05 19:48:51.398998,Medium,Good
4180,52,Female,West,Business,2 Year,17,55.38,424.57,Mobile Money,Basic,4,2.1,2.8,34.0,1169.36,450.17,2026-06-29 19:48:51.399001,Medium,Needs Improvement
4181,60,Female,West,Standard,Monthly,93,61.79,1161.17,Bank Transfer,Premium,2,5.7,3.2,27.0,1479.97,853.28,2026-06-06 19:48:51.399005,Low,Good
4182,18,Male,Central,Business,2 Year,1,38.5,1779.6,Cash,Premium,1,15.2,3.8,39.0,2328.25,100.0,2026-08-22 19:48:51.399008,Medium,Excellent
4183,72,Female,East,Basic,Monthly,5,64.44,2518.52,Mobile Money,Basic,3,1.0,4.2,46.0,1904.27,100.0,2026-08-01 19:48:51.399012,Medium,Good
4184,62,Male,Central,Premium,Monthly,23,88.84,1388.66,Debit Card,Standard,3,2.2,5.0,18.0,1411.55,1772.57,2026-08-16 19:48:51.399015,Low,Good
4185,32,Male,South,Business,Monthly,8,101.26,759.54,Mobile Money,Standard,2,6.3,4.9,20.0,2936.5,2142.52,2026-07-16 19:48:51.399019,Low,Good
4186,43,Female,South,Standard,2 Year,46,59.08,1565.36,Bank Transfer,Standard,2,3.1,4.8,18.0,2155.98,267.0,2026-07-04 19:48:51.399022,Low,Good
4187,54,Female,West,Business,2 Year,3,53.62,1087.67,Credit Card,Basic,0,39.0,2.7,53.0,1802.09,2176.06,2026-08-03 19:48:51.399026,Medium,Excellent
4188,38,Male,West,Basic,Monthly,79,58.48,1245.04,Mobile Money,Basic,2,4.8,5.0,28.999999999999996,1475.64,2260.47,2026-07-14 19:48:51.399029,Low,Good
4189,66,Male,Central,Basic,Monthly,58,80.64,1198.33,Cash,Standard,4,19.4,3.4,68.0,740.09,1175.3,2026-06-05 19:48:51.399033,High,Needs Improvement
4190,48,Female,Central,Basic,2 Year,52,49.4,1569.1,Credit Card,Premium,2,22.6,2.9,28.000000000000004,2623.9,349.58,2026-06-24 19:48:51.399036,Low,Good
4191,42,Male,North,Business,Monthly,4,49.37,1676.13,Cash,Basic,0,2.4,2.9,17.0,3068.58,1737.78,2026-06-15 19:48:51.399040,Low,Excellent
4192,40,Male,South,Basic,1 Year,9,71.78,1160.46,Bank Transfer,Basic,4,3.2,1.2,13.0,2067.16,1285.57,2026-08-20 19:48:51.399043,Low,Needs Improvement
4193,41,Male,Central,Premium,1 Year,39,77.97,4014.37,Credit Card,Basic,0,3.1,4.3,36.0,1234.61,1611.4,2026-08-18 19:48:51.399047,Medium,Excellent
4194,74,Male,East,Basic,2 Year,39,70.02,1934.87,Debit Card,Standard,2,4.6,1.7,3.0,1302.38,1601.09,2026-07-10 19:48:51.399050,Low,Good
4195,55,Female,North,Premium,1 Year,29,68.1,50.0,Mobile Money,Basic,3,1.0,2.1,28.999999999999996,1029.85,2362.42,2026-06-25 19:48:51.399054,Low,Good
4196,45,Male,Central,Business,Monthly,14,52.89,922.52,Debit Card,Premium,2,13.2,5.0,7.000000000000001,1891.96,1476.72,2026-08-15 19:48:51.399057,Low,Good
4197,38,Male,West,Basic,2 Year,8,65.51,1184.49,Bank Transfer,Standard,2,1.1,5.0,5.0,1510.39,601.86,2026-08-19 19:48:51.399061,Low,Good
4198,71,Female,Central,Standard,Monthly,79,20.0,1687.37,Mobile Money,Standard,4,17.9,2.4,30.0,839.25,2940.86,2026-06-05 19:48:51.399064,Low,Needs Improvement
4199,60,Female,West,Basic,Monthly,3,103.74,2667.27,Mobile Money,Basic,1,6.9,2.6,20.0,1597.84,1771.3,2026-05-31 19:48:51.399068,Low,Excellent
4200,35,Male,West,Standard,Monthly,1,69.03,624.47,Credit Card,Basic,2,5.3,4.8,8.0,721.53,100.0,2026-06-04 19:48:51.399071,Low,Good
4201,53,Male,South,Basic,2 Year,1,117.6,2120.74,Debit Card,Basic,0,8.6,1.8,23.0,2165.11,2955.69,2026-06-12 19:48:51.399075,Low,Excellent
4202,52,Male,South,Basic,1 Year,35,97.22,1362.89,Credit Card,Premium,0,21.6,3.2,4.0,2327.22,1560.82,2026-08-07 19:48:51.399078,Low,Excellent
4203,62,Female,Central,Standard,Monthly,1,44.62,1463.3,Bank Transfer,Basic,0,2.8,3.4,27.0,2535.66,1450.82,2026-08-15 19:48:51.399082,Low,Excellent
4204,72,Female,Central,Standard,1 Year,18,55.9,2155.45,Cash,Basic,0,2.5,2.1,43.0,1650.4,572.82,2026-06-12 19:48:51.399085,Medium,Excellent
4205,26,Female,East,Standard,Monthly,10,37.44,50.0,Credit Card,Basic,1,3.7,2.5,24.0,1142.72,893.84,2026-08-16 19:48:51.399089,Low,Excellent
4206,70,Female,North,Basic,2 Year,3,48.26,1627.88,Debit Card,Premium,4,5.3,1.5,32.0,300.0,1796.44,2026-06-25 19:48:51.399092,Medium,Needs Improvement
4207,55,Female,North,Business,Monthly,32,25.9,2521.98,Cash,Basic,2,1.0,4.3,28.000000000000004,1876.21,100.0,2026-08-12 19:48:51.399096,Low,Good
4208,47,Female,Central,Standard,1 Year,1,41.91,353.65,Mobile Money,Basic,4,9.1,3.0,28.999999999999996,1528.71,1815.5,2026-06-10 19:48:51.399099,Low,Needs Improvement
4209,61,Female,South,Business,1 Year,9,39.12,1201.86,Credit Card,Standard,2,5.9,1.2,45.0,3288.56,1745.4,2026-06-04 19:48:51.399103,Medium,Good
4210,51,Male,East,Business,Monthly,19,87.04,1742.68,Debit Card,Standard,4,6.2,4.8,40.0,2018.79,358.45,2026-07-22 19:48:51.399106,Medium,Needs Improvement
4211,49,Female,North,Premium,2 Year,12,24.49,50.0,Cash,Basic,4,2.3,4.8,31.0,1354.25,1602.29,2026-07-23 19:48:51.399109,Medium,Needs Improvement
4212,20,Male,Central,Standard,Monthly,7,120.65,1468.78,Debit Card,Standard,0,14.7,4.2,30.0,1736.57,1431.98,2026-06-08 19:48:51.399113,Low,Excellent
4213,20,Male,South,Basic,1 Year,62,56.96,991.39,Bank Transfer,Basic,1,4.1,5.0,31.0,1999.56,1283.98,2026-07-19 19:48:51.399116,Medium,Excellent
4214,45,Female,South,Standard,1 Year,64,98.68,2321.45,Bank Transfer,Basic,3,8.5,4.9,42.0,2671.42,1457.09,2026-06-26 19:48:51.399120,Medium,Good
4215,61,Male,South,Standard,1 Year,12,40.9,608.42,Bank Transfer,Standard,0,2.2,4.3,22.0,1593.23,1211.47,2026-06-21 19:48:51.399123,Low,Excellent
4216,32,Female,West,Standard,Monthly,12,84.45,1166.36,Debit Card,Standard,2,13.6,2.9,28.000000000000004,1387.99,1668.86,2026-07-13 19:48:51.399127,Low,Good
4217,58,Female,South,Standard,2 Year,8,28.29,556.07,Credit Card,Premium,0,2.9,4.9,20.0,420.61,1308.67,2026-07-31 19:48:51.399130,Low,Excellent
4218,40,Male,Central,Basic,Monthly,46,28.15,1104.77,Bank Transfer,Premium,6,20.4,3.5,69.0,1557.03,2879.38,2026-06-14 19:48:51.399134,High,Needs Improvement
4219,57,Female,East,Standard,1 Year,20,92.36,625.83,Cash,Basic,2,4.9,2.7,43.0,1473.97,334.27,2026-06-29 19:48:51.399137,Medium,Good
4220,28,Male,Central,Premium,1 Year,2,61.95,891.56,Cash,Standard,2,1.3,4.1,22.0,964.4,100.0,2026-06-26 19:48:51.399141,Low,Good
4221,65,Male,South,Premium,2 Year,46,60.04,282.91,Bank Transfer,Standard,0,7.6,3.9,3.0,891.66,100.0,2026-06-16 19:48:51.399144,Low,Excellent
4222,49,Female,East,Basic,1 Year,18,39.92,643.18,Debit Card,Standard,2,6.5,4.1,26.0,300.0,100.0,2026-07-26 19:48:51.399148,Low,Good
4223,74,Female,North,Basic,Monthly,12,43.22,599.44,Debit Card,Basic,4,4.4,4.0,27.0,659.78,1309.35,2026-08-17 19:48:51.399151,Low,Needs Improvement
4224,71,Female,North,Business,2 Year,9,25.1,833.08,Credit Card,Basic,3,13.7,2.7,19.0,764.29,765.34,2026-08-04 19:48:51.399155,Low,Good
4225,53,Male,Central,Premium,Monthly,2,51.92,1106.74,Mobile Money,Premium,2,4.4,2.7,12.0,781.75,2249.17,2026-07-02 19:48:51.399158,Low,Good
4226,50,Female,East,Standard,Monthly,75,71.41,50.0,Credit Card,Standard,2,1.2,4.7,66.0,1417.11,1519.18,2026-07-27 19:48:51.399162,High,Good
4227,41,Male,Central,Basic,2 Year,32,66.98,1314.33,Credit Card,Basic,3,1.0,3.7,31.0,2044.82,1177.87,2026-06-06 19:48:51.399165,Medium,Good
4228,56,Female,East,Standard,1 Year,3,67.24,2191.3,Bank Transfer,Standard,3,17.8,1.9,41.0,1396.37,1733.02,2026-06-23 19:48:51.399169,Medium,Good
4229,51,Male,East,Basic,Monthly,17,20.0,1803.14,Bank Transfer,Standard,0,5.0,2.7,15.0,480.67,1046.89,2026-06-26 19:48:51.399172,Low,Excellent
4230,73,Female,Central,Basic,1 Year,19,69.92,506.49,Bank Transfer,Standard,1,6.6,1.9,30.0,1178.78,2187.3,2026-06-04 19:48:51.399176,Low,Excellent
4231,45,Male,East,Basic,Monthly,4,57.03,2018.19,Bank Transfer,Standard,2,1.0,4.2,54.0,1121.68,100.0,2026-06-14 19:48:51.399179,Medium,Good
4232,54,Male,South,Standard,Monthly,13,45.35,552.99,Debit Card,Standard,1,5.4,4.3,23.0,2340.51,731.74,2026-07-14 19:48:51.399183,Low,Excellent
4233,24,Female,East,Business,Monthly,24,34.12,1434.3,Credit Card,Premium,3,6.1,2.2,8.0,1309.46,1387.05,2026-06-05 19:48:51.399186,Low,Good
4234,21,Female,East,Basic,1 Year,8,81.6,50.0,Cash,Standard,1,5.0,2.6,5.0,1713.82,1665.76,2026-08-13 19:48:51.399190,Low,Excellent
4235,54,Female,Central,Standard,1 Year,9,20.0,1687.6,Mobile Money,Standard,1,24.7,4.1,22.0,2174.65,1861.98,2026-06-26 19:48:51.399193,Low,Excellent
4236,73,Female,North,Business,1 Year,3,34.17,1204.02,Debit Card,Standard,1,6.8,3.1,40.0,1541.66,2639.93,2026-07-11 19:48:51.399197,Medium,Excellent
4237,18,Female,West,Business,Monthly,12,68.68,1310.92,Debit Card,Standard,7,29.3,2.3,54.0,1847.75,1667.19,2026-08-23 19:48:51.399200,Medium,Needs Improvement
4238,18,Female,East,Standard,1 Year,21,52.15,1213.93,Debit Card,Premium,3,1.3,4.7,72.0,1409.93,2199.86,2026-06-09 19:48:51.399204,High,Good
4239,64,Male,West,Standard,Monthly,2,74.45,2694.57,Bank Transfer,Basic,3,19.6,3.6,25.0,1137.01,3639.09,2026-06-21 19:48:51.399207,Low,Good
4240,37,Female,East,Standard,1 Year,22,67.41,1899.02,Bank Transfer,Standard,2,6.4,1.1,46.0,1445.23,2533.89,2026-07-28 19:48:51.399211,Medium,Good
4241,36,Male,Central,Premium,2 Year,12,48.02,1772.76,Credit Card,Standard,6,2.8,3.5,7.000000000000001,1535.46,1644.96,2026-06-26 19:48:51.399214,Low,Needs Improvement
4242,46,Female,Central,Standard,Monthly,27,22.68,1644.23,Debit Card,Basic,6,11.0,5.0,28.999999999999996,979.34,426.87,2026-07-19 19:48:51.399218,Low,Needs Improvement
4243,27,Female,East,Business,1 Year,9,83.83,2804.63,Bank Transfer,Premium,2,6.5,4.2,17.0,1605.4,2720.38,2026-06-27 19:48:51.399222,Low,Good
4244,35,Female,Central,Standard,2 Year,20,60.68,998.41,Cash,Basic,0,6.9,3.9,47.0,2000.11,2915.18,2026-06-21 19:48:51.399225,Medium,Excellent
4245,45,Female,Central,Standard,Monthly,22,32.12,89.1,Debit Card,Standard,3,1.5,4.1,52.0,1156.91,2273.95,2026-06-20 19:48:51.399229,Medium,Good
4246,52,Female,East,Basic,1 Year,28,20.0,2573.58,Bank Transfer,Premium,1,9.1,3.1,8.0,300.0,3343.47,2026-07-07 19:48:51.399232,Low,Excellent
4247,60,Female,North,Basic,1 Year,33,73.31,819.86,Debit Card,Basic,0,2.8,2.9,57.99999999999999,2192.76,1540.06,2026-06-21 19:48:51.399235,Medium,Excellent
4248,64,Male,East,Basic,Monthly,3,49.12,1596.51,Credit Card,Basic,3,3.5,1.8,28.999999999999996,1377.62,1707.11,2026-06-18 19:48:51.399239,Low,Good
4249,48,Female,North,Basic,1 Year,80,36.36,1617.06,Mobile Money,Basic,2,19.0,2.4,4.0,1530.86,2430.43,2026-08-03 19:48:51.399243,Low,Good
4250,44,Male,Central,Standard,1 Year,44,94.45,612.84,Bank Transfer,Premium,0,1.6,5.0,27.0,2500.64,1676.68,2026-06-11 19:48:51.399246,Low,Excellent
4251,28,Female,North,Premium,Monthly,19,20.0,69.06,Debit Card,Basic,2,17.4,3.5,25.0,1189.25,3870.64,2026-06-29 19:48:51.399250,Low,Good
4252,66,Male,Central,Standard,Monthly,53,58.76,2052.74,Bank Transfer,Basic,2,5.6,4.9,52.0,1226.41,3332.84,2026-07-19 19:48:51.399253,Medium,Good
4253,66,Male,North,Standard,2 Year,11,83.12,2214.75,Mobile Money,Basic,1,1.6,1.2,34.0,1136.15,1584.42,2026-07-18 19:48:51.399257,Medium,Excellent
4254,55,Male,North,Standard,1 Year,1,77.22,1706.65,Mobile Money,Premium,2,13.4,3.6,32.0,2435.31,379.56,2026-07-23 19:48:51.399260,Medium,Good
4255,22,Male,East,Standard,Monthly,31,32.41,1521.72,Mobile Money,Premium,0,8.5,5.0,5.0,1124.18,2177.04,2026-06-30 19:48:51.399263,Low,Excellent
4256,25,Female,North,Basic,Monthly,68,97.93,81.28,Credit Card,Basic,1,3.4,3.7,21.0,459.4,1998.59,2026-07-17 19:48:51.399267,Low,Excellent
4257,51,Male,Central,Business,1 Year,4,100.5,934.55,Mobile Money,Premium,6,2.9,4.3,34.0,1387.68,2153.51,2026-08-17 19:48:51.399271,Medium,Needs Improvement
4258,65,Female,East,Business,Monthly,24,90.61,2170.93,Debit Card,Basic,0,4.4,2.7,28.000000000000004,2004.63,1661.51,2026-07-31 19:48:51.399274,Low,Excellent
4259,69,Male,North,Basic,Monthly,40,43.33,575.83,Credit Card,Basic,2,1.2,3.3,19.0,895.73,1799.44,2026-08-13 19:48:51.399278,Low,Good
4260,73,Female,East,Basic,1 Year,56,59.37,1306.24,Credit Card,Basic,1,13.3,3.4,39.0,1231.95,934.86,2026-08-13 19:48:51.399281,Medium,Excellent
4261,29,Female,West,Premium,1 Year,7,96.45,1568.93,Bank Transfer,Standard,2,2.6,3.3,42.0,2205.35,2309.89,2026-06-07 19:48:51.399284,Medium,Good
4262,55,Female,East,Basic,Monthly,3,76.1,1611.71,Credit Card,Standard,4,14.0,2.9,17.0,1593.05,100.0,2026-06-28 19:48:51.399288,Low,Needs Improvement
4263,18,Female,West,Business,Monthly,6,49.04,380.34,Debit Card,Premium,2,10.5,4.2,9.0,609.46,1769.75,2026-08-26 19:48:51.399292,Low,Good
4264,48,Male,West,Basic,Monthly,20,59.68,1105.83,Bank Transfer,Standard,3,22.8,1.3,19.0,2408.92,2551.06,2026-07-29 19:48:51.399295,Low,Good
4265,21,Female,East,Standard,Monthly,60,26.88,1876.68,Bank Transfer,Premium,4,1.0,5.0,24.0,674.65,743.64,2026-06-16 19:48:51.399299,Low,Needs Improvement
4266,66,Male,Central,Standard,Monthly,20,93.73,2687.23,Bank Transfer,Basic,1,3.4,3.3,28.000000000000004,1467.47,2261.5,2026-08-14 19:48:51.399302,Low,Excellent
4267,62,Female,Central,Basic,Monthly,60,62.45,1027.34,Bank Transfer,Premium,5,7.8,2.4,46.0,2181.63,1422.57,2026-08-22 19:48:51.399306,Medium,Needs Improvement
4268,67,Female,Central,Business,Monthly,35,108.57,1528.93,Cash,Basic,1,15.6,3.2,34.0,1247.37,369.91,2026-08-01 19:48:51.399309,Medium,Excellent
4269,22,Male,South,Business,Monthly,21,20.0,272.26,Mobile Money,Basic,3,1.4,2.5,79.0,1867.2,100.0,2026-06-29 19:48:51.399313,High,Good
4270,47,Female,West,Standard,2 Year,1,40.71,1005.88,Credit Card,Basic,4,15.8,2.6,8.0,3005.03,100.0,2026-07-22 19:48:51.399316,Low,Needs Improvement
4271,73,Female,East,Business,Monthly,9,63.68,800.02,Cash,Basic,0,1.0,3.5,37.0,963.89,1602.64,2026-06-10 19:48:51.399320,Medium,Excellent
4272,41,Male,Central,Basic,Monthly,1,121.53,2750.34,Credit Card,Premium,3,5.1,4.8,28.999999999999996,1541.21,3165.85,2026-06-15 19:48:51.399323,Low,Good
4273,20,Male,Central,Standard,Monthly,9,66.94,1786.5,Bank Transfer,Standard,4,1.0,5.0,11.0,2475.68,800.7,2026-08-24 19:48:51.399327,Low,Needs Improvement
4274,28,Male,East,Premium,Monthly,1,46.01,1274.75,Mobile Money,Basic,2,1.3,4.4,12.0,1754.89,118.8,2026-08-26 19:48:51.399330,Low,Good
4275,62,Female,West,Standard,2 Year,4,65.44,50.0,Bank Transfer,Basic,1,11.9,2.7,12.0,1961.54,2536.98,2026-07-27 19:48:51.399333,Low,Excellent
4276,21,Female,East,Business,Monthly,12,48.1,1446.73,Mobile Money,Premium,5,1.0,3.7,36.0,2172.78,549.05,2026-07-13 19:48:51.399337,Medium,Needs Improvement
4277,43,Male,South,Premium,2 Year,17,88.66,1454.78,Cash,Standard,1,6.5,2.6,23.0,571.77,204.81,2026-08-22 19:48:51.399341,Low,Excellent
4278,44,Male,South,Standard,Monthly,5,86.53,1018.54,Cash,Standard,1,1.0,3.9,28.999999999999996,2089.48,1168.23,2026-06-14 19:48:51.399344,Low,Excellent
4279,63,Female,East,Basic,2 Year,31,105.26,1237.36,Debit Card,Premium,4,13.3,4.4,14.000000000000002,816.47,2982.67,2026-08-03 19:48:51.399348,Low,Needs Improvement
4280,71,Female,West,Standard,Monthly,21,23.95,2641.2,Cash,Premium,2,13.2,5.0,3.0,771.82,994.86,2026-06-24 19:48:51.399351,Low,Good
4281,60,Male,Central,Business,Monthly,28,20.0,1959.01,Credit Card,Premium,0,9.7,4.1,12.0,1698.75,100.0,2026-08-10 19:48:51.399355,Low,Excellent
4282,44,Male,South,Standard,Monthly,31,59.18,491.71,Debit Card,Standard,0,11.3,3.3,3.0,960.37,3148.68,2026-06-22 19:48:51.399358,Low,Excellent
4283,59,Female,South,Premium,Monthly,31,85.4,2761.89,Mobile Money,Basic,1,7.1,4.1,50.0,1638.72,1560.36,2026-05-30 19:48:51.399362,Medium,Excellent
4284,68,Male,West,Premium,1 Year,66,90.62,564.6,Cash,Standard,1,5.3,3.3,34.0,1551.16,2357.71,2026-06-12 19:48:51.399365,Medium,Excellent
4285,67,Male,South,Basic,Monthly,6,71.0,2492.84,Credit Card,Premium,2,4.2,3.4,12.0,968.05,821.07,2026-06-14 19:48:51.399369,Low,Good
4286,23,Female,South,Basic,1 Year,7,85.35,620.73,Cash,Premium,7,8.7,4.8,9.0,830.21,1130.52,2026-08-23 19:48:51.399372,Low,Needs Improvement
4287,32,Female,West,Business,Monthly,2,102.87,1078.89,Cash,Standard,1,3.9,4.3,41.0,1120.21,1109.83,2026-08-23 19:48:51.399375,Medium,Excellent
4288,70,Male,East,Standard,Monthly,21,45.31,50.0,Cash,Standard,3,1.0,3.6,34.0,1674.02,100.0,2026-08-22 19:48:51.399379,Medium,Good
4289,47,Male,Central,Basic,Monthly,12,101.68,1621.88,Credit Card,Standard,1,1.0,3.5,39.0,2860.52,1866.04,2026-08-16 19:48:51.399383,Medium,Excellent
4290,59,Male,Central,Business,1 Year,16,102.44,50.0,Mobile Money,Premium,1,8.4,3.1,3.0,572.35,1268.41,2026-06-20 19:48:51.399386,Low,Excellent
4291,54,Male,South,Business,Monthly,4,51.2,1365.86,Bank Transfer,Basic,3,3.6,5.0,73.0,736.64,1237.32,2026-08-27 19:48:51.399390,High,Good
4292,54,Female,Central,Basic,Monthly,25,41.27,852.31,Credit Card,Standard,5,36.5,5.0,36.0,1952.48,1740.57,2026-08-19 19:48:51.399393,Medium,Needs Improvement
4293,59,Male,East,Basic,Monthly,23,83.95,861.28,Cash,Basic,1,3.5,5.0,4.0,859.98,1973.34,2026-06-30 19:48:51.399397,Low,Excellent
4294,54,Female,South,Business,2 Year,7,114.77,1515.19,Credit Card,Premium,3,1.0,3.6,62.0,1374.53,1840.7,2026-08-24 19:48:51.399400,High,Good
4295,52,Female,Central,Standard,1 Year,15,43.89,1855.67,Debit Card,Basic,3,3.2,4.2,30.0,1739.85,1114.83,2026-08-18 19:48:51.399404,Low,Good
4296,40,Male,North,Premium,Monthly,53,113.01,2247.02,Credit Card,Premium,1,9.3,4.2,7.000000000000001,1987.24,585.28,2026-07-06 19:48:51.399408,Low,Excellent
4297,23,Male,North,Standard,Monthly,35,40.99,264.24,Debit Card,Basic,5,6.0,4.4,10.0,1189.13,2333.62,2026-06-12 19:48:51.399411,Low,Needs Improvement
4298,21,Female,North,Basic,Monthly,6,59.5,951.07,Bank Transfer,Basic,2,7.5,2.5,32.0,729.17,114.68,2026-08-13 19:48:51.399415,Medium,Good
4299,35,Female,North,Standard,Monthly,50,36.76,1161.84,Cash,Basic,1,1.0,5.0,30.0,1875.13,1688.8,2026-07-23 19:48:51.399418,Low,Excellent
4300,26,Female,North,Standard,1 Year,1,75.77,1682.36,Cash,Premium,2,14.0,1.0,13.0,2009.35,1646.37,2026-06-06 19:48:51.399422,Low,Good
4301,66,Male,South,Business,Monthly,12,68.39,1666.02,Debit Card,Standard,1,18.6,2.4,26.0,1460.66,483.22,2026-06-26 19:48:51.399425,Low,Excellent
4302,46,Female,West,Business,Monthly,2,66.24,524.23,Debit Card,Basic,1,1.3,1.9,4.0,693.95,953.79,2026-07-31 19:48:51.399429,Low,Excellent
4303,30,Female,West,Premium,1 Year,61,49.31,2161.49,Credit Card,Basic,1,7.9,3.6,31.0,2288.96,2204.44,2026-07-05 19:48:51.399432,Medium,Excellent
4304,64,Female,South,Basic,Monthly,1,54.32,1528.09,Debit Card,Basic,0,2.1,4.1,19.0,1942.09,654.07,2026-07-24 19:48:51.399436,Low,Excellent
4305,69,Male,South,Standard,Monthly,3,63.34,2631.18,Cash,Basic,3,1.6,3.8,36.0,1302.38,1820.31,2026-08-20 19:48:51.399439,Medium,Good
4306,34,Female,East,Business,Monthly,59,58.47,1453.67,Credit Card,Standard,1,1.8,1.6,56.99999999999999,1454.16,507.0,2026-08-06 19:48:51.399443,Medium,Excellent
4307,62,Female,West,Standard,Monthly,20,63.93,50.0,Credit Card,Basic,3,5.9,4.6,73.0,2521.59,1252.96,2026-07-26 19:48:51.399446,High,Good
4308,49,Male,North,Basic,2 Year,38,27.59,541.29,Mobile Money,Standard,6,17.4,3.4,10.0,2105.71,1005.3,2026-07-27 19:48:51.399450,Low,Needs Improvement
4309,65,Female,South,Standard,1 Year,1,20.0,1071.19,Bank Transfer,Basic,1,13.7,3.9,34.0,2077.97,1883.09,2026-06-21 19:48:51.399453,Medium,Excellent
4310,39,Male,North,Business,Monthly,13,73.67,524.62,Debit Card,Premium,1,1.2,5.0,24.0,2583.22,1091.71,2026-06-07 19:48:51.399457,Low,Excellent
4311,21,Male,West,Business,Monthly,99,74.49,495.09,Mobile Money,Basic,2,5.7,3.5,21.0,2024.62,1747.93,2026-07-15 19:48:51.399460,Low,Good
4312,22,Male,Central,Business,Monthly,20,70.86,2723.51,Credit Card,Standard,1,1.3,3.9,21.0,601.14,213.24,2026-08-20 19:48:51.399464,Low,Excellent
4313,54,Female,Central,Basic,Monthly,45,78.19,200.54,Mobile Money,Standard,6,4.6,2.8,23.0,619.24,1694.19,2026-07-02 19:48:51.399467,Low,Needs Improvement
4314,58,Male,South,Standard,2 Year,79,53.68,776.54,Debit Card,Basic,1,6.6,5.0,28.999999999999996,1227.58,1316.82,2026-08-17 19:48:51.399471,Low,Excellent
4315,66,Male,East,Basic,Monthly,27,56.21,1252.95,Mobile Money,Basic,0,13.4,5.0,19.0,1339.88,468.9,2026-06-03 19:48:51.399474,Low,Excellent
4316,30,Female,North,Basic,2 Year,9,53.05,147.72,Debit Card,Basic,2,15.8,4.2,22.0,1201.2,711.65,2026-07-10 19:48:51.399478,Low,Good
4317,51,Male,South,Basic,1 Year,8,20.0,1069.53,Credit Card,Premium,1,1.0,3.4,23.0,1590.48,1391.66,2026-06-27 19:48:51.399481,Low,Excellent
4318,62,Female,East,Business,2 Year,1,79.37,50.0,Bank Transfer,Basic,5,9.3,3.7,49.0,1302.07,765.84,2026-08-27 19:48:51.399485,Medium,Needs Improvement
4319,39,Female,North,Business,1 Year,13,84.63,759.14,Credit Card,Standard,3,4.2,5.0,33.0,884.8,674.01,2026-08-07 19:48:51.399488,Medium,Good
4320,70,Female,West,Standard,1 Year,59,88.3,305.13,Credit Card,Standard,1,5.5,4.6,27.0,369.2,2860.17,2026-07-21 19:48:51.399492,Low,Excellent
4321,40,Female,Central,Premium,1 Year,15,57.23,954.59,Debit Card,Standard,1,2.0,2.4,32.0,1310.1,1533.46,2026-06-06 19:48:51.399495,Medium,Excellent
4322,68,Female,East,Basic,2 Year,58,47.06,1155.38,Debit Card,Standard,2,1.0,4.2,15.0,2549.15,2515.79,2026-07-24 19:48:51.399499,Low,Good
4323,20,Male,North,Basic,Monthly,40,53.24,2278.96,Bank Transfer,Basic,1,14.4,3.8,15.0,2165.86,900.26,2026-07-18 19:48:51.399502,Low,Excellent
4324,59,Female,South,Standard,2 Year,99,52.11,711.81,Bank Transfer,Premium,3,2.1,4.0,61.0,2077.61,1321.99,2026-07-01 19:48:51.399506,High,Good
4325,51,Male,North,Business,1 Year,70,20.0,2909.76,Debit Card,Standard,3,17.0,3.6,12.0,1758.46,373.25,2026-06-27 19:48:51.399509,Low,Good
4326,49,Female,South,Premium,Monthly,29,72.43,1369.8,Debit Card,Standard,1,1.0,4.1,56.00000000000001,1152.16,2753.65,2026-06-19 19:48:51.399513,Medium,Excellent
4327,62,Male,Central,Standard,2 Year,49,86.09,445.74,Cash,Premium,2,4.2,3.8,26.0,1834.28,759.73,2026-06-10 19:48:51.399516,Low,Good
4328,68,Female,Central,Basic,2 Year,33,70.42,1308.12,Credit Card,Standard,4,10.8,3.4,45.0,1376.23,1961.11,2026-08-04 19:48:51.399520,Medium,Needs Improvement
4329,66,Female,North,Business,1 Year,29,65.56,2188.42,Bank Transfer,Standard,5,2.4,4.2,18.0,1534.22,1463.19,2026-07-26 19:48:51.399523,Low,Needs Improvement
4330,38,Female,North,Premium,Monthly,30,49.32,345.81,Debit Card,Standard,2,27.4,3.9,48.0,1824.94,3074.14,2026-05-31 19:48:51.399527,Medium,Good
4331,63,Male,South,Business,2 Year,30,84.05,2753.77,Debit Card,Premium,3,8.1,5.0,40.0,1715.56,2248.77,2026-06-15 19:48:51.399530,Medium,Good
4332,61,Male,South,Basic,1 Year,11,62.81,1625.73,Bank Transfer,Standard,4,2.0,3.6,34.0,1204.66,1470.59,2026-08-15 19:48:51.399534,Medium,Needs Improvement
4333,38,Female,East,Standard,1 Year,13,34.53,284.78,Mobile Money,Premium,2,12.6,2.3,27.0,1005.49,1063.99,2026-06-25 19:48:51.399537,Low,Good
4334,61,Female,East,Basic,2 Year,8,98.08,782.23,Bank Transfer,Standard,4,33.4,4.7,31.0,2326.64,2601.24,2026-07-18 19:48:51.399541,Medium,Needs Improvement
4335,28,Male,East,Basic,Monthly,3,81.17,867.46,Bank Transfer,Standard,1,2.3,4.9,60.0,1216.54,100.0,2026-08-27 19:48:51.399544,Medium,Excellent
4336,56,Female,North,Standard,Monthly,14,106.37,2086.63,Debit Card,Basic,4,13.8,1.7,15.0,2740.56,1088.8,2026-06-15 19:48:51.399548,Low,Needs Improvement
4337,21,Female,East,Premium,1 Year,55,94.07,256.5,Debit Card,Standard,3,30.3,4.0,28.000000000000004,1702.46,2270.5,2026-07-18 19:48:51.399551,Low,Good
4338,68,Male,North,Business,Monthly,25,49.42,2431.57,Debit Card,Basic,0,2.0,3.5,26.0,1956.56,1049.3,2026-07-22 19:48:51.399555,Low,Excellent
4339,18,Female,Central,Standard,1 Year,1,57.87,2113.28,Credit Card,Standard,1,2.1,4.4,23.0,1202.38,1138.43,2026-06-09 19:48:51.399559,Low,Excellent
4340,45,Female,West,Basic,Monthly,40,90.29,2531.5,Bank Transfer,Basic,2,10.1,4.4,35.0,1141.29,2482.98,2026-06-18 19:48:51.399562,Medium,Good
4341,41,Male,Central,Business,Monthly,65,35.62,1247.05,Debit Card,Standard,2,24.1,4.4,10.0,300.0,3664.88,2026-06-06 19:48:51.399565,Low,Good
4342,52,Male,North,Premium,Monthly,42,106.4,2187.91,Bank Transfer,Basic,2,9.5,4.8,9.0,2264.14,1168.44,2026-07-09 19:48:51.399569,Low,Good
4343,30,Female,North,Standard,Monthly,31,73.19,1007.43,Debit Card,Premium,0,5.6,4.5,32.0,1224.83,445.63,2026-08-01 19:48:51.399572,Medium,Excellent
4344,64,Female,West,Business,Monthly,3,85.7,2017.32,Cash,Basic,2,1.0,5.0,41.0,1528.71,1491.11,2026-06-26 19:48:51.399576,Medium,Good
4345,51,Male,South,Standard,Monthly,10,73.07,1270.03,Debit Card,Premium,2,20.7,3.7,46.0,1315.42,1745.47,2026-07-20 19:48:51.399580,Medium,Good
4346,28,Female,South,Business,Monthly,19,66.33,2640.85,Bank Transfer,Standard,2,1.0,3.7,25.0,1799.24,1380.15,2026-08-19 19:48:51.399583,Low,Good
4347,53,Female,South,Business,1 Year,1,57.74,1414.67,Bank Transfer,Premium,1,1.9,3.2,32.0,1178.0,975.53,2026-07-05 19:48:51.399587,Medium,Excellent
4348,68,Female,East,Standard,2 Year,2,61.34,524.28,Bank Transfer,Basic,2,4.8,3.2,21.0,1313.54,1641.71,2026-08-24 19:48:51.399590,Low,Good
4349,34,Male,South,Standard,Monthly,65,20.0,2410.32,Credit Card,Standard,0,5.6,3.7,25.0,2082.39,1081.93,2026-08-19 19:48:51.399593,Low,Excellent
4350,52,Female,East,Standard,1 Year,29,79.07,1366.81,Credit Card,Standard,3,1.0,5.0,39.0,1787.58,482.48,2026-06-15 19:48:51.399597,Medium,Good
4351,35,Male,East,Business,Monthly,7,119.47,770.69,Bank Transfer,Basic,2,1.0,3.7,47.0,1875.43,1264.01,2026-06-19 19:48:51.399601,Medium,Good
4352,57,Male,South,Basic,Monthly,9,44.27,732.75,Mobile Money,Standard,1,1.1,4.1,6.0,1005.1,1759.95,2026-07-07 19:48:51.399604,Low,Excellent
4353,39,Male,South,Premium,2 Year,11,28.3,487.95,Bank Transfer,Basic,3,1.0,5.0,48.0,2382.76,2505.19,2026-07-22 19:48:51.399608,Medium,Good
4354,74,Female,West,Premium,Monthly,1,104.22,54.05,Debit Card,Standard,4,30.3,5.0,27.0,1563.87,2816.75,2026-06-16 19:48:51.399611,Low,Needs Improvement
4355,41,Female,West,Standard,Monthly,32,74.44,862.22,Credit Card,Basic,1,2.2,2.7,35.0,441.79,1433.25,2026-07-19 19:48:51.399615,Medium,Excellent
4356,36,Male,East,Premium,Monthly,4,87.62,1363.87,Mobile Money,Basic,4,16.9,2.1,50.0,1888.33,871.19,2026-06-24 19:48:51.399618,Medium,Needs Improvement
4357,54,Female,West,Standard,2 Year,39,77.58,895.03,Cash,Basic,4,12.3,1.2,11.0,846.95,1607.03,2026-08-13 19:48:51.399622,Low,Needs Improvement
4358,56,Male,East,Basic,Monthly,44,41.82,50.0,Credit Card,Premium,3,9.8,4.9,19.0,1607.6,1931.67,2026-05-30 19:48:51.399626,Low,Good
4359,38,Male,North,Standard,1 Year,24,87.72,50.0,Mobile Money,Standard,1,8.6,1.0,41.0,687.6,100.0,2026-07-08 19:48:51.399629,Medium,Excellent
4360,25,Female,East,Standard,Monthly,35,52.68,1952.06,Credit Card,Premium,2,5.5,3.1,9.0,1581.81,1248.3,2026-08-25 19:48:51.399632,Low,Good
4361,45,Female,East,Standard,Monthly,4,44.35,1108.44,Cash,Premium,2,6.6,3.1,11.0,1458.63,1102.73,2026-07-11 19:48:51.399636,Low,Good
4362,22,Male,West,Business,2 Year,20,80.96,50.0,Bank Transfer,Basic,0,17.7,4.1,7.000000000000001,1183.75,2131.49,2026-07-31 19:48:51.399639,Low,Excellent
4363,34,Female,North,Standard,Monthly,27,69.32,915.55,Credit Card,Basic,0,12.0,3.3,27.0,2888.11,1657.93,2026-06-26 19:48:51.399643,Low,Excellent
4364,54,Male,Central,Business,1 Year,26,75.33,1299.69,Credit Card,Premium,1,2.1,1.7,13.0,879.49,1551.29,2026-07-09 19:48:51.399647,Low,Excellent
4365,53,Male,Central,Basic,1 Year,2,74.44,1964.28,Bank Transfer,Standard,1,1.0,4.3,37.0,1258.37,3074.69,2026-06-10 19:48:51.399650,Medium,Excellent
4366,71,Female,Central,Business,Monthly,10,85.76,650.9,Bank Transfer,Premium,1,2.8,4.5,22.0,832.4,956.47,2026-08-23 19:48:51.399653,Low,Excellent
4367,36,Female,North,Standard,Monthly,9,97.42,1707.42,Bank Transfer,Standard,2,1.1,3.6,18.0,1898.36,990.62,2026-06-21 19:48:51.399657,Low,Good
4368,44,Male,South,Basic,1 Year,20,70.29,1182.24,Debit Card,Standard,1,24.7,2.4,78.0,2121.73,1819.38,2026-05-30 19:48:51.399660,High,Excellent
4369,70,Female,North,Basic,Monthly,34,101.11,903.46,Bank Transfer,Basic,1,3.9,4.3,35.0,1843.35,808.55,2026-08-27 19:48:51.399664,Medium,Excellent
4370,51,Female,West,Basic,Monthly,20,93.29,1898.42,Mobile Money,Basic,0,1.5,3.6,41.0,1734.66,1571.77,2026-06-02 19:48:51.399668,Medium,Excellent
4371,28,Male,East,Standard,Monthly,33,83.49,444.07,Cash,Standard,4,7.8,3.7,39.0,1860.46,3093.03,2026-06-24 19:48:51.399671,Medium,Needs Improvement
4372,71,Female,East,Business,1 Year,2,50.63,1957.87,Debit Card,Basic,1,4.1,3.9,33.0,1276.01,2603.81,2026-07-01 19:48:51.399674,Medium,Excellent
4373,62,Female,West,Basic,2 Year,50,89.49,286.88,Debit Card,Basic,0,2.0,1.9,34.0,796.34,605.72,2026-06-18 19:48:51.399678,Medium,Excellent
4374,64,Female,West,Business,2 Year,18,75.69,738.94,Credit Card,Basic,1,1.0,1.3,6.0,865.39,100.0,2026-07-09 19:48:51.399681,Low,Excellent
4375,29,Female,East,Business,Monthly,1,31.44,892.48,Debit Card,Basic,5,1.0,3.2,25.0,1100.59,100.0,2026-08-17 19:48:51.399685,Low,Needs Improvement
4376,71,Female,South,Basic,1 Year,24,35.39,1111.33,Mobile Money,Standard,2,6.6,5.0,23.0,2085.14,1734.72,2026-07-08 19:48:51.399688,Low,Good
4377,38,Male,South,Standard,Monthly,17,34.63,50.0,Debit Card,Premium,1,11.1,2.5,41.0,1280.01,779.71,2026-08-05 19:48:51.399692,Medium,Excellent
4378,71,Female,South,Basic,Monthly,5,35.17,1284.43,Debit Card,Premium,1,20.8,5.0,9.0,1604.86,1268.45,2026-08-26 19:48:51.399695,Low,Excellent
4379,28,Female,West,Basic,2 Year,34,37.61,50.0,Mobile Money,Premium,2,7.0,4.5,17.0,2152.38,1071.41,2026-06-04 19:48:51.399699,Low,Good
4380,56,Male,East,Basic,1 Year,65,85.91,1334.11,Credit Card,Standard,2,8.5,5.0,43.0,2576.34,1433.79,2026-06-13 19:48:51.399702,Medium,Good
4381,45,Female,East,Premium,1 Year,9,67.05,1419.46,Mobile Money,Standard,3,2.2,4.1,39.0,1853.95,758.82,2026-07-11 19:48:51.399706,Medium,Good
4382,22,Female,East,Standard,Monthly,16,87.07,1981.31,Credit Card,Premium,1,2.6,3.1,28.000000000000004,1297.74,876.96,2026-07-10 19:48:51.399709,Low,Excellent
4383,34,Female,North,Basic,2 Year,3,37.0,131.75,Credit Card,Basic,1,4.3,2.3,23.0,516.36,3571.8,2026-08-17 19:48:51.399713,Low,Excellent
4384,73,Male,North,Basic,2 Year,63,26.45,1383.46,Debit Card,Basic,2,16.2,4.5,19.0,1790.33,1340.65,2026-06-18 19:48:51.399716,Low,Good
4385,37,Male,Central,Standard,Monthly,9,43.42,1161.84,Mobile Money,Basic,0,4.6,3.3,8.0,1676.35,1555.05,2026-07-19 19:48:51.399720,Low,Excellent
4386,58,Female,North,Business,Monthly,5,82.32,745.81,Cash,Premium,2,2.2,3.0,34.0,1549.43,1314.72,2026-07-30 19:48:51.399723,Medium,Good
4387,63,Male,South,Basic,Monthly,15,83.7,340.12,Bank Transfer,Basic,2,20.2,3.2,22.0,1079.77,2045.2,2026-08-02 19:48:51.399727,Low,Good
4388,29,Female,South,Business,Monthly,1,59.32,1264.67,Debit Card,Standard,2,4.2,3.0,14.000000000000002,1656.33,2708.06,2026-07-20 19:48:51.399730,Low,Good
4389,23,Male,South,Standard,2 Year,6,73.06,2269.54,Debit Card,Premium,2,1.0,2.9,7.000000000000001,1707.23,100.0,2026-08-23 19:48:51.399734,Low,Good
4390,34,Male,South,Standard,Monthly,1,52.34,1007.52,Bank Transfer,Basic,3,6.3,3.0,30.0,1129.78,712.32,2026-07-10 19:48:51.399737,Low,Good
4391,68,Male,Central,Standard,1 Year,3,46.86,2203.0,Cash,Premium,2,7.9,5.0,28.999999999999996,446.28,1803.58,2026-08-06 19:48:51.399741,Low,Good
4392,36,Male,South,Basic,1 Year,2,74.94,2116.76,Cash,Basic,1,24.9,3.1,8.0,1438.12,2613.19,2026-05-30 19:48:51.399744,Low,Excellent
4393,43,Female,West,Standard,1 Year,49,81.57,50.0,Mobile Money,Standard,3,13.1,4.1,14.000000000000002,2025.22,100.0,2026-06-02 19:48:51.399748,Low,Good
4394,65,Male,West,Standard,Monthly,63,109.76,512.62,Bank Transfer,Standard,0,1.0,3.4,17.0,1284.47,912.07,2026-06-22 19:48:51.399751,Low,Excellent
4395,61,Male,West,Premium,2 Year,15,40.04,760.99,Debit Card,Basic,1,5.7,2.4,13.0,1399.68,1536.61,2026-06-23 19:48:51.399755,Low,Excellent
4396,61,Male,North,Business,Monthly,23,36.92,2259.05,Credit Card,Basic,3,4.6,4.5,34.0,1585.82,925.81,2026-07-05 19:48:51.399758,Medium,Good
4397,69,Female,East,Business,1 Year,28,52.62,1184.05,Debit Card,Basic,3,4.0,4.3,24.0,2120.04,2770.46,2026-08-02 19:48:51.399761,Low,Good
4398,49,Male,Central,Basic,1 Year,11,80.33,2232.53,Debit Card,Standard,1,1.2,3.4,38.0,765.14,2085.51,2026-06-14 19:48:51.399765,Medium,Excellent
4399,23,Female,West,Business,Monthly,11,115.19,1090.88,Credit Card,Basic,1,3.8,4.6,47.0,1159.43,2912.08,2026-08-08 19:48:51.399768,Medium,Excellent
4400,72,Female,West,Standard,2 Year,27,68.54,2254.97,Debit Card,Standard,2,5.1,3.5,19.0,509.27,1805.22,2026-06-10 19:48:51.399772,Low,Good
4401,53,Female,South,Standard,Monthly,11,43.45,1561.87,Bank Transfer,Premium,1,2.0,3.9,32.0,1124.98,4119.72,2026-08-25 19:48:51.399775,Medium,Excellent
4402,55,Female,West,Standard,1 Year,20,36.52,1123.41,Bank Transfer,Basic,3,6.9,4.8,34.0,300.0,1944.54,2026-08-19 19:48:51.399779,Medium,Good
4403,28,Female,South,Standard,1 Year,17,50.44,2139.78,Credit Card,Standard,3,2.0,3.3,26.0,1113.52,1464.15,2026-07-20 19:48:51.399782,Low,Good
4404,50,Female,South,Standard,1 Year,17,70.73,796.32,Debit Card,Basic,3,1.0,5.0,30.0,2196.69,2898.44,2026-07-11 19:48:51.399786,Low,Good
4405,41,Male,East,Standard,Monthly,42,82.81,2816.58,Bank Transfer,Premium,3,33.1,2.9,26.0,1267.44,1373.33,2026-06-17 19:48:51.399789,Low,Good
4406,40,Male,North,Standard,1 Year,29,70.46,50.0,Cash,Basic,2,9.3,4.7,49.0,1555.4,924.37,2026-08-03 19:48:51.399793,Medium,Good
4407,32,Male,South,Premium,1 Year,77,47.0,855.58,Credit Card,Standard,4,7.2,3.9,12.0,851.51,816.47,2026-08-02 19:48:51.399796,Low,Needs Improvement
4408,44,Female,South,Basic,Monthly,37,32.3,1280.63,Bank Transfer,Premium,3,3.2,4.0,36.0,1770.99,1115.83,2026-07-06 19:48:51.399800,Medium,Good
4409,28,Female,East,Basic,1 Year,3,81.4,606.55,Credit Card,Premium,1,1.9,4.8,20.0,1420.39,575.25,2026-07-08 19:48:51.399803,Low,Excellent
4410,74,Female,South,Business,1 Year,32,51.23,1515.49,Credit Card,Standard,2,1.1,4.5,7.000000000000001,1176.55,1314.18,2026-07-19 19:48:51.399807,Low,Good
4411,68,Male,Central,Standard,1 Year,26,53.3,1103.53,Credit Card,Basic,0,1.0,2.5,41.0,2182.29,1740.71,2026-06-30 19:48:51.399810,Medium,Excellent
4412,67,Female,North,Basic,Monthly,24,39.65,1463.91,Debit Card,Standard,0,9.6,3.2,28.999999999999996,1151.15,1985.42,2026-08-24 19:48:51.399814,Low,Excellent
4413,34,Male,Central,Business,Monthly,15,26.15,488.71,Mobile Money,Standard,0,2.6,3.4,3.0,2196.36,1200.34,2026-07-09 19:48:51.399817,Low,Excellent
4414,68,Male,West,Basic,Monthly,1,106.12,387.09,Mobile Money,Basic,4,3.1,3.7,44.0,923.89,100.0,2026-06-24 19:48:51.399821,Medium,Needs Improvement
4415,70,Male,North,Premium,Monthly,72,48.53,1177.12,Debit Card,Premium,1,1.4,4.6,48.0,1995.47,1831.66,2026-05-30 19:48:51.399824,Medium,Excellent
4416,31,Male,West,Standard,2 Year,45,20.0,1783.27,Debit Card,Premium,2,1.0,2.0,24.0,2207.35,1563.15,2026-06-09 19:48:51.399828,Low,Good
4417,44,Female,South,Basic,Monthly,16,69.07,2674.76,Credit Card,Standard,1,5.5,4.5,26.0,429.2,348.19,2026-06-25 19:48:51.399831,Low,Excellent
4418,35,Male,East,Standard,Monthly,4,61.29,50.0,Debit Card,Standard,3,10.4,4.2,83.0,300.0,970.81,2026-08-13 19:48:51.399835,High,Good
4419,45,Male,Central,Standard,1 Year,41,20.0,1042.36,Credit Card,Basic,1,37.6,5.0,33.0,1934.29,1949.5,2026-08-24 19:48:51.399838,Medium,Excellent
4420,68,Female,West,Basic,Monthly,13,93.52,1554.3,Credit Card,Basic,3,3.3,2.4,56.99999999999999,1404.04,2141.87,2026-07-28 19:48:51.399842,Medium,Good
4421,64,Female,South,Basic,Monthly,11,81.56,1492.21,Credit Card,Standard,7,8.7,3.9,74.0,1837.93,100.0,2026-07-14 19:48:51.399845,High,Needs Improvement
4422,64,Female,Central,Standard,1 Year,26,86.06,223.3,Mobile Money,Basic,0,1.0,4.1,7.000000000000001,1034.96,2618.46,2026-07-25 19:48:51.399848,Low,Excellent
4423,21,Male,Central,Standard,1 Year,34,71.7,618.5,Credit Card,Premium,6,6.5,1.9,10.0,2372.58,2254.71,2026-06-29 19:48:51.399852,Low,Needs Improvement
4424,24,Female,West,Standard,1 Year,1,32.41,1188.95,Bank Transfer,Premium,1,5.8,3.2,30.0,1928.28,1791.01,2026-08-19 19:48:51.399855,Low,Excellent
4425,62,Female,South,Basic,1 Year,35,63.44,3346.72,Credit Card,Standard,0,1.0,2.6,41.0,1803.43,859.51,2026-08-06 19:48:51.399859,Medium,Excellent
4426,52,Male,East,Basic,Monthly,31,52.98,1954.48,Mobile Money,Premium,3,5.3,3.0,66.0,1101.32,2619.99,2026-07-01 19:48:51.399865,High,Good
4427,65,Female,West,Basic,2 Year,21,48.75,1480.34,Credit Card,Basic,0,5.5,5.0,21.0,1430.1,635.55,2026-08-15 19:48:51.399869,Low,Excellent
4428,26,Male,Central,Basic,Monthly,9,105.91,50.0,Credit Card,Premium,1,3.7,4.9,42.0,1970.27,1704.59,2026-08-02 19:48:51.399872,Medium,Excellent
4429,25,Male,Central,Premium,Monthly,4,40.22,146.05,Debit Card,Basic,1,6.8,3.6,1.0,1406.0,584.92,2026-08-05 19:48:51.399876,Low,Excellent
4430,69,Female,North,Basic,Monthly,2,53.42,216.9,Cash,Standard,1,1.0,5.0,56.99999999999999,1496.24,618.49,2026-08-05 19:48:51.399879,Medium,Excellent
4431,62,Female,South,Basic,Monthly,1,65.94,1486.41,Mobile Money,Standard,2,14.9,3.5,44.0,924.39,100.0,2026-07-11 19:48:51.399883,Medium,Good
4432,34,Male,North,Basic,Monthly,5,74.85,1091.03,Bank Transfer,Standard,1,5.9,2.5,21.0,1391.28,1793.43,2026-07-21 19:48:51.399886,Low,Excellent
4433,34,Female,East,Business,1 Year,12,107.31,691.84,Credit Card,Premium,3,1.0,4.5,14.000000000000002,1081.52,895.44,2026-05-30 19:48:51.399890,Low,Good
4434,66,Female,West,Basic,1 Year,6,60.91,1467.56,Credit Card,Basic,0,33.0,4.3,37.0,834.88,967.43,2026-06-05 19:48:51.399893,Medium,Excellent
4435,50,Female,Central,Premium,Monthly,8,72.27,50.0,Mobile Money,Standard,2,3.8,3.6,3.0,2307.59,1857.5,2026-06-19 19:48:51.399897,Low,Good
4436,49,Male,South,Business,1 Year,11,34.89,548.15,Mobile Money,Basic,2,34.6,3.5,67.0,1787.05,2840.67,2026-08-02 19:48:51.399900,High,Good
4437,25,Female,Central,Standard,1 Year,8,79.39,1147.29,Debit Card,Premium,4,1.6,3.7,23.0,985.38,1516.96,2026-08-18 19:48:51.399904,Low,Needs Improvement
4438,36,Male,North,Standard,Monthly,30,113.39,2695.37,Debit Card,Standard,0,1.0,4.4,19.0,2036.91,1324.49,2026-05-31 19:48:51.399907,Low,Excellent
4439,55,Female,North,Business,Monthly,16,54.32,1916.52,Bank Transfer,Basic,2,10.0,4.4,26.0,436.02,1380.99,2026-08-01 19:48:51.399911,Low,Good
4440,20,Male,West,Basic,Monthly,1,85.08,1544.83,Debit Card,Basic,1,23.3,4.6,30.0,436.85,1648.89,2026-08-19 19:48:51.399915,Low,Excellent
4441,22,Male,South,Standard,Monthly,6,29.74,879.41,Debit Card,Basic,2,1.0,3.5,19.0,1196.49,1732.87,2026-07-19 19:48:51.399918,Low,Good
4442,30,Female,South,Premium,1 Year,29,56.37,1185.47,Credit Card,Standard,1,10.6,3.6,5.0,2178.57,2469.56,2026-06-05 19:48:51.399922,Low,Excellent
4443,64,Male,West,Business,Monthly,8,57.63,2172.86,Credit Card,Standard,0,1.0,3.8,22.0,1943.98,685.07,2026-07-12 19:48:51.399925,Low,Excellent
4444,63,Male,North,Basic,Monthly,60,73.8,2660.59,Bank Transfer,Premium,5,12.6,2.8,19.0,654.98,184.38,2026-07-30 19:48:51.399929,Low,Needs Improvement
4445,48,Male,North,Business,Monthly,29,61.51,1008.03,Mobile Money,Standard,4,7.0,2.5,32.0,1462.44,878.36,2026-06-08 19:48:51.399932,Medium,Needs Improvement
4446,72,Female,North,Premium,2 Year,8,93.23,1560.49,Bank Transfer,Basic,1,12.2,5.0,1.0,2344.43,1132.09,2026-06-01 19:48:51.399936,Low,Excellent
4447,33,Male,Central,Standard,Monthly,17,52.16,1931.28,Bank Transfer,Premium,3,3.7,3.8,60.0,1380.81,278.47,2026-06-09 19:48:51.399940,Medium,Good
4448,67,Female,East,Standard,1 Year,26,83.27,1527.04,Cash,Premium,4,18.9,2.8,25.0,1827.74,2525.36,2026-08-04 19:48:51.399943,Low,Needs Improvement
4449,49,Male,North,Basic,Monthly,5,69.04,152.51,Debit Card,Basic,1,2.9,3.1,24.0,1951.45,2030.15,2026-07-31 19:48:51.399946,Low,Excellent
4450,39,Male,East,Basic,1 Year,6,38.03,604.02,Credit Card,Premium,1,2.7,3.2,28.999999999999996,2020.69,879.9,2026-06-06 19:48:51.399950,Low,Excellent
4451,46,Male,East,Basic,2 Year,16,20.0,1792.51,Credit Card,Standard,0,25.9,4.4,14.000000000000002,1550.56,1056.96,2026-07-09 19:48:51.399954,Low,Excellent
4452,39,Female,South,Business,Monthly,62,68.67,749.21,Cash,Standard,5,1.0,5.0,22.0,1805.88,100.0,2026-07-26 19:48:51.399957,Low,Needs Improvement
4453,60,Male,West,Standard,2 Year,10,47.89,2634.88,Bank Transfer,Standard,3,7.2,3.3,15.0,2560.24,100.0,2026-06-23 19:48:51.399961,Low,Good
4454,20,Male,Central,Standard,1 Year,12,71.88,953.92,Mobile Money,Standard,4,6.8,1.5,41.0,2185.69,850.68,2026-07-14 19:48:51.399964,Medium,Needs Improvement
4455,71,Female,East,Business,1 Year,5,33.49,132.91,Debit Card,Premium,0,2.2,4.2,30.0,1178.31,837.33,2026-08-09 19:48:51.399968,Low,Excellent
4456,27,Female,Central,Premium,1 Year,21,78.34,2027.69,Debit Card,Basic,2,3.1,2.0,3.0,924.98,388.09,2026-08-15 19:48:51.399971,Low,Good
4457,59,Male,South,Standard,Monthly,32,104.21,912.01,Credit Card,Basic,2,2.7,3.3,28.000000000000004,834.36,2529.58,2026-06-08 19:48:51.399975,Low,Good
4458,38,Male,North,Premium,Monthly,13,59.02,975.34,Mobile Money,Standard,2,15.0,5.0,18.0,1604.41,1231.86,2026-08-17 19:48:51.399978,Low,Good
4459,33,Female,East,Basic,2 Year,33,20.0,1894.33,Credit Card,Basic,2,3.9,2.1,71.0,387.47,844.27,2026-07-30 19:48:51.399982,High,Good
4460,29,Male,West,Basic,Monthly,8,63.61,407.65,Cash,Standard,2,3.6,3.0,11.0,986.03,973.27,2026-07-03 19:48:51.399985,Low,Good
4461,19,Male,South,Business,2 Year,29,47.19,1265.7,Credit Card,Premium,4,8.1,2.5,17.0,1558.59,1500.28,2026-08-23 19:48:51.399989,Low,Needs Improvement
4462,58,Female,Central,Business,1 Year,7,41.31,230.91,Credit Card,Standard,3,5.5,2.1,23.0,2139.69,271.57,2026-06-21 19:48:51.399992,Low,Good
4463,41,Female,North,Basic,Monthly,36,59.76,1260.75,Credit Card,Premium,2,4.4,3.1,27.0,2292.79,1941.17,2026-08-26 19:48:51.399996,Low,Good
4464,52,Female,Central,Standard,1 Year,42,89.92,50.0,Mobile Money,Standard,6,9.9,3.5,27.0,1080.51,1042.03,2026-07-24 19:48:51.399999,Low,Needs Improvement
4465,73,Male,West,Basic,2 Year,38,50.58,527.33,Credit Card,Basic,3,4.3,5.0,15.0,1894.07,1832.36,2026-08-21 19:48:51.400003,Low,Good
4466,47,Male,East,Standard,Monthly,5,82.44,1918.64,Debit Card,Premium,3,2.0,3.2,8.0,849.66,971.3,2026-08-02 19:48:51.400006,Low,Good
4467,74,Female,West,Basic,Monthly,28,59.61,2237.8,Credit Card,Basic,2,10.8,4.4,26.0,1995.86,2061.15,2026-06-17 19:48:51.400010,Low,Good
4468,47,Male,Central,Basic,1 Year,18,62.74,492.15,Credit Card,Premium,1,1.0,5.0,9.0,1767.1,2403.56,2026-07-02 19:48:51.400013,Low,Excellent
4469,64,Female,Central,Premium,2 Year,102,92.3,483.49,Debit Card,Standard,1,48.0,5.0,20.0,2255.62,1747.4,2026-07-10 19:48:51.400017,Low,Excellent
4470,52,Female,West,Business,1 Year,10,58.01,1281.89,Cash,Premium,2,7.3,3.1,34.0,2479.88,523.98,2026-06-29 19:48:51.400020,Medium,Good
4471,36,Male,West,Standard,Monthly,35,84.15,553.29,Mobile Money,Basic,5,1.9,5.0,17.0,712.12,100.0,2026-08-17 19:48:51.400024,Low,Needs Improvement
4472,67,Female,West,Basic,Monthly,11,59.32,1950.13,Credit Card,Premium,2,1.8,4.5,23.0,1139.04,100.0,2026-06-03 19:48:51.400028,Low,Good
4473,25,Female,North,Premium,2 Year,12,78.99,87.87,Mobile Money,Standard,0,2.6,5.0,12.0,1724.06,1778.95,2026-06-11 19:48:51.400031,Low,Excellent
4474,43,Female,Central,Standard,Monthly,2,58.36,698.36,Debit Card,Basic,2,16.9,2.5,13.0,1013.33,100.0,2026-06-05 19:48:51.400035,Low,Good
4475,66,Male,South,Business,1 Year,6,69.28,2649.85,Credit Card,Premium,2,14.0,3.4,50.0,1973.11,1466.06,2026-07-31 19:48:51.400038,Medium,Good
4476,57,Male,North,Basic,Monthly,4,71.43,1502.55,Bank Transfer,Premium,4,1.2,4.3,1.0,1383.75,1417.18,2026-08-19 19:48:51.400042,Low,Needs Improvement
4477,24,Female,North,Basic,Monthly,4,81.89,1667.54,Credit Card,Standard,0,7.3,2.0,50.0,2300.68,1357.86,2026-07-25 19:48:51.400045,Medium,Excellent
4478,47,Male,North,Standard,Monthly,1,77.0,1047.85,Mobile Money,Standard,2,19.3,3.0,39.0,1264.35,767.32,2026-07-08 19:48:51.400049,Medium,Good
4479,24,Female,South,Business,Monthly,37,43.89,50.0,Bank Transfer,Standard,2,10.6,2.3,18.0,1494.7,585.26,2026-06-23 19:48:51.400052,Low,Good
4480,20,Male,West,Premium,1 Year,15,110.5,2439.11,Credit Card,Standard,1,7.1,3.3,51.0,1768.09,2225.45,2026-08-05 19:48:51.400056,Medium,Excellent
4481,18,Female,Central,Standard,Monthly,39,65.65,1356.11,Bank Transfer,Premium,3,1.9,3.5,9.0,300.0,1274.95,2026-06-09 19:48:51.400059,Low,Good
4482,53,Male,East,Standard,Monthly,22,87.89,1959.29,Debit Card,Standard,2,23.0,5.0,42.0,1743.92,2340.0,2026-08-13 19:48:51.400063,Medium,Good
4483,42,Female,East,Business,Monthly,42,20.0,980.93,Debit Card,Basic,3,17.8,4.1,1.0,813.74,1639.55,2026-07-01 19:48:51.400066,Low,Good
4484,54,Male,Central,Basic,2 Year,16,85.08,1179.5,Debit Card,Basic,0,3.1,2.1,11.0,1473.89,1331.76,2026-08-16 19:48:51.400070,Low,Excellent
4485,18,Male,South,Standard,1 Year,2,84.13,880.02,Debit Card,Standard,2,5.5,4.0,45.0,931.49,1061.34,2026-06-21 19:48:51.400074,Medium,Good
4486,32,Male,East,Basic,Monthly,23,70.85,1364.67,Bank Transfer,Standard,0,1.0,1.0,45.0,601.83,960.86,2026-06-18 19:48:51.400077,Medium,Excellent
4487,54,Female,North,Business,Monthly,27,20.0,823.43,Bank Transfer,Standard,0,8.0,4.7,38.0,1183.05,1360.51,2026-07-11 19:48:51.400080,Medium,Excellent
4488,30,Male,East,Premium,1 Year,23,46.95,510.18,Cash,Basic,0,1.0,4.8,31.0,1725.49,1310.36,2026-07-08 19:48:51.400084,Medium,Excellent
4489,57,Female,Central,Standard,2 Year,38,39.41,1041.47,Credit Card,Basic,3,18.9,2.1,24.0,1821.21,1877.76,2026-08-24 19:48:51.400087,Low,Good
4490,25,Female,North,Standard,Monthly,31,94.07,1622.26,Bank Transfer,Standard,3,17.0,4.3,33.0,878.36,1344.83,2026-06-26 19:48:51.400091,Medium,Good
4491,22,Male,East,Standard,Monthly,13,34.92,2130.93,Mobile Money,Basic,1,2.6,3.5,9.0,481.31,2846.82,2026-07-31 19:48:51.400095,Low,Excellent
4492,26,Female,Central,Basic,1 Year,41,78.85,122.03,Credit Card,Basic,0,10.8,2.9,39.0,924.72,2556.59,2026-06-15 19:48:51.400098,Medium,Excellent
4493,18,Male,South,Standard,1 Year,28,57.76,1909.35,Cash,Premium,1,4.6,5.0,28.999999999999996,994.8,1345.59,2026-06-28 19:48:51.400101,Low,Excellent
4494,53,Female,Central,Business,1 Year,3,92.07,641.39,Credit Card,Standard,0,14.9,3.2,48.0,1124.74,1235.37,2026-07-12 19:48:51.400105,Medium,Excellent
4495,52,Female,South,Basic,Monthly,18,70.72,393.83,Mobile Money,Standard,2,1.0,4.2,8.0,1190.57,1404.58,2026-08-11 19:48:51.400108,Low,Good
4496,19,Male,North,Standard,Monthly,31,48.86,437.76,Bank Transfer,Standard,0,5.6,3.4,18.0,2163.98,100.0,2026-07-16 19:48:51.400112,Low,Excellent
4497,57,Male,Central,Business,Monthly,19,45.64,3283.1,Bank Transfer,Standard,6,4.1,5.0,24.0,764.93,1592.63,2026-07-08 19:48:51.400115,Low,Needs Improvement
4498,40,Male,West,Premium,Monthly,71,53.96,1795.5,Mobile Money,Basic,3,2.4,3.5,11.0,1936.25,371.6,2026-08-02 19:48:51.400119,Low,Good
4499,26,Female,West,Basic,2 Year,2,20.0,278.8,Cash,Premium,4,1.9,3.0,11.0,773.95,260.59,2026-06-25 19:48:51.400122,Low,Needs Improvement
4500,51,Male,West,Basic,Monthly,30,109.26,758.05,Cash,Basic,3,9.0,3.8,59.0,969.17,1610.24,2026-05-30 19:48:51.400126,Medium,Good
4501,63,Female,West,Premium,1 Year,41,97.85,114.19,Bank Transfer,Standard,2,1.8,2.2,41.0,2106.51,2130.72,2026-08-21 19:48:51.400129,Medium,Good
4502,31,Male,West,Standard,1 Year,29,66.7,140.8,Debit Card,Standard,2,8.0,5.0,18.0,1462.79,1279.73,2026-08-21 19:48:51.400133,Low,Good
4503,21,Female,South,Basic,Monthly,11,88.49,110.72,Mobile Money,Basic,0,4.0,5.0,28.000000000000004,1272.48,3812.25,2026-06-01 19:48:51.400136,Low,Excellent
4504,47,Male,Central,Basic,2 Year,11,64.09,366.19,Bank Transfer,Premium,0,2.2,3.5,45.0,1145.24,1789.86,2026-08-25 19:48:51.400140,Medium,Excellent
4505,48,Female,North,Standard,1 Year,21,75.91,1812.68,Debit Card,Basic,2,12.2,2.9,10.0,993.01,1660.87,2026-06-13 19:48:51.400143,Low,Good
4506,55,Female,West,Basic,2 Year,12,89.67,2052.55,Cash,Basic,2,3.6,3.2,28.000000000000004,1857.38,1366.19,2026-07-26 19:48:51.400147,Low,Good
4507,28,Female,West,Standard,Monthly,51,59.04,462.67,Bank Transfer,Standard,4,1.0,2.4,32.0,1499.85,1123.97,2026-07-12 19:48:51.400151,Medium,Needs Improvement
4508,52,Male,North,Business,Monthly,2,84.35,869.35,Debit Card,Premium,0,15.2,3.1,68.0,907.91,1446.51,2026-08-16 19:48:51.400154,High,Excellent
4509,25,Male,North,Premium,Monthly,24,20.08,1870.88,Debit Card,Basic,0,3.0,3.1,23.0,1944.15,2580.13,2026-08-06 19:48:51.400157,Low,Excellent
4510,20,Male,West,Business,Monthly,3,70.36,1229.28,Cash,Standard,4,13.8,2.4,48.0,1182.17,1107.91,2026-08-15 19:48:51.400161,Medium,Needs Improvement
4511,31,Female,South,Standard,Monthly,18,64.64,1478.62,Debit Card,Basic,4,6.3,5.0,16.0,2155.35,850.59,2026-08-22 19:48:51.400165,Low,Needs Improvement
4512,30,Male,North,Basic,2 Year,30,56.5,785.48,Credit Card,Standard,2,17.1,3.7,62.0,1137.9,100.0,2026-07-08 19:48:51.400168,High,Good
4513,62,Female,Central,Business,Monthly,4,59.83,2424.73,Debit Card,Standard,1,4.3,4.4,11.0,910.61,2265.24,2026-07-15 19:48:51.400172,Low,Excellent
4514,49,Male,Central,Standard,2 Year,29,58.95,2573.89,Mobile Money,Basic,0,1.5,3.4,23.0,1129.75,2731.75,2026-08-26 19:48:51.400175,Low,Excellent
4515,51,Female,South,Premium,Monthly,3,92.7,1778.3,Bank Transfer,Basic,3,1.0,2.5,40.0,2073.89,3019.43,2026-07-26 19:48:51.400178,Medium,Good
4516,62,Female,East,Basic,1 Year,23,63.54,719.77,Mobile Money,Basic,2,12.1,3.2,53.0,1554.13,1420.8,2026-07-01 19:48:51.400182,Medium,Good
4517,36,Female,South,Basic,Monthly,16,135.53,146.41,Credit Card,Premium,0,12.1,3.0,6.0,1361.16,1136.4,2026-08-24 19:48:51.400186,Low,Excellent
4518,55,Male,West,Business,Monthly,8,41.51,2596.24,Bank Transfer,Premium,4,1.7,4.9,34.0,972.79,2375.12,2026-07-12 19:48:51.400189,Medium,Needs Improvement
4519,33,Male,East,Standard,2 Year,2,78.87,1461.44,Credit Card,Standard,1,24.9,5.0,26.0,3573.4,1385.61,2026-06-21 19:48:51.400192,Low,Excellent
4520,19,Male,West,Premium,Monthly,31,87.37,1294.96,Bank Transfer,Premium,2,23.8,2.3,63.0,1651.7,626.11,2026-07-03 19:48:51.400196,High,Good
4521,57,Male,Central,Standard,1 Year,11,55.26,1769.59,Debit Card,Standard,0,3.6,3.6,50.0,2356.95,2190.93,2026-06-22 19:48:51.400200,Medium,Excellent
4522,34,Female,North,Premium,1 Year,2,34.66,1221.84,Cash,Standard,1,1.3,3.8,14.000000000000002,1905.49,100.0,2026-06-09 19:48:51.400203,Low,Excellent
4523,72,Female,West,Standard,2 Year,35,53.71,987.94,Credit Card,Standard,2,2.7,3.1,17.0,847.71,3032.57,2026-07-05 19:48:51.400207,Low,Good
4524,51,Female,Central,Basic,1 Year,6,31.97,2972.96,Credit Card,Premium,3,21.2,3.3,23.0,1910.65,210.59,2026-06-15 19:48:51.400210,Low,Good
4525,59,Male,South,Standard,Monthly,32,44.41,2145.23,Credit Card,Basic,2,7.5,3.8,79.0,1402.24,2332.99,2026-07-07 19:48:51.400214,High,Good
4526,33,Female,West,Business,1 Year,19,74.68,2528.98,Credit Card,Basic,2,19.7,2.3,27.0,1538.69,100.0,2026-08-11 19:48:51.400218,Low,Good
4527,55,Female,Central,Standard,Monthly,5,129.75,2465.13,Credit Card,Premium,1,1.0,4.0,30.0,1983.09,1580.2,2026-06-04 19:48:51.400221,Low,Excellent
4528,19,Female,North,Standard,Monthly,1,108.39,50.0,Mobile Money,Premium,0,37.6,4.2,14.000000000000002,2007.8,151.32,2026-06-25 19:48:51.400224,Low,Excellent
4529,19,Male,West,Standard,Monthly,21,49.8,1865.66,Debit Card,Basic,3,7.9,2.3,22.0,684.39,1176.89,2026-07-03 19:48:51.400228,Low,Good
4530,43,Male,Central,Premium,Monthly,1,88.64,1599.25,Mobile Money,Standard,4,1.6,5.0,56.99999999999999,1186.71,1689.66,2026-08-09 19:48:51.400231,Medium,Needs Improvement
4531,30,Male,West,Basic,Monthly,1,55.91,707.74,Credit Card,Basic,4,5.7,3.7,28.999999999999996,2208.49,856.13,2026-06-06 19:48:51.400235,Low,Needs Improvement
4532,73,Female,North,Standard,2 Year,29,43.25,3552.84,Mobile Money,Basic,0,13.7,5.0,39.0,662.85,1651.01,2026-05-30 19:48:51.400239,Medium,Excellent
4533,64,Female,West,Business,1 Year,18,62.93,1322.66,Credit Card,Basic,3,1.2,4.0,6.0,1699.31,2427.57,2026-07-15 19:48:51.400242,Low,Good
4534,48,Male,West,Premium,2 Year,9,20.0,787.31,Cash,Standard,1,7.5,3.8,18.0,1428.97,1085.27,2026-08-27 19:48:51.400245,Low,Excellent
4535,51,Male,Central,Basic,Monthly,18,22.98,1090.2,Bank Transfer,Basic,2,9.5,5.0,17.0,672.55,1469.02,2026-06-15 19:48:51.400249,Low,Good
4536,56,Female,East,Business,1 Year,21,87.83,1695.74,Debit Card,Basic,2,4.3,4.1,16.0,998.58,3056.78,2026-07-02 19:48:51.400252,Low,Good
4537,20,Female,West,Basic,Monthly,19,99.1,1557.6,Bank Transfer,Basic,1,6.2,2.3,9.0,1755.45,1443.61,2026-08-05 19:48:51.400256,Low,Excellent
4538,25,Male,East,Standard,Monthly,24,20.0,778.91,Cash,Basic,1,14.5,3.9,15.0,1078.65,1920.33,2026-06-10 19:48:51.400259,Low,Excellent
4539,40,Female,South,Standard,2 Year,67,101.43,1872.28,Bank Transfer,Basic,2,24.3,4.3,16.0,2035.33,956.57,2026-07-19 19:48:51.400263,Low,Good
4540,31,Female,West,Basic,2 Year,11,93.97,1226.83,Credit Card,Basic,1,6.5,3.0,15.0,1105.17,2938.42,2026-06-24 19:48:51.400266,Low,Excellent
4541,73,Female,East,Premium,Monthly,8,56.28,999.02,Bank Transfer,Premium,3,9.7,5.0,34.0,1801.11,1411.21,2026-07-21 19:48:51.400270,Medium,Good
4542,72,Male,South,Business,2 Year,1,76.37,1033.53,Mobile Money,Standard,3,3.1,3.5,15.0,379.63,1167.26,2026-08-08 19:48:51.400273,Low,Good
4543,44,Female,Central,Business,1 Year,3,110.43,267.56,Cash,Premium,1,3.3,4.0,60.0,1278.41,1108.08,2026-07-08 19:48:51.400277,Medium,Excellent
4544,71,Female,West,Basic,2 Year,2,95.65,426.86,Bank Transfer,Standard,3,17.5,3.7,16.0,1156.08,452.78,2026-06-05 19:48:51.400280,Low,Good
4545,46,Male,Central,Standard,1 Year,9,77.35,357.53,Credit Card,Basic,2,1.0,4.9,38.0,1493.02,100.0,2026-08-05 19:48:51.400284,Medium,Good
4546,56,Female,South,Standard,2 Year,22,49.16,50.0,Mobile Money,Basic,4,1.8,4.8,13.0,2347.23,100.0,2026-06-08 19:48:51.400287,Low,Needs Improvement
4547,70,Female,Central,Business,2 Year,1,54.75,1473.59,Cash,Premium,1,2.5,3.6,28.999999999999996,1715.36,1264.78,2026-07-13 19:48:51.400291,Low,Excellent
4548,56,Female,Central,Standard,Monthly,31,82.48,385.75,Debit Card,Basic,2,1.0,2.8,4.0,1034.64,633.72,2026-08-23 19:48:51.400294,Low,Good
4549,18,Male,North,Business,Monthly,12,78.55,869.72,Debit Card,Premium,3,8.8,2.3,21.0,976.91,2044.63,2026-07-23 19:48:51.400298,Low,Good
4550,34,Female,South,Business,Monthly,79,94.05,958.51,Bank Transfer,Standard,1,18.9,3.3,18.0,1041.13,1773.97,2026-07-15 19:48:51.400301,Low,Excellent
4551,58,Female,Central,Business,1 Year,20,28.88,410.85,Credit Card,Premium,6,1.0,3.9,55.00000000000001,2360.58,100.0,2026-07-08 19:48:51.400305,Medium,Needs Improvement
4552,47,Male,East,Standard,2 Year,35,76.12,907.87,Cash,Premium,2,2.3,3.6,13.0,712.26,2246.86,2026-06-02 19:48:51.400308,Low,Good
4553,70,Female,South,Standard,1 Year,47,82.98,1263.86,Mobile Money,Premium,5,20.3,3.5,23.0,2552.57,1856.68,2026-07-27 19:48:51.400312,Low,Needs Improvement
4554,30,Female,North,Standard,1 Year,52,58.95,643.69,Credit Card,Basic,1,5.0,2.8,49.0,379.95,1379.37,2026-08-06 19:48:51.400315,Medium,Excellent
4555,38,Female,West,Standard,Monthly,17,124.55,466.95,Cash,Basic,3,17.3,2.0,27.0,984.71,3061.98,2026-07-08 19:48:51.400319,Low,Good
4556,36,Male,Central,Basic,Monthly,12,43.38,712.07,Cash,Basic,3,23.1,3.7,39.0,2455.6,1840.85,2026-06-11 19:48:51.400323,Medium,Good
4557,70,Female,East,Basic,Monthly,19,63.59,1961.29,Debit Card,Standard,5,37.6,2.5,15.0,2303.88,1931.52,2026-07-23 19:48:51.400326,Low,Needs Improvement
4558,36,Male,North,Standard,1 Year,12,83.27,745.81,Bank Transfer,Standard,1,4.0,3.8,19.0,1406.54,1041.43,2026-06-14 19:48:51.400330,Low,Excellent
4559,74,Male,South,Basic,Monthly,6,86.59,1334.28,Credit Card,Basic,2,3.4,4.1,6.0,2392.74,1772.1,2026-06-12 19:48:51.400333,Low,Good
4560,42,Female,Central,Basic,Monthly,9,58.87,799.46,Credit Card,Standard,1,11.0,5.0,36.0,2096.97,771.7,2026-06-15 19:48:51.400337,Medium,Excellent
4561,39,Male,North,Standard,Monthly,6,58.82,1114.8,Debit Card,Basic,3,7.2,3.2,48.0,1524.16,1932.84,2026-08-18 19:48:51.400340,Medium,Good
4562,48,Female,North,Standard,Monthly,7,82.47,1878.06,Credit Card,Standard,1,8.6,2.2,36.0,1414.67,1753.6,2026-08-24 19:48:51.400344,Medium,Excellent
4563,34,Male,East,Premium,Monthly,2,76.61,481.79,Mobile Money,Standard,1,6.1,3.4,13.0,1054.0,2181.45,2026-06-14 19:48:51.400347,Low,Excellent
4564,72,Male,West,Basic,Monthly,13,67.3,2982.47,Cash,Premium,0,5.8,3.9,50.0,1626.92,1278.76,2026-06-07 19:48:51.400351,Medium,Excellent
4565,40,Male,West,Business,2 Year,6,20.0,1485.73,Credit Card,Standard,0,3.0,5.0,18.0,942.8,1535.78,2026-07-03 19:48:51.400354,Low,Excellent
4566,49,Female,West,Premium,Monthly,14,68.69,1363.15,Credit Card,Premium,1,7.2,5.0,13.0,1294.5,1263.88,2026-06-07 19:48:51.400358,Low,Excellent
4567,27,Female,South,Standard,2 Year,37,105.38,360.9,Credit Card,Premium,1,2.5,3.5,16.0,1952.17,870.17,2026-08-27 19:48:51.400361,Low,Excellent
4568,27,Female,North,Basic,Monthly,14,79.74,1720.22,Cash,Standard,2,3.5,3.4,23.0,578.36,2298.2,2026-06-11 19:48:51.400365,Low,Good
4569,53,Male,South,Standard,2 Year,74,45.61,2530.97,Mobile Money,Basic,4,8.0,2.3,23.0,2254.69,923.75,2026-07-29 19:48:51.400368,Low,Needs Improvement
4570,25,Male,North,Basic,1 Year,3,28.53,595.61,Bank Transfer,Basic,4,8.1,3.2,24.0,1709.49,2310.82,2026-06-15 19:48:51.400372,Low,Needs Improvement
4571,71,Female,East,Basic,2 Year,45,88.97,396.84,Mobile Money,Premium,2,6.9,4.3,49.0,2286.57,1587.63,2026-07-10 19:48:51.400375,Medium,Good
4572,69,Male,East,Standard,2 Year,6,53.51,1237.61,Credit Card,Standard,7,9.0,5.0,40.0,701.92,2203.36,2026-07-28 19:48:51.400379,Medium,Needs Improvement
4573,37,Male,South,Standard,1 Year,65,98.38,391.84,Credit Card,Basic,2,4.2,4.5,30.0,1628.89,140.59,2026-07-10 19:48:51.400382,Low,Good
4574,49,Female,South,Standard,2 Year,6,97.81,839.02,Debit Card,Basic,3,7.2,3.0,35.0,1196.38,1670.68,2026-06-29 19:48:51.400386,Medium,Good
4575,67,Male,East,Basic,1 Year,32,61.28,1869.25,Bank Transfer,Basic,1,1.0,2.1,28.999999999999996,715.54,2929.8,2026-08-15 19:48:51.400389,Low,Excellent
4576,31,Female,Central,Basic,1 Year,1,73.13,2614.99,Bank Transfer,Basic,1,5.3,4.0,31.0,787.7,580.46,2026-07-04 19:48:51.400393,Medium,Excellent
4577,67,Female,West,Basic,Monthly,23,76.25,1904.49,Credit Card,Basic,2,7.1,3.3,24.0,1754.11,1018.33,2026-06-17 19:48:51.400396,Low,Good
4578,45,Male,West,Business,2 Year,5,35.0,511.77,Debit Card,Standard,2,4.4,4.4,23.0,1022.87,1232.17,2026-07-26 19:48:51.400400,Low,Good
4579,63,Male,East,Business,2 Year,26,107.66,979.01,Bank Transfer,Basic,6,1.0,2.8,4.0,1921.62,1727.5,2026-06-01 19:48:51.400403,Low,Needs Improvement
4580,69,Male,West,Premium,Monthly,24,77.48,920.66,Debit Card,Premium,2,9.7,5.0,23.0,1312.3,1022.29,2026-08-15 19:48:51.400407,Low,Good
4581,70,Female,Central,Standard,1 Year,61,68.83,1280.05,Credit Card,Standard,1,4.9,3.2,20.0,2249.21,1882.95,2026-06-02 19:48:51.400410,Low,Excellent
4582,41,Female,Central,Basic,2 Year,23,89.66,1907.25,Credit Card,Premium,2,1.4,5.0,20.0,300.0,2379.89,2026-07-31 19:48:51.400414,Low,Good
4583,32,Male,North,Business,1 Year,12,72.63,559.31,Credit Card,Basic,1,28.8,4.6,56.00000000000001,1158.72,2502.97,2026-06-16 19:48:51.400417,Medium,Excellent
4584,39,Male,South,Premium,2 Year,5,37.81,2950.41,Bank Transfer,Standard,1,22.8,4.4,26.0,1885.16,1107.05,2026-06-20 19:48:51.400421,Low,Excellent
4585,47,Female,West,Premium,Monthly,25,44.86,367.45,Credit Card,Basic,2,1.4,2.5,82.0,743.35,1397.17,2026-07-11 19:48:51.400424,High,Good
4586,21,Female,Central,Standard,Monthly,2,20.0,535.51,Mobile Money,Premium,1,9.8,2.2,12.0,1239.53,2758.29,2026-06-07 19:48:51.400428,Low,Excellent
4587,30,Male,South,Business,1 Year,42,66.65,559.74,Credit Card,Basic,3,5.8,3.6,15.0,1401.1,100.0,2026-06-21 19:48:51.400431,Low,Good
4588,40,Male,South,Business,Monthly,6,78.81,3168.12,Bank Transfer,Premium,1,2.7,2.3,35.0,2064.76,1183.43,2026-08-26 19:48:51.400435,Medium,Excellent
4589,25,Male,North,Basic,Monthly,17,60.31,2507.26,Cash,Premium,1,9.2,4.9,34.0,954.52,1787.44,2026-08-15 19:48:51.400438,Medium,Excellent
4590,35,Female,South,Standard,1 Year,21,36.11,547.89,Credit Card,Standard,2,4.8,4.9,40.0,2020.98,305.01,2026-06-01 19:48:51.400442,Medium,Good
4591,29,Female,South,Standard,Monthly,10,52.62,831.41,Debit Card,Basic,0,18.3,4.2,45.0,714.16,1115.11,2026-07-17 19:48:51.400445,Medium,Excellent
4592,72,Male,East,Standard,Monthly,26,55.78,1123.74,Debit Card,Standard,1,9.7,3.0,9.0,1785.83,1826.2,2026-08-10 19:48:51.400449,Low,Excellent
4593,48,Female,North,Basic,Monthly,6,86.68,814.66,Debit Card,Standard,1,5.7,4.9,34.0,953.51,1255.93,2026-06-12 19:48:51.400452,Medium,Excellent
4594,31,Male,North,Business,1 Year,1,100.8,1920.76,Bank Transfer,Standard,3,4.8,3.7,25.0,1312.84,2501.28,2026-08-14 19:48:51.400455,Low,Good
4595,51,Male,West,Basic,Monthly,76,20.0,1592.2,Credit Card,Basic,4,1.0,2.8,28.999999999999996,1387.2,1248.38,2026-06-06 19:48:51.400459,Low,Needs Improvement
4596,35,Male,South,Standard,Monthly,9,63.03,1362.03,Credit Card,Premium,2,1.4,3.5,20.0,1969.18,1038.0,2026-07-18 19:48:51.400462,Low,Good
4597,73,Female,West,Business,1 Year,29,49.9,1855.94,Cash,Basic,2,1.0,3.7,10.0,2516.66,1361.77,2026-08-15 19:48:51.400466,Low,Good
4598,51,Female,Central,Premium,Monthly,16,58.48,1551.14,Bank Transfer,Standard,3,1.0,4.3,26.0,1754.37,1635.37,2026-06-15 19:48:51.400470,Low,Good
4599,28,Female,South,Premium,2 Year,26,86.05,1738.32,Credit Card,Basic,2,1.0,5.0,17.0,1454.91,100.0,2026-06-21 19:48:51.400473,Low,Good
4600,58,Male,Central,Basic,Monthly,2,52.51,1338.51,Debit Card,Premium,2,1.0,1.7,33.0,1878.24,1856.22,2026-06-25 19:48:51.400476,Medium,Good
4601,29,Male,East,Standard,2 Year,17,82.11,2577.42,Credit Card,Standard,2,12.5,5.0,28.999999999999996,1249.42,223.09,2026-06-05 19:48:51.400480,Low,Good
4602,66,Male,South,Standard,Monthly,11,114.78,1305.31,Credit Card,Standard,0,5.2,4.0,48.0,1728.57,1389.71,2026-07-16 19:48:51.400483,Medium,Excellent
4603,32,Female,West,Business,2 Year,14,53.74,1081.22,Credit Card,Basic,2,11.1,4.2,26.0,3169.74,100.0,2026-07-16 19:48:51.400487,Low,Good
4604,74,Male,West,Basic,Monthly,81,59.57,1838.15,Mobile Money,Premium,1,1.5,4.4,11.0,1570.92,2282.99,2026-06-11 19:48:51.400491,Low,Excellent
4605,48,Female,South,Basic,Monthly,3,59.01,1654.46,Debit Card,Basic,2,14.7,4.1,42.0,1891.24,100.0,2026-08-25 19:48:51.400494,Medium,Good
4606,66,Male,West,Standard,2 Year,33,124.67,1183.65,Mobile Money,Standard,2,1.0,4.6,11.0,300.0,2363.7,2026-08-05 19:48:51.400497,Low,Good
4607,46,Male,South,Standard,Monthly,9,52.5,50.0,Debit Card,Premium,3,3.1,5.0,30.0,1664.3,1826.46,2026-07-02 19:48:51.400501,Low,Good
4608,43,Male,North,Basic,1 Year,8,101.75,2327.83,Mobile Money,Basic,0,3.7,5.0,9.0,1140.71,1678.1,2026-07-01 19:48:51.400505,Low,Excellent
4609,35,Male,West,Basic,Monthly,7,64.1,2193.93,Credit Card,Standard,5,2.2,3.7,13.0,1492.37,2650.65,2026-07-03 19:48:51.400508,Low,Needs Improvement
4610,49,Male,South,Standard,1 Year,10,69.26,519.86,Bank Transfer,Basic,4,1.2,5.0,55.00000000000001,1157.1,312.91,2026-06-24 19:48:51.400512,Medium,Needs Improvement
4611,39,Male,South,Premium,2 Year,10,85.71,1532.65,Debit Card,Standard,0,7.9,4.7,12.0,1246.54,1080.02,2026-06-14 19:48:51.400515,Low,Excellent
4612,55,Female,West,Basic,2 Year,7,55.68,781.89,Credit Card,Standard,1,1.0,2.4,15.0,844.73,2264.36,2026-07-06 19:48:51.400518,Low,Excellent
4613,34,Female,North,Business,Monthly,26,89.56,1622.67,Mobile Money,Premium,4,12.5,2.3,31.0,1407.67,3468.18,2026-08-18 19:48:51.400522,Medium,Needs Improvement
4614,40,Male,West,Premium,Monthly,1,58.08,2092.45,Credit Card,Basic,0,1.0,3.7,19.0,1041.35,1918.05,2026-07-17 19:48:51.400526,Low,Excellent
4615,41,Male,South,Basic,2 Year,9,38.29,1095.72,Cash,Basic,0,26.6,5.0,23.0,1935.11,826.79,2026-05-31 19:48:51.400529,Low,Excellent
4616,67,Male,North,Standard,2 Year,7,90.42,1769.26,Mobile Money,Premium,1,16.2,3.9,44.0,491.33,1369.96,2026-06-02 19:48:51.400532,Medium,Excellent
4617,25,Male,Central,Basic,Monthly,33,80.26,72.65,Debit Card,Premium,2,4.3,5.0,5.0,2069.4,2695.09,2026-08-12 19:48:51.400536,Low,Good
4618,58,Male,East,Standard,1 Year,3,50.35,511.69,Cash,Basic,5,1.2,4.9,32.0,804.46,2417.11,2026-08-24 19:48:51.400539,Medium,Needs Improvement
4619,23,Female,West,Basic,Monthly,67,93.82,1920.79,Credit Card,Basic,2,16.4,4.4,31.0,2211.72,100.0,2026-06-11 19:48:51.400543,Medium,Good
4620,22,Male,South,Standard,2 Year,4,40.39,688.82,Debit Card,Standard,1,8.3,3.5,13.0,1168.01,1598.08,2026-07-10 19:48:51.400547,Low,Excellent
4621,61,Male,North,Basic,Monthly,11,75.57,538.44,Mobile Money,Standard,3,5.6,3.2,4.0,300.0,2122.14,2026-06-21 19:48:51.400550,Low,Good
4622,74,Male,North,Business,1 Year,5,22.68,619.92,Cash,Basic,1,3.1,3.3,12.0,829.29,1438.25,2026-07-02 19:48:51.400553,Low,Excellent
4623,46,Male,Central,Premium,1 Year,8,55.27,337.33,Credit Card,Premium,5,6.6,4.7,32.0,1094.41,634.99,2026-07-20 19:48:51.400557,Medium,Needs Improvement
4624,45,Female,West,Standard,2 Year,34,43.94,2003.74,Bank Transfer,Standard,2,4.3,3.9,42.0,2546.31,3189.06,2026-07-28 19:48:51.400560,Medium,Good
4625,28,Male,North,Basic,2 Year,15,33.52,2062.8,Debit Card,Basic,1,5.0,3.9,33.0,958.12,1175.85,2026-07-24 19:48:51.400564,Medium,Excellent
4626,74,Male,Central,Business,Monthly,4,65.61,591.56,Mobile Money,Standard,1,14.9,3.0,17.0,2012.1,2645.92,2026-07-10 19:48:51.400567,Low,Excellent
4627,18,Female,South,Standard,1 Year,1,73.3,314.33,Credit Card,Standard,4,24.4,5.0,19.0,1056.32,924.95,2026-05-31 19:48:51.400571,Low,Needs Improvement
4628,60,Male,Central,Business,2 Year,6,80.37,1124.94,Debit Card,Standard,2,26.3,4.8,24.0,1094.76,1408.09,2026-07-01 19:48:51.400574,Low,Good
4629,36,Female,West,Premium,1 Year,69,65.04,263.94,Credit Card,Premium,1,19.1,5.0,33.0,1736.02,1434.91,2026-07-31 19:48:51.400578,Medium,Excellent
4630,26,Female,Central,Standard,1 Year,44,75.77,1764.65,Debit Card,Basic,3,13.0,4.0,3.0,1810.21,2243.85,2026-08-10 19:48:51.400581,Low,Good
4631,44,Male,North,Basic,1 Year,13,36.92,1208.18,Bank Transfer,Standard,0,4.8,5.0,65.0,1253.64,1155.07,2026-08-05 19:48:51.400585,High,Excellent
4632,51,Female,North,Business,Monthly,15,42.99,909.63,Debit Card,Premium,0,1.0,3.4,23.0,1613.96,1526.74,2026-07-04 19:48:51.400588,Low,Excellent
4633,61,Male,East,Standard,1 Year,55,64.55,2017.18,Bank Transfer,Standard,3,8.0,2.1,65.0,554.35,100.0,2026-07-27 19:48:51.400592,High,Good
4634,21,Female,Central,Basic,Monthly,21,43.1,445.29,Bank Transfer,Standard,5,4.1,2.8,22.0,2193.09,1098.28,2026-08-26 19:48:51.400595,Low,Needs Improvement
4635,53,Male,South,Standard,Monthly,51,65.14,858.72,Credit Card,Premium,3,9.3,4.8,61.0,474.12,100.0,2026-06-26 19:48:51.400599,High,Good
4636,35,Male,West,Standard,2 Year,16,48.75,242.49,Debit Card,Basic,2,2.0,2.3,43.0,1157.45,1206.84,2026-07-25 19:48:51.400602,Medium,Good
4637,32,Female,East,Business,Monthly,5,61.04,96.7,Credit Card,Basic,2,11.6,3.6,43.0,1546.16,1153.13,2026-08-23 19:48:51.400606,Medium,Good
4638,68,Female,Central,Standard,Monthly,31,23.39,474.78,Debit Card,Premium,2,1.5,4.2,28.999999999999996,1979.26,1961.52,2026-08-18 19:48:51.400609,Low,Good
4639,30,Female,South,Standard,Monthly,17,22.2,552.22,Debit Card,Standard,3,13.2,4.8,76.0,881.21,1500.58,2026-07-16 19:48:51.400613,High,Good
4640,36,Female,East,Standard,Monthly,26,47.07,478.43,Credit Card,Premium,1,19.4,2.6,23.0,562.75,3145.82,2026-07-05 19:48:51.400616,Low,Excellent
4641,66,Male,North,Basic,2 Year,4,31.83,1126.84,Debit Card,Basic,2,18.4,4.8,66.0,1981.06,2631.61,2026-07-08 19:48:51.400620,High,Good
4642,23,Male,West,Standard,1 Year,25,20.0,1120.34,Bank Transfer,Basic,1,3.4,3.5,68.0,1664.9,2756.43,2026-07-21 19:48:51.400624,High,Excellent
4643,65,Male,Central,Premium,Monthly,11,77.06,50.0,Debit Card,Premium,2,4.0,4.9,23.0,1812.55,2702.3,2026-08-12 19:48:51.400627,Low,Good
4644,73,Male,South,Basic,Monthly,9,89.28,1837.79,Bank Transfer,Basic,1,14.6,4.6,33.0,1897.71,1510.82,2026-08-16 19:48:51.400630,Medium,Excellent
4645,29,Male,North,Standard,Monthly,26,86.88,50.0,Debit Card,Premium,0,9.4,3.3,14.000000000000002,1734.29,848.53,2026-06-30 19:48:51.400634,Low,Excellent
4646,68,Female,East,Basic,Monthly,21,61.39,50.0,Mobile Money,Basic,4,6.0,2.5,27.0,1288.15,1940.65,2026-06-24 19:48:51.400638,Low,Needs Improvement
4647,54,Male,West,Standard,1 Year,25,60.88,2028.85,Debit Card,Premium,1,25.9,5.0,44.0,1613.73,174.62,2026-07-14 19:48:51.400641,Medium,Excellent
4648,34,Male,East,Premium,Monthly,80,67.48,317.79,Debit Card,Premium,1,5.8,2.6,28.999999999999996,758.46,3221.32,2026-06-07 19:48:51.400645,Low,Excellent
4649,40,Male,East,Standard,1 Year,28,48.63,1485.67,Mobile Money,Standard,0,2.2,3.9,59.0,2467.59,100.0,2026-07-08 19:48:51.400648,Medium,Excellent
4650,43,Female,South,Standard,Monthly,24,20.0,732.95,Credit Card,Standard,1,9.1,3.5,51.0,998.06,1698.09,2026-07-20 19:48:51.400652,Medium,Excellent
4651,46,Female,North,Business,Monthly,22,94.69,395.94,Credit Card,Standard,0,5.7,2.7,30.0,1046.82,1541.49,2026-08-11 19:48:51.400656,Low,Excellent
4652,50,Female,Central,Standard,Monthly,12,65.36,251.49,Bank Transfer,Premium,1,1.8,3.0,16.0,1421.14,2076.93,2026-07-20 19:48:51.400659,Low,Excellent
4653,44,Male,South,Standard,Monthly,43,63.82,1504.3,Mobile Money,Standard,6,1.3,3.5,41.0,1719.2,2038.56,2026-06-28 19:48:51.400662,Medium,Needs Improvement
4654,42,Female,West,Standard,2 Year,11,57.08,453.15,Credit Card,Premium,0,3.5,3.5,26.0,1229.14,1895.64,2026-07-30 19:48:51.400666,Low,Excellent
4655,73,Male,East,Business,Monthly,28,79.84,2076.22,Credit Card,Basic,0,28.2,3.9,14.000000000000002,2395.09,2060.02,2026-06-07 19:48:51.400669,Low,Excellent
4656,72,Female,West,Standard,Monthly,8,62.05,50.0,Credit Card,Standard,1,1.3,3.3,21.0,1830.01,1998.66,2026-07-09 19:48:51.400673,Low,Excellent
4657,27,Female,South,Business,2 Year,3,52.77,2332.0,Debit Card,Basic,1,5.1,5.0,9.0,895.55,100.0,2026-08-20 19:48:51.400676,Low,Excellent
4658,64,Male,South,Standard,1 Year,3,56.61,50.0,Mobile Money,Basic,2,3.2,5.0,34.0,2052.74,2035.95,2026-06-30 19:48:51.400680,Medium,Good
4659,40,Female,Central,Premium,Monthly,24,66.62,1428.08,Cash,Standard,1,22.9,2.8,10.0,1308.0,854.63,2026-06-05 19:48:51.400683,Low,Excellent
4660,38,Female,East,Premium,2 Year,9,36.18,259.64,Credit Card,Basic,4,3.8,3.0,2.0,1355.82,1021.86,2026-08-24 19:48:51.400687,Low,Needs Improvement
4661,38,Male,South,Business,Monthly,7,100.36,50.0,Credit Card,Basic,0,2.1,4.0,11.0,2552.24,2507.02,2026-08-15 19:48:51.400690,Low,Excellent
4662,60,Female,West,Business,1 Year,21,49.82,1119.97,Mobile Money,Standard,2,5.2,3.2,16.0,300.0,553.62,2026-06-15 19:48:51.400694,Low,Good
4663,30,Male,Central,Standard,Monthly,1,45.12,1740.7,Credit Card,Premium,5,1.3,3.4,60.0,1916.22,2317.98,2026-08-04 19:48:51.400697,Medium,Needs Improvement
4664,54,Male,West,Basic,1 Year,6,55.55,1043.48,Debit Card,Standard,0,3.8,3.6,39.0,992.75,100.0,2026-06-24 19:48:51.400701,Medium,Excellent
4665,50,Male,East,Standard,1 Year,9,87.73,1164.82,Credit Card,Basic,2,10.5,2.6,26.0,1559.22,839.83,2026-06-27 19:48:51.400704,Low,Good
4666,41,Male,Central,Standard,Monthly,29,58.29,1362.96,Credit Card,Premium,4,7.3,3.3,7.000000000000001,458.87,1250.55,2026-06-17 19:48:51.400708,Low,Needs Improvement
4667,61,Female,Central,Basic,1 Year,18,94.11,1693.62,Debit Card,Standard,4,1.0,2.4,28.000000000000004,1861.35,2006.88,2026-07-30 19:48:51.400712,Low,Needs Improvement
4668,28,Male,Central,Basic,1 Year,46,56.76,2516.55,Debit Card,Basic,0,5.5,3.8,8.0,1670.82,1701.79,2026-07-28 19:48:51.400715,Low,Excellent
4669,34,Female,North,Basic,1 Year,9,29.48,604.29,Bank Transfer,Premium,0,13.4,5.0,43.0,2071.63,2030.72,2026-06-26 19:48:51.400718,Medium,Excellent
4670,21,Male,Central,Premium,2 Year,8,44.13,1582.72,Bank Transfer,Basic,2,6.6,3.0,26.0,2262.75,3960.23,2026-08-06 19:48:51.400722,Low,Good
4671,64,Female,West,Standard,1 Year,1,47.85,741.42,Debit Card,Basic,1,5.1,2.5,30.0,1772.72,1463.09,2026-07-07 19:48:51.400725,Low,Excellent
4672,42,Female,West,Basic,Monthly,72,81.21,1060.2,Mobile Money,Basic,0,4.3,1.5,46.0,1187.34,1876.59,2026-06-08 19:48:51.400729,Medium,Excellent
4673,47,Female,East,Basic,1 Year,16,53.54,1745.71,Mobile Money,Basic,0,6.2,3.4,13.0,968.62,2498.88,2026-08-22 19:48:51.400733,Low,Excellent
4674,26,Male,South,Standard,1 Year,16,35.49,1344.79,Credit Card,Standard,1,1.0,3.3,8.0,300.0,1797.0,2026-07-02 19:48:51.400736,Low,Excellent
4675,38,Male,South,Premium,Monthly,61,28.81,603.24,Debit Card,Standard,1,12.9,3.2,48.0,1439.63,282.93,2026-06-08 19:48:51.400740,Medium,Excellent
4676,37,Male,North,Basic,1 Year,8,20.0,1283.73,Mobile Money,Standard,2,15.5,5.0,38.0,1201.62,411.33,2026-05-31 19:48:51.400743,Medium,Good
4677,36,Female,Central,Standard,1 Year,9,131.34,1482.28,Mobile Money,Standard,4,7.2,3.9,9.0,993.89,2144.64,2026-08-21 19:48:51.400747,Low,Needs Improvement
4678,36,Female,North,Standard,2 Year,25,46.27,1704.59,Credit Card,Basic,4,30.9,5.0,13.0,701.59,1970.74,2026-08-18 19:48:51.400750,Low,Needs Improvement
4679,29,Male,East,Standard,1 Year,36,76.07,2113.25,Debit Card,Basic,2,6.5,5.0,45.0,1317.51,1745.61,2026-06-06 19:48:51.400754,Medium,Good
4680,54,Male,East,Standard,Monthly,28,34.83,2633.97,Debit Card,Basic,1,1.0,2.4,34.0,1063.38,2306.62,2026-07-09 19:48:51.400757,Medium,Excellent
4681,59,Female,South,Business,1 Year,37,95.69,1202.02,Bank Transfer,Standard,3,5.0,5.0,19.0,1527.47,1110.02,2026-06-17 19:48:51.400761,Low,Good
4682,34,Male,East,Business,2 Year,20,43.56,317.51,Debit Card,Premium,3,4.1,3.7,21.0,1228.73,100.0,2026-06-17 19:48:51.400764,Low,Good
4683,54,Female,Central,Basic,2 Year,47,111.77,1453.33,Credit Card,Basic,2,1.7,2.2,35.0,1889.15,2193.78,2026-08-18 19:48:51.400768,Medium,Good
4684,71,Female,West,Standard,2 Year,19,114.3,129.62,Bank Transfer,Premium,2,6.1,2.9,32.0,685.73,969.0,2026-06-30 19:48:51.400771,Medium,Good
4685,65,Female,East,Standard,2 Year,6,37.11,2721.74,Debit Card,Basic,1,4.9,5.0,30.0,1052.71,2913.51,2026-07-08 19:48:51.400774,Low,Excellent
4686,56,Male,North,Basic,Monthly,18,95.98,754.03,Credit Card,Premium,1,1.5,3.6,13.0,2164.87,2814.73,2026-08-09 19:48:51.400778,Low,Excellent
4687,45,Male,Central,Standard,1 Year,29,111.94,1988.11,Cash,Premium,3,5.6,3.3,5.0,1358.38,1519.69,2026-07-09 19:48:51.400782,Low,Good
4688,58,Female,East,Business,1 Year,25,24.93,1452.42,Credit Card,Basic,3,14.4,4.9,38.0,2166.45,2534.29,2026-07-02 19:48:51.400785,Medium,Good
4689,52,Female,East,Standard,Monthly,6,27.82,1395.51,Credit Card,Basic,2,5.7,5.0,22.0,1614.36,1412.5,2026-08-12 19:48:51.400789,Low,Good
4690,64,Male,Central,Premium,Monthly,1,20.0,50.0,Mobile Money,Basic,1,2.0,4.3,28.999999999999996,1453.64,713.31,2026-08-17 19:48:51.400792,Low,Excellent
4691,65,Male,East,Premium,2 Year,6,41.51,569.38,Debit Card,Basic,3,9.3,3.4,21.0,1600.71,1674.54,2026-06-23 19:48:51.400795,Low,Good
4692,35,Female,West,Standard,1 Year,99,39.86,884.54,Debit Card,Standard,2,16.3,5.0,9.0,1087.14,1517.37,2026-08-14 19:48:51.400799,Low,Good
4693,31,Female,South,Basic,2 Year,4,56.65,900.73,Bank Transfer,Standard,3,3.4,1.6,13.0,874.44,1897.12,2026-07-21 19:48:51.400803,Low,Good
4694,52,Female,Central,Basic,2 Year,14,33.08,1274.26,Credit Card,Premium,4,1.0,3.9,45.0,2083.75,1254.4,2026-06-21 19:48:51.400806,Medium,Needs Improvement
4695,61,Female,North,Premium,Monthly,24,82.29,670.9,Credit Card,Standard,2,19.7,5.0,15.0,1791.31,1000.4,2026-06-01 19:48:51.400810,Low,Good
4696,58,Male,East,Standard,2 Year,50,65.76,1592.02,Credit Card,Basic,0,9.2,5.0,17.0,1961.52,350.97,2026-06-27 19:48:51.400813,Low,Excellent
4697,24,Male,South,Premium,Monthly,34,75.61,1122.98,Credit Card,Premium,0,38.1,5.0,33.0,2499.24,2363.79,2026-06-23 19:48:51.400816,Medium,Excellent
4698,58,Female,North,Standard,1 Year,57,90.74,1725.97,Mobile Money,Basic,0,9.5,5.0,43.0,1396.14,100.0,2026-06-22 19:48:51.400820,Medium,Excellent
4699,30,Female,North,Business,Monthly,22,71.58,50.0,Cash,Premium,0,1.1,4.2,18.0,1876.82,897.08,2026-07-26 19:48:51.400823,Low,Excellent
4700,35,Male,West,Basic,Monthly,48,59.4,1824.73,Debit Card,Standard,2,4.5,2.7,10.0,655.1,219.06,2026-07-02 19:48:51.400827,Low,Good
4701,54,Male,South,Premium,2 Year,7,44.47,2503.43,Credit Card,Basic,4,1.0,3.5,14.000000000000002,2061.53,2265.24,2026-06-09 19:48:51.400830,Low,Needs Improvement
4702,30,Female,Central,Premium,Monthly,13,87.44,1072.42,Credit Card,Basic,4,3.3,3.5,14.000000000000002,577.55,2035.68,2026-08-19 19:48:51.400837,Low,Needs Improvement
4703,53,Male,South,Standard,1 Year,44,71.76,2165.66,Debit Card,Basic,2,12.3,2.8,19.0,1055.76,2246.62,2026-08-18 19:48:51.400841,Low,Good
4704,48,Male,South,Business,Monthly,9,70.47,1177.8,Mobile Money,Basic,1,6.5,1.0,8.0,1057.7,2460.56,2026-08-04 19:48:51.400844,Low,Excellent
4705,19,Female,North,Basic,Monthly,49,49.87,865.24,Mobile Money,Standard,2,4.9,3.8,15.0,1741.61,151.31,2026-07-04 19:48:51.400848,Low,Good
4706,33,Female,West,Basic,Monthly,10,72.51,1368.73,Credit Card,Basic,4,15.1,2.6,17.0,1176.92,892.95,2026-06-23 19:48:51.400851,Low,Needs Improvement
4707,26,Female,West,Premium,1 Year,10,45.46,2455.36,Credit Card,Basic,2,1.6,4.0,16.0,1248.01,1479.89,2026-07-18 19:48:51.400855,Low,Good
4708,26,Male,South,Standard,Monthly,8,72.75,2391.1,Credit Card,Basic,3,6.2,2.3,9.0,1214.49,573.31,2026-06-02 19:48:51.400858,Low,Good
4709,55,Female,South,Basic,Monthly,19,58.38,50.0,Mobile Money,Standard,2,8.3,2.1,14.000000000000002,1502.62,1286.15,2026-07-05 19:48:51.400862,Low,Good
4710,28,Female,East,Basic,1 Year,3,82.89,377.05,Debit Card,Standard,3,20.8,3.2,22.0,1497.44,2224.23,2026-07-07 19:48:51.400865,Low,Good
4711,71,Female,North,Basic,Monthly,1,31.79,1130.32,Debit Card,Premium,2,1.4,4.9,48.0,1057.44,1375.93,2026-06-16 19:48:51.400869,Medium,Good
4712,73,Female,Central,Business,Monthly,54,66.19,634.33,Cash,Basic,4,9.8,4.0,56.00000000000001,1793.84,1984.38,2026-07-12 19:48:51.400872,Medium,Needs Improvement
4713,39,Male,Central,Business,2 Year,63,82.57,1505.89,Cash,Premium,1,1.0,4.5,65.0,1285.2,1872.39,2026-08-07 19:48:51.400876,High,Excellent
4714,50,Male,West,Business,Monthly,1,66.86,1089.19,Debit Card,Basic,5,6.7,2.6,34.0,1394.53,2234.85,2026-06-02 19:48:51.400879,Medium,Needs Improvement
4715,53,Male,North,Business,Monthly,19,29.44,837.26,Credit Card,Basic,2,8.3,3.9,16.0,2037.19,2108.14,2026-08-05 19:48:51.400883,Low,Good
4716,62,Male,West,Basic,1 Year,18,46.39,2781.92,Credit Card,Standard,2,14.7,2.7,12.0,1459.54,2019.45,2026-08-26 19:48:51.400886,Low,Good
4717,40,Female,Central,Business,1 Year,11,96.68,1826.16,Credit Card,Standard,4,3.1,5.0,59.0,905.81,2363.07,2026-07-11 19:48:51.400890,Medium,Needs Improvement
4718,62,Female,South,Standard,1 Year,20,63.23,1771.9,Bank Transfer,Basic,4,9.5,5.0,47.0,1141.12,2658.7,2026-06-17 19:48:51.400893,Medium,Needs Improvement
4719,62,Female,North,Business,2 Year,14,44.52,554.23,Bank Transfer,Basic,5,1.0,3.1,56.00000000000001,2189.59,1432.54,2026-06-05 19:48:51.400897,Medium,Needs Improvement
4720,51,Female,North,Basic,Monthly,16,96.36,1170.25,Bank Transfer,Standard,0,2.0,5.0,33.0,857.31,1204.31,2026-08-15 19:48:51.400900,Medium,Excellent
4721,26,Male,East,Premium,2 Year,33,103.74,1090.38,Credit Card,Standard,1,11.9,3.6,26.0,1134.92,2719.57,2026-07-30 19:48:51.400904,Low,Excellent
4722,41,Male,South,Business,2 Year,17,35.53,1275.06,Mobile Money,Basic,2,17.9,5.0,62.0,2055.31,1060.78,2026-07-28 19:48:51.400907,High,Good
4723,25,Male,South,Standard,2 Year,9,52.43,847.78,Debit Card,Premium,4,1.0,2.4,55.00000000000001,1271.84,2092.68,2026-06-19 19:48:51.400911,Medium,Needs Improvement
4724,24,Male,West,Premium,Monthly,20,56.39,1938.03,Credit Card,Basic,0,1.5,2.4,41.0,1661.54,394.56,2026-08-19 19:48:51.400914,Medium,Excellent
4725,53,Male,North,Standard,2 Year,24,78.33,2264.9,Bank Transfer,Basic,1,1.9,4.5,19.0,1038.73,906.43,2026-08-23 19:48:51.400918,Low,Excellent
4726,35,Female,West,Standard,Monthly,26,60.49,1812.35,Cash,Standard,1,5.9,2.8,19.0,1426.33,2615.49,2026-06-12 19:48:51.400921,Low,Excellent
4727,20,Female,South,Basic,1 Year,23,68.06,1119.98,Debit Card,Basic,2,1.3,4.3,65.0,784.39,2133.72,2026-08-04 19:48:51.400925,High,Good
4728,45,Male,East,Standard,Monthly,26,61.35,877.68,Credit Card,Basic,1,29.9,2.6,28.999999999999996,1607.61,2661.52,2026-08-05 19:48:51.400928,Low,Excellent
4729,23,Male,North,Standard,2 Year,8,120.0,2065.96,Credit Card,Premium,2,3.9,2.3,26.0,1722.83,773.15,2026-06-08 19:48:51.400932,Low,Good
4730,61,Female,South,Basic,1 Year,14,79.34,1459.04,Credit Card,Basic,2,1.2,5.0,60.0,1478.94,1784.77,2026-08-04 19:48:51.400935,Medium,Good
4731,61,Male,East,Basic,Monthly,26,57.66,1645.18,Mobile Money,Standard,2,11.9,5.0,18.0,804.3,2087.38,2026-07-02 19:48:51.400939,Low,Good
4732,38,Female,Central,Standard,2 Year,33,58.05,1444.73,Bank Transfer,Basic,2,6.6,3.6,32.0,1900.05,328.21,2026-07-23 19:48:51.400943,Medium,Good
4733,45,Female,South,Standard,1 Year,13,76.83,605.63,Bank Transfer,Basic,0,19.6,4.6,28.000000000000004,1658.26,668.14,2026-06-09 19:48:51.400946,Low,Excellent
4734,57,Female,Central,Standard,1 Year,10,41.12,2450.71,Mobile Money,Basic,0,21.9,3.6,5.0,2266.37,1182.6,2026-07-10 19:48:51.400949,Low,Excellent
4735,71,Male,West,Standard,Monthly,30,71.75,3163.01,Cash,Standard,4,15.5,4.5,30.0,860.51,929.47,2026-06-30 19:48:51.400953,Low,Needs Improvement
4736,71,Female,Central,Basic,2 Year,6,68.98,854.34,Debit Card,Standard,2,6.6,1.0,6.0,692.1,2484.43,2026-08-14 19:48:51.400957,Low,Good
4737,18,Male,South,Basic,1 Year,1,43.38,1168.54,Bank Transfer,Basic,0,2.0,3.1,27.0,1099.41,602.76,2026-07-22 19:48:51.400960,Low,Excellent
4738,53,Female,Central,Business,Monthly,15,20.0,895.51,Debit Card,Standard,2,4.5,5.0,40.0,2185.59,1647.87,2026-06-27 19:48:51.400964,Medium,Good
4739,38,Male,North,Premium,1 Year,4,21.58,669.7,Debit Card,Standard,2,5.3,4.3,38.0,3598.13,3091.04,2026-07-16 19:48:51.400967,Medium,Good
4740,60,Male,South,Premium,1 Year,11,59.26,1677.03,Mobile Money,Standard,3,29.7,3.7,33.0,1128.61,885.45,2026-08-14 19:48:51.400971,Medium,Good
4741,52,Female,East,Business,1 Year,8,87.68,736.74,Bank Transfer,Basic,0,2.3,4.5,23.0,2435.88,2559.69,2026-07-08 19:48:51.400974,Low,Excellent
4742,30,Female,Central,Business,Monthly,36,53.77,435.84,Credit Card,Basic,1,4.6,4.9,33.0,1105.64,933.26,2026-08-14 19:48:51.400978,Medium,Excellent
4743,74,Female,North,Standard,Monthly,9,86.65,1556.98,Debit Card,Premium,1,6.6,1.2,35.0,1080.98,1463.29,2026-06-24 19:48:51.400981,Medium,Excellent
4744,66,Female,West,Business,1 Year,24,55.83,500.26,Mobile Money,Standard,2,4.0,3.5,38.0,1803.79,100.0,2026-08-01 19:48:51.400985,Medium,Good
4745,71,Female,West,Standard,2 Year,26,38.72,707.19,Cash,Basic,0,1.0,2.3,42.0,1050.99,2169.57,2026-07-09 19:48:51.400988,Medium,Excellent
4746,71,Male,Central,Business,1 Year,14,33.04,658.99,Bank Transfer,Standard,3,17.7,5.0,9.0,992.54,2615.89,2026-07-03 19:48:51.400992,Low,Good
4747,27,Female,West,Business,Monthly,2,41.84,1570.02,Debit Card,Basic,3,12.9,2.0,31.0,1506.33,2221.75,2026-08-22 19:48:51.400995,Medium,Good
4748,70,Female,East,Standard,Monthly,28,68.52,1259.33,Credit Card,Basic,2,2.4,3.6,25.0,1521.44,1667.05,2026-05-31 19:48:51.400999,Low,Good
4749,61,Female,South,Basic,1 Year,1,63.86,50.0,Debit Card,Basic,1,4.7,4.5,38.0,2568.77,1255.92,2026-08-24 19:48:51.401002,Medium,Excellent
4750,64,Female,North,Standard,2 Year,2,58.8,1428.6,Bank Transfer,Standard,3,10.6,4.5,16.0,372.75,1677.14,2026-08-12 19:48:51.401006,Low,Good
4751,70,Male,Central,Standard,Monthly,5,59.84,539.87,Credit Card,Standard,4,29.1,2.5,23.0,1814.28,2473.83,2026-08-08 19:48:51.401009,Low,Needs Improvement
4752,27,Female,West,Standard,1 Year,7,92.63,2430.13,Credit Card,Basic,4,1.5,2.6,10.0,1404.13,100.0,2026-06-15 19:48:51.401013,Low,Needs Improvement
4753,63,Male,South,Business,Monthly,44,111.99,50.0,Bank Transfer,Premium,3,8.1,2.9,16.0,1171.72,728.66,2026-06-18 19:48:51.401016,Low,Good
4754,30,Male,East,Standard,Monthly,26,46.55,1500.79,Bank Transfer,Standard,2,13.6,3.2,22.0,2432.41,2040.78,2026-06-14 19:48:51.401020,Low,Good
4755,54,Female,West,Business,Monthly,11,60.3,1822.58,Bank Transfer,Premium,1,1.0,3.3,26.0,2076.13,1223.1,2026-07-26 19:48:51.401023,Low,Excellent
4756,55,Male,West,Standard,2 Year,92,34.47,234.6,Cash,Basic,1,13.3,4.6,48.0,2560.81,1531.05,2026-06-27 19:48:51.401027,Medium,Excellent
4757,41,Female,North,Standard,2 Year,6,64.64,977.07,Bank Transfer,Premium,3,12.5,3.1,20.0,300.0,2491.97,2026-06-15 19:48:51.401031,Low,Good
4758,19,Male,East,Standard,Monthly,22,57.13,1276.27,Credit Card,Premium,0,20.6,4.2,26.0,300.0,1771.33,2026-06-29 19:48:51.401034,Low,Excellent
4759,39,Male,East,Business,1 Year,45,70.37,1079.71,Mobile Money,Standard,1,1.0,3.0,17.0,1835.53,1329.65,2026-06-06 19:48:51.401037,Low,Excellent
4760,34,Female,Central,Basic,Monthly,38,86.96,1589.82,Debit Card,Premium,7,1.1,4.3,39.0,1227.11,2201.99,2026-06-25 19:48:51.401041,Medium,Needs Improvement
4761,53,Female,North,Business,1 Year,2,34.76,1326.18,Credit Card,Standard,0,5.8,4.2,52.0,2196.93,2003.11,2026-08-20 19:48:51.401045,Medium,Excellent
4762,31,Female,Central,Business,1 Year,28,59.69,1829.12,Bank Transfer,Standard,3,16.4,3.4,14.000000000000002,1056.87,1105.72,2026-07-07 19:48:51.401048,Low,Good
4763,27,Female,North,Business,Monthly,7,58.08,1463.83,Credit Card,Premium,3,16.6,2.8,56.00000000000001,1215.9,1915.34,2026-06-06 19:48:51.401052,Medium,Good
4764,52,Female,East,Standard,Monthly,10,68.97,1287.42,Debit Card,Basic,3,9.6,3.2,32.0,300.0,1507.14,2026-07-10 19:48:51.401055,Medium,Good
4765,42,Male,North,Premium,2 Year,16,100.01,978.93,Bank Transfer,Basic,4,4.8,2.8,14.000000000000002,1414.22,891.39,2026-06-22 19:48:51.401059,Low,Needs Improvement
4766,20,Male,North,Standard,1 Year,37,48.74,1397.87,Cash,Premium,5,2.1,3.9,38.0,1065.12,100.0,2026-08-25 19:48:51.401062,Medium,Needs Improvement
4767,64,Male,North,Basic,Monthly,4,80.23,2598.65,Bank Transfer,Standard,2,5.1,4.8,44.0,1175.13,1162.21,2026-06-04 19:48:51.401066,Medium,Good
4768,55,Female,South,Business,1 Year,2,106.8,1130.94,Credit Card,Basic,1,2.0,4.4,20.0,1611.3,2150.63,2026-06-22 19:48:51.401069,Low,Excellent
4769,34,Female,South,Standard,2 Year,3,43.85,181.26,Credit Card,Basic,1,11.9,4.8,40.0,1666.35,2861.72,2026-07-31 19:48:51.401073,Medium,Excellent
4770,29,Male,East,Business,1 Year,5,68.68,2076.68,Debit Card,Basic,4,4.4,2.5,22.0,2150.49,1276.88,2026-06-04 19:48:51.401077,Low,Needs Improvement
4771,71,Female,North,Standard,Monthly,1,68.46,2860.53,Credit Card,Basic,2,6.2,3.8,33.0,1469.78,100.0,2026-07-26 19:48:51.401080,Medium,Good
4772,69,Female,East,Premium,1 Year,62,32.59,1662.03,Debit Card,Basic,3,9.1,3.0,30.0,300.0,2126.56,2026-07-19 19:48:51.401084,Low,Good
4773,41,Male,South,Basic,1 Year,9,79.48,2771.95,Bank Transfer,Basic,1,6.0,3.9,27.0,1627.67,1555.94,2026-07-27 19:48:51.401087,Low,Excellent
4774,46,Male,North,Standard,1 Year,4,93.07,1314.38,Debit Card,Premium,4,11.3,4.5,9.0,979.57,3432.36,2026-07-14 19:48:51.401091,Low,Needs Improvement
4775,60,Female,Central,Basic,2 Year,24,48.3,3559.18,Mobile Money,Basic,2,12.3,3.2,14.000000000000002,994.75,1722.72,2026-06-24 19:48:51.401094,Low,Good
4776,42,Female,South,Premium,Monthly,37,57.76,50.0,Debit Card,Standard,1,2.2,1.9,33.0,2672.21,1730.64,2026-07-29 19:48:51.401098,Medium,Excellent
4777,53,Female,South,Basic,1 Year,33,21.33,1079.47,Debit Card,Standard,0,2.8,2.6,18.0,996.77,1936.26,2026-06-09 19:48:51.401101,Low,Excellent
4778,43,Male,South,Basic,Monthly,30,91.3,1679.3,Debit Card,Premium,1,1.0,1.4,41.0,300.0,100.0,2026-06-12 19:48:51.401105,Medium,Excellent
4779,55,Female,North,Basic,Monthly,1,86.63,588.23,Mobile Money,Standard,0,1.0,3.8,73.0,1219.77,2416.98,2026-06-25 19:48:51.401109,High,Excellent
4780,18,Male,West,Basic,1 Year,36,41.11,2146.24,Cash,Basic,1,14.2,3.3,68.0,1583.68,1705.57,2026-07-02 19:48:51.401113,High,Excellent
4781,37,Male,Central,Business,2 Year,16,43.94,1637.58,Cash,Basic,1,1.9,3.1,22.0,1361.03,1221.28,2026-07-22 19:48:51.401116,Low,Excellent
4782,72,Female,Central,Standard,Monthly,25,55.06,1027.56,Cash,Standard,1,14.4,2.0,55.00000000000001,1441.38,3209.97,2026-06-12 19:48:51.401119,Medium,Excellent
4783,45,Male,East,Standard,2 Year,75,97.3,1543.81,Cash,Basic,4,34.1,3.1,40.0,1656.16,1596.34,2026-08-26 19:48:51.401123,Medium,Needs Improvement
4784,33,Female,North,Standard,Monthly,39,63.2,1359.24,Bank Transfer,Premium,2,2.2,3.6,8.0,888.9,1555.72,2026-07-27 19:48:51.401127,Low,Good
4785,64,Male,South,Basic,Monthly,41,68.79,1719.77,Bank Transfer,Standard,3,4.9,3.5,46.0,1251.54,1737.26,2026-07-17 19:48:51.401130,Medium,Good
4786,34,Female,West,Business,Monthly,4,68.8,1013.63,Credit Card,Standard,1,6.2,4.9,12.0,2138.29,1199.71,2026-06-16 19:48:51.401134,Low,Excellent
4787,57,Female,North,Business,1 Year,15,99.32,50.0,Mobile Money,Standard,1,22.9,2.8,51.0,1518.14,2591.7,2026-08-22 19:48:51.401137,Medium,Excellent
4788,45,Male,North,Business,1 Year,71,55.67,1891.12,Bank Transfer,Basic,2,1.6,3.7,55.00000000000001,1476.49,1859.24,2026-06-06 19:48:51.401141,Medium,Good
4789,29,Female,West,Basic,Monthly,20,61.61,1147.88,Mobile Money,Basic,3,14.5,5.0,48.0,300.0,1171.55,2026-08-11 19:48:51.401144,Medium,Good
4790,44,Male,South,Basic,Monthly,2,94.36,571.37,Debit Card,Basic,0,25.3,5.0,43.0,2352.5,2926.07,2026-06-06 19:48:51.401148,Medium,Excellent
4791,71,Female,North,Standard,1 Year,31,94.09,900.19,Mobile Money,Premium,1,6.5,4.9,23.0,924.44,1092.97,2026-07-18 19:48:51.401151,Low,Excellent
4792,70,Male,Central,Standard,1 Year,1,38.89,1042.72,Bank Transfer,Standard,1,1.3,3.5,21.0,1877.34,100.0,2026-06-19 19:48:51.401155,Low,Excellent
4793,59,Male,Central,Standard,Monthly,32,20.0,50.0,Credit Card,Premium,0,3.2,3.7,7.000000000000001,3135.26,2911.23,2026-07-08 19:48:51.401158,Low,Excellent
4794,64,Male,West,Standard,2 Year,50,64.82,489.41,Credit Card,Premium,0,25.6,3.5,21.0,1671.03,625.27,2026-06-27 19:48:51.401162,Low,Excellent
4795,47,Male,South,Business,1 Year,13,81.17,1108.05,Mobile Money,Standard,1,1.5,4.6,40.0,578.12,100.0,2026-07-26 19:48:51.401165,Medium,Excellent
4796,58,Female,West,Standard,Monthly,12,72.88,1063.81,Debit Card,Basic,0,5.3,2.6,43.0,2541.31,2699.55,2026-08-27 19:48:51.401169,Medium,Excellent
4797,51,Male,North,Standard,Monthly,8,49.7,453.14,Credit Card,Standard,1,1.7,4.6,11.0,1370.1,570.46,2026-07-05 19:48:51.401172,Low,Excellent
4798,54,Male,Central,Standard,1 Year,50,111.6,169.39,Debit Card,Basic,0,18.8,2.7,39.0,546.9,2278.64,2026-06-27 19:48:51.401176,Medium,Excellent
4799,23,Male,East,Premium,Monthly,19,38.28,517.58,Credit Card,Standard,5,7.1,4.5,9.0,1947.48,2026.54,2026-07-28 19:48:51.401180,Low,Needs Improvement
4800,24,Male,West,Basic,1 Year,20,30.91,1437.38,Mobile Money,Standard,1,20.5,4.6,19.0,2184.08,2068.28,2026-08-01 19:48:51.401184,Low,Excellent
4801,49,Female,East,Basic,Monthly,26,93.86,682.87,Credit Card,Basic,4,23.4,4.8,39.0,1785.74,1746.28,2026-07-17 19:48:51.401187,Medium,Needs Improvement
4802,49,Female,East,Standard,1 Year,8,54.49,1897.63,Debit Card,Premium,1,5.4,4.5,55.00000000000001,1397.33,1472.07,2026-07-03 19:48:51.401190,Medium,Excellent
4803,70,Male,Central,Basic,Monthly,13,107.46,2129.7,Bank Transfer,Standard,2,22.1,4.3,28.000000000000004,2712.76,100.0,2026-06-29 19:48:51.401194,Low,Good
4804,42,Female,West,Standard,2 Year,32,58.76,2595.08,Mobile Money,Basic,6,1.0,5.0,22.0,1191.31,660.77,2026-08-02 19:48:51.401197,Low,Needs Improvement
4805,50,Female,East,Standard,2 Year,101,55.3,1699.63,Mobile Money,Premium,1,1.7,2.2,13.0,2652.51,2517.62,2026-08-06 19:48:51.401201,Low,Excellent
4806,72,Male,North,Standard,2 Year,1,77.42,1537.93,Credit Card,Premium,4,10.6,5.0,23.0,2090.38,3237.75,2026-07-26 19:48:51.401204,Low,Needs Improvement
4807,24,Female,South,Basic,Monthly,1,86.38,2301.9,Mobile Money,Standard,1,6.0,5.0,28.999999999999996,488.06,100.0,2026-07-25 19:48:51.401208,Low,Excellent
4808,69,Female,South,Standard,2 Year,13,119.01,225.42,Bank Transfer,Premium,1,37.6,3.4,60.0,1400.7,1942.47,2026-07-20 19:48:51.401212,Medium,Excellent
4809,74,Female,Central,Standard,1 Year,25,86.55,1701.06,Credit Card,Premium,4,12.3,4.9,52.0,300.0,2606.34,2026-08-17 19:48:51.401215,Medium,Needs Improvement
4810,29,Female,West,Standard,1 Year,11,91.78,1959.39,Bank Transfer,Premium,2,8.7,5.0,12.0,1249.7,1376.9,2026-06-30 19:48:51.401218,Low,Good
4811,33,Male,West,Basic,Monthly,120,50.53,1191.72,Mobile Money,Basic,5,19.5,3.7,14.000000000000002,1421.54,100.0,2026-06-19 19:48:51.401222,Low,Needs Improvement
4812,33,Female,South,Basic,1 Year,5,88.97,1858.1,Bank Transfer,Basic,2,3.3,3.7,16.0,900.12,3065.13,2026-07-23 19:48:51.401225,Low,Good
4813,60,Female,North,Standard,2 Year,1,80.64,932.87,Cash,Standard,0,1.5,2.8,76.0,1597.75,1221.48,2026-06-07 19:48:51.401229,High,Excellent
4814,70,Female,South,Basic,Monthly,5,50.46,1231.57,Debit Card,Premium,2,6.3,5.0,52.0,1404.69,293.87,2026-06-15 19:48:51.401232,Medium,Good
4815,53,Female,South,Standard,Monthly,52,30.61,1493.21,Bank Transfer,Premium,4,2.2,5.0,9.0,1982.47,669.78,2026-07-25 19:48:51.401236,Low,Needs Improvement
4816,30,Male,West,Basic,Monthly,3,42.43,1469.46,Credit Card,Premium,3,2.1,2.7,32.0,1057.22,2575.89,2026-07-05 19:48:51.401239,Medium,Good
4817,24,Female,East,Basic,Monthly,15,52.09,88.3,Mobile Money,Standard,4,2.9,4.7,25.0,1000.54,1383.92,2026-08-06 19:48:51.401243,Low,Needs Improvement
4818,53,Female,North,Business,1 Year,13,60.14,789.05,Bank Transfer,Basic,3,9.0,3.5,15.0,912.52,100.0,2026-08-05 19:48:51.401246,Low,Good
4819,64,Male,West,Basic,2 Year,26,83.65,1233.87,Bank Transfer,Basic,2,1.0,2.0,18.0,1584.82,3283.79,2026-08-17 19:48:51.401250,Low,Good
4820,68,Male,South,Standard,Monthly,1,88.67,1513.71,Bank Transfer,Standard,1,15.2,5.0,53.0,2116.39,1935.79,2026-08-25 19:48:51.401253,Medium,Excellent
4821,26,Female,East,Basic,1 Year,25,108.72,1738.6,Bank Transfer,Premium,4,7.6,2.8,16.0,1383.74,885.4,2026-07-16 19:48:51.401257,Low,Needs Improvement
4822,49,Male,North,Basic,Monthly,10,75.66,1219.54,Mobile Money,Basic,3,2.9,3.3,12.0,1361.81,2668.61,2026-07-18 19:48:51.401260,Low,Good
4823,28,Male,Central,Premium,Monthly,62,28.67,2086.44,Bank Transfer,Standard,1,1.0,3.6,17.0,1776.12,869.33,2026-06-14 19:48:51.401264,Low,Excellent
4824,25,Male,North,Standard,1 Year,45,42.48,965.99,Debit Card,Premium,5,12.5,3.2,32.0,826.4,1345.41,2026-08-06 19:48:51.401267,Medium,Needs Improvement
4825,50,Male,North,Standard,Monthly,12,59.27,1885.48,Credit Card,Basic,3,4.6,3.7,63.0,531.09,1668.15,2026-08-05 19:48:51.401271,High,Good
4826,40,Male,South,Basic,1 Year,118,91.77,1080.02,Debit Card,Premium,0,4.6,5.0,30.0,1638.02,1857.26,2026-05-31 19:48:51.401274,Low,Excellent
4827,42,Male,South,Basic,Monthly,1,80.54,466.36,Debit Card,Standard,2,5.1,3.5,3.0,1339.17,2079.93,2026-07-09 19:48:51.401278,Low,Good
4828,73,Male,Central,Standard,1 Year,37,46.02,3294.8,Bank Transfer,Standard,3,4.3,4.6,40.0,1069.09,343.45,2026-07-17 19:48:51.401281,Medium,Good
4829,25,Female,Central,Standard,Monthly,13,37.16,1599.36,Debit Card,Premium,0,5.8,4.0,31.0,1403.86,100.0,2026-06-07 19:48:51.401285,Medium,Excellent
4830,62,Female,Central,Standard,2 Year,13,49.14,50.0,Credit Card,Basic,0,8.0,2.4,35.0,1113.92,2420.29,2026-08-04 19:48:51.401288,Medium,Excellent
4831,39,Male,West,Premium,2 Year,4,34.07,1922.82,Credit Card,Standard,4,4.5,4.4,57.99999999999999,645.37,534.27,2026-08-27 19:48:51.401292,Medium,Needs Improvement
4832,21,Male,West,Business,Monthly,17,62.01,1331.64,Bank Transfer,Basic,6,28.8,3.7,14.000000000000002,2061.53,1668.39,2026-08-16 19:48:51.401295,Low,Needs Improvement
4833,57,Female,South,Business,Monthly,2,76.12,1893.63,Bank Transfer,Basic,1,4.1,1.6,22.0,1091.79,2306.8,2026-08-08 19:48:51.401299,Low,Excellent
4834,20,Male,South,Business,Monthly,23,72.4,1633.55,Credit Card,Standard,3,1.9,2.4,52.0,1169.45,2434.84,2026-07-26 19:48:51.401303,Medium,Good
4835,46,Male,Central,Business,1 Year,6,53.12,589.12,Debit Card,Basic,1,31.3,4.8,14.000000000000002,1577.3,612.72,2026-07-31 19:48:51.401307,Low,Excellent
4836,58,Male,West,Premium,Monthly,30,65.7,1936.08,Debit Card,Standard,1,2.8,5.0,33.0,1471.91,729.05,2026-07-17 19:48:51.401310,Medium,Excellent
4837,46,Female,East,Basic,1 Year,22,32.34,669.79,Credit Card,Standard,2,7.8,4.0,34.0,1248.15,689.62,2026-06-13 19:48:51.401314,Medium,Good
4838,51,Female,West,Business,Monthly,32,47.86,554.14,Debit Card,Standard,1,14.1,1.0,2.0,663.9,827.92,2026-05-31 19:48:51.401317,Low,Excellent
4839,51,Female,South,Business,Monthly,33,72.78,932.05,Credit Card,Premium,3,1.0,4.3,28.000000000000004,1233.22,1728.73,2026-08-13 19:48:51.401321,Low,Good
4840,45,Female,West,Business,Monthly,5,121.24,369.57,Credit Card,Basic,3,2.7,1.9,25.0,1138.34,100.0,2026-07-09 19:48:51.401324,Low,Good
4841,30,Female,South,Standard,Monthly,1,98.68,1600.89,Debit Card,Basic,2,6.1,3.3,37.0,1428.03,333.95,2026-08-05 19:48:51.401328,Medium,Good
4842,32,Male,Central,Standard,1 Year,10,32.29,2868.5,Debit Card,Basic,1,4.9,5.0,16.0,1416.48,1365.96,2026-06-25 19:48:51.401331,Low,Excellent
4843,40,Female,Central,Business,Monthly,60,86.11,316.84,Bank Transfer,Standard,2,1.0,2.9,36.0,1955.24,2071.33,2026-07-26 19:48:51.401335,Medium,Good
4844,61,Male,Central,Standard,2 Year,20,69.38,2299.88,Bank Transfer,Premium,2,4.7,4.4,43.0,1291.34,697.51,2026-07-26 19:48:51.401338,Medium,Good
4845,43,Female,East,Basic,1 Year,31,70.08,721.01,Debit Card,Basic,1,1.0,3.8,18.0,1671.08,1223.1,2026-07-02 19:48:51.401342,Low,Excellent
4846,21,Female,East,Standard,Monthly,50,128.81,725.08,Debit Card,Premium,1,2.3,4.1,28.999999999999996,2288.67,100.0,2026-08-25 19:48:51.401345,Low,Excellent
4847,43,Female,South,Standard,Monthly,56,52.87,286.8,Debit Card,Basic,2,11.1,1.8,31.0,1062.49,2220.25,2026-07-19 19:48:51.401349,Medium,Good
4848,57,Male,North,Standard,Monthly,18,78.2,1474.37,Cash,Standard,1,1.6,4.1,23.0,1627.31,1937.99,2026-08-07 19:48:51.401352,Low,Excellent
4849,26,Male,East,Business,1 Year,18,84.21,141.04,Cash,Basic,1,8.8,5.0,30.0,1350.62,2144.21,2026-06-23 19:48:51.401356,Low,Excellent
4850,72,Female,South,Basic,Monthly,45,47.63,820.79,Mobile Money,Basic,1,28.9,2.2,42.0,1675.54,1242.45,2026-07-09 19:48:51.401359,Medium,Excellent
4851,22,Female,West,Basic,Monthly,39,20.0,2087.08,Bank Transfer,Basic,1,2.3,5.0,26.0,1290.18,1160.02,2026-06-13 19:48:51.401363,Low,Excellent
4852,73,Female,Central,Standard,Monthly,28,31.77,2450.92,Cash,Basic,3,2.4,2.7,54.0,1174.18,1333.54,2026-08-10 19:48:51.401366,Medium,Good
4853,49,Male,Central,Business,Monthly,22,71.37,439.85,Credit Card,Premium,3,24.5,5.0,9.0,2808.51,961.64,2026-06-15 19:48:51.401370,Low,Good
4854,37,Female,Central,Basic,2 Year,23,87.41,956.62,Bank Transfer,Basic,3,8.8,2.9,43.0,1467.79,1897.03,2026-07-02 19:48:51.401373,Medium,Good
4855,67,Female,South,Standard,2 Year,10,78.53,1086.47,Debit Card,Basic,0,11.8,2.5,23.0,300.0,1590.76,2026-06-03 19:48:51.401376,Low,Excellent
4856,28,Female,Central,Business,Monthly,44,78.23,50.0,Credit Card,Premium,0,12.5,4.6,45.0,2181.86,2024.89,2026-06-10 19:48:51.401380,Medium,Excellent
4857,32,Female,East,Standard,1 Year,23,73.36,740.88,Credit Card,Standard,5,10.5,4.3,46.0,1970.88,1412.09,2026-07-27 19:48:51.401384,Medium,Needs Improvement
4858,49,Female,West,Standard,2 Year,6,44.34,692.41,Debit Card,Basic,1,30.1,2.0,10.0,1527.14,100.0,2026-07-11 19:48:51.401387,Low,Excellent
4859,45,Female,Central,Basic,Monthly,6,64.31,1590.96,Credit Card,Standard,2,2.6,5.0,40.0,1016.14,141.29,2026-07-20 19:48:51.401391,Medium,Good
4860,39,Female,South,Standard,1 Year,47,80.7,1396.23,Credit Card,Standard,0,5.8,2.3,21.0,1295.7,421.62,2026-07-30 19:48:51.401394,Low,Excellent
4861,58,Female,West,Business,Monthly,23,76.78,1299.09,Debit Card,Premium,0,8.7,3.3,20.0,1959.84,492.33,2026-07-26 19:48:51.401398,Low,Excellent
4862,34,Male,Central,Standard,1 Year,12,105.98,1031.14,Bank Transfer,Basic,2,9.8,4.1,22.0,1901.5,1677.77,2026-07-31 19:48:51.401401,Low,Good
4863,43,Male,North,Basic,1 Year,4,50.45,2249.12,Credit Card,Premium,2,1.7,2.9,36.0,772.11,100.0,2026-06-23 19:48:51.401405,Medium,Good
4864,61,Female,Central,Business,2 Year,22,50.91,1182.6,Bank Transfer,Basic,2,16.7,4.8,12.0,2669.16,1526.17,2026-07-18 19:48:51.401408,Low,Good
4865,24,Female,East,Basic,Monthly,4,47.44,1994.8,Mobile Money,Standard,1,13.5,4.5,31.0,1502.32,219.61,2026-08-14 19:48:51.401412,Medium,Excellent
4866,59,Female,West,Standard,1 Year,15,20.0,1671.76,Bank Transfer,Standard,5,2.5,3.8,41.0,856.36,1497.24,2026-07-03 19:48:51.401415,Medium,Needs Improvement
4867,74,Female,East,Basic,Monthly,27,80.35,1322.2,Credit Card,Standard,0,6.3,1.1,30.0,300.0,911.2,2026-08-05 19:48:51.401419,Low,Excellent
4868,43,Male,North,Standard,Monthly,20,65.11,1911.47,Credit Card,Basic,1,2.8,5.0,22.0,1538.29,1718.65,2026-08-17 19:48:51.401422,Low,Excellent
4869,42,Female,North,Standard,2 Year,61,58.91,953.53,Debit Card,Premium,2,3.6,3.9,23.0,1421.85,1628.32,2026-06-19 19:48:51.401426,Low,Good
4870,27,Female,East,Standard,1 Year,1,44.62,484.33,Mobile Money,Standard,2,6.1,3.2,37.0,1621.94,1759.01,2026-06-17 19:48:51.401429,Medium,Good
4871,62,Male,West,Basic,Monthly,7,78.79,1176.38,Credit Card,Basic,1,6.2,3.9,53.0,1503.29,2196.23,2026-07-01 19:48:51.401433,Medium,Excellent
4872,36,Male,North,Business,1 Year,1,65.43,2401.96,Bank Transfer,Premium,6,6.1,5.0,47.0,2350.05,531.48,2026-07-10 19:48:51.401436,Medium,Needs Improvement
4873,28,Female,North,Standard,Monthly,5,103.62,1371.22,Debit Card,Basic,0,6.3,4.2,24.0,1348.23,2282.99,2026-06-12 19:48:51.401440,Low,Excellent
4874,30,Male,Central,Business,Monthly,3,65.61,796.44,Mobile Money,Basic,5,8.1,4.1,32.0,1339.27,1029.68,2026-07-20 19:48:51.401443,Medium,Needs Improvement
4875,70,Female,South,Business,1 Year,31,75.48,551.14,Debit Card,Basic,2,1.0,1.9,1.0,1843.88,2482.44,2026-06-30 19:48:51.401447,Low,Good
4876,25,Male,North,Basic,1 Year,11,104.3,50.0,Bank Transfer,Standard,1,1.2,1.8,37.0,1299.51,2233.92,2026-08-10 19:48:51.401450,Medium,Excellent
4877,57,Female,West,Business,Monthly,62,56.74,543.97,Bank Transfer,Basic,4,5.1,3.5,31.0,2161.03,1011.42,2026-07-07 19:48:51.401454,Medium,Needs Improvement
4878,21,Female,West,Basic,1 Year,1,54.16,1440.33,Credit Card,Premium,0,9.9,4.5,26.0,1317.75,3021.48,2026-06-03 19:48:51.401457,Low,Excellent
4879,64,Female,Central,Standard,Monthly,25,100.66,1010.02,Credit Card,Standard,4,5.7,5.0,11.0,717.16,466.28,2026-08-24 19:48:51.401461,Low,Needs Improvement
4880,48,Male,West,Basic,Monthly,84,26.02,1377.77,Credit Card,Premium,5,7.9,5.0,60.0,2073.83,448.81,2026-07-25 19:48:51.401464,Medium,Needs Improvement
4881,45,Female,Central,Business,Monthly,4,58.51,470.35,Bank Transfer,Premium,4,28.2,5.0,25.0,300.0,1877.32,2026-06-12 19:48:51.401468,Low,Needs Improvement
4882,28,Male,North,Premium,2 Year,14,57.89,2021.31,Debit Card,Basic,3,10.5,3.5,37.0,1506.95,1298.17,2026-08-26 19:48:51.401471,Medium,Good
4883,60,Male,North,Premium,2 Year,29,43.89,1801.98,Credit Card,Basic,7,22.5,4.3,6.0,1789.58,3744.79,2026-08-26 19:48:51.401475,Low,Needs Improvement
4884,18,Female,North,Basic,Monthly,24,78.21,750.24,Debit Card,Basic,2,1.0,4.1,34.0,1314.17,2053.59,2026-08-10 19:48:51.401478,Medium,Good
4885,66,Female,North,Standard,Monthly,20,50.75,70.67,Credit Card,Premium,2,4.7,3.1,21.0,891.96,2663.62,2026-08-21 19:48:51.401482,Low,Good
4886,64,Female,South,Premium,1 Year,9,67.63,1400.18,Credit Card,Standard,5,3.5,5.0,32.0,2169.25,1408.04,2026-05-31 19:48:51.401485,Medium,Needs Improvement
4887,69,Male,South,Basic,1 Year,31,41.68,50.0,Credit Card,Basic,1,9.8,4.9,24.0,1295.58,100.0,2026-07-17 19:48:51.401489,Low,Excellent
4888,55,Male,North,Basic,Monthly,25,72.14,147.78,Credit Card,Premium,3,21.2,3.6,18.0,300.0,100.0,2026-08-16 19:48:51.401493,Low,Good
4889,41,Male,West,Basic,Monthly,4,116.99,877.14,Credit Card,Standard,0,1.0,2.7,22.0,1812.28,1910.03,2026-08-03 19:48:51.401496,Low,Excellent
4890,71,Female,Central,Business,2 Year,79,63.69,494.77,Bank Transfer,Standard,2,1.0,2.4,24.0,1609.53,760.23,2026-06-22 19:48:51.401500,Low,Good
4891,74,Female,East,Standard,1 Year,19,64.75,2235.93,Bank Transfer,Basic,2,8.9,3.0,19.0,1126.29,992.77,2026-06-30 19:48:51.401503,Low,Good
4892,64,Female,Central,Basic,Monthly,17,35.32,936.44,Credit Card,Basic,1,3.4,4.2,30.0,990.27,1379.82,2026-06-30 19:48:51.401507,Low,Excellent
4893,48,Female,East,Standard,1 Year,45,86.06,1589.99,Credit Card,Standard,1,1.8,3.1,35.0,1771.27,1297.91,2026-07-31 19:48:51.401510,Medium,Excellent
4894,58,Male,East,Business,Monthly,24,62.84,50.0,Mobile Money,Standard,5,24.8,4.0,40.0,1022.0,1070.95,2026-07-12 19:48:51.401514,Medium,Needs Improvement
4895,63,Male,North,Business,Monthly,1,74.82,50.0,Credit Card,Standard,0,1.0,3.4,32.0,1545.99,195.72,2026-06-14 19:48:51.401517,Medium,Excellent
4896,67,Male,East,Basic,2 Year,16,88.73,659.27,Credit Card,Premium,2,2.6,3.5,14.000000000000002,2160.87,1438.85,2026-08-19 19:48:51.401520,Low,Good
4897,43,Male,North,Business,Monthly,36,60.47,1370.74,Credit Card,Basic,5,3.2,4.3,7.000000000000001,2781.09,778.71,2026-06-11 19:48:51.401524,Low,Needs Improvement
4898,66,Male,South,Basic,Monthly,28,90.52,183.66,Bank Transfer,Basic,2,12.2,3.6,42.0,1614.31,1673.3,2026-08-08 19:48:51.401528,Medium,Good
4899,67,Female,West,Standard,1 Year,84,92.16,1490.22,Credit Card,Standard,0,6.6,2.5,8.0,905.83,687.91,2026-07-26 19:48:51.401531,Low,Excellent
4900,22,Male,East,Basic,2 Year,1,73.5,2278.68,Cash,Standard,2,3.2,3.2,50.0,1255.43,2273.09,2026-08-07 19:48:51.401535,Medium,Good
4901,37,Female,West,Standard,1 Year,7,69.99,569.09,Credit Card,Standard,0,1.5,4.7,28.000000000000004,714.88,829.48,2026-06-26 19:48:51.401538,Low,Excellent
4902,69,Male,North,Standard,Monthly,19,65.7,1190.83,Credit Card,Premium,2,2.0,4.1,47.0,1780.42,3100.69,2026-08-18 19:48:51.401542,Medium,Good
4903,58,Female,East,Standard,1 Year,23,79.04,980.67,Bank Transfer,Standard,0,1.0,3.9,17.0,1863.05,100.0,2026-07-16 19:48:51.401545,Low,Excellent
4904,28,Female,Central,Basic,1 Year,7,77.92,860.85,Credit Card,Standard,1,14.5,3.6,62.0,1755.0,1799.67,2026-07-31 19:48:51.401549,High,Excellent
4905,73,Female,South,Business,Monthly,42,29.25,1454.69,Debit Card,Basic,1,1.0,2.8,20.0,1213.15,908.84,2026-08-10 19:48:51.401552,Low,Excellent
4906,71,Male,South,Basic,1 Year,4,48.21,1207.0,Debit Card,Basic,2,13.9,2.1,39.0,1532.01,912.65,2026-06-20 19:48:51.401556,Medium,Good
4907,50,Female,East,Standard,Monthly,1,88.93,1054.02,Credit Card,Premium,2,1.2,4.2,6.0,1636.51,1710.08,2026-07-18 19:48:51.401559,Low,Good
4908,67,Female,South,Standard,2 Year,73,71.2,1313.16,Mobile Money,Standard,0,18.9,3.6,45.0,1233.97,1655.54,2026-07-15 19:48:51.401563,Medium,Excellent
4909,55,Male,Central,Standard,1 Year,11,59.57,1890.24,Debit Card,Premium,1,9.1,4.1,32.0,1552.92,1327.3,2026-07-08 19:48:51.401566,Medium,Excellent
4910,44,Male,West,Business,Monthly,75,109.05,1683.01,Debit Card,Standard,4,3.5,4.9,49.0,1678.36,1336.86,2026-07-22 19:48:51.401570,Medium,Needs Improvement
4911,51,Male,Central,Basic,1 Year,7,85.3,50.0,Debit Card,Basic,1,4.0,2.5,12.0,1365.79,430.59,2026-06-30 19:48:51.401573,Low,Excellent
4912,32,Female,South,Premium,Monthly,1,92.0,491.3,Credit Card,Basic,1,2.7,1.0,22.0,1293.27,2141.47,2026-07-18 19:48:51.401577,Low,Excellent
4913,49,Female,West,Basic,1 Year,35,59.48,1667.5,Bank Transfer,Basic,3,1.9,4.5,42.0,885.94,1577.35,2026-08-02 19:48:51.401580,Medium,Good
4914,38,Female,Central,Basic,Monthly,43,74.64,3265.26,Debit Card,Standard,0,19.4,5.0,20.0,1454.67,1539.1,2026-07-26 19:48:51.401583,Low,Excellent
4915,63,Male,North,Premium,Monthly,16,62.96,676.06,Cash,Basic,3,1.6,3.6,42.0,1693.58,1402.93,2026-07-02 19:48:51.401587,Medium,Good
4916,22,Male,North,Premium,1 Year,1,39.12,50.0,Debit Card,Basic,4,1.5,3.7,17.0,1308.96,2916.1,2026-07-23 19:48:51.401590,Low,Needs Improvement
4917,23,Female,West,Standard,2 Year,25,69.92,3022.66,Mobile Money,Basic,3,3.6,3.3,6.0,1365.25,100.0,2026-08-15 19:48:51.401594,Low,Good
4918,55,Male,West,Basic,Monthly,4,63.56,2213.39,Credit Card,Standard,1,33.2,4.5,28.999999999999996,1714.41,1003.59,2026-07-18 19:48:51.401597,Low,Excellent
4919,39,Female,West,Standard,1 Year,45,63.14,2160.85,Credit Card,Premium,3,5.0,2.3,23.0,1823.59,989.88,2026-07-28 19:48:51.401601,Low,Good
4920,35,Female,North,Standard,1 Year,7,89.77,1288.14,Cash,Basic,2,3.5,5.0,16.0,300.0,2307.57,2026-08-05 19:48:51.401604,Low,Good
4921,31,Male,Central,Basic,Monthly,45,62.23,1159.35,Credit Card,Basic,3,48.0,4.0,10.0,1698.95,2191.08,2026-08-27 19:48:51.401608,Low,Good
4922,27,Female,West,Business,Monthly,13,66.75,1086.04,Mobile Money,Standard,4,10.8,3.5,21.0,1727.5,255.01,2026-07-05 19:48:51.401612,Low,Needs Improvement
4923,63,Male,North,Standard,1 Year,21,67.97,1808.63,Credit Card,Standard,3,23.1,3.1,37.0,2263.75,2632.27,2026-06-05 19:48:51.401615,Medium,Good
4924,30,Female,West,Business,Monthly,37,77.57,2201.81,Credit Card,Standard,1,2.3,4.9,42.0,1674.04,1646.82,2026-08-11 19:48:51.401619,Medium,Excellent
4925,48,Male,West,Standard,2 Year,1,72.45,1330.48,Bank Transfer,Basic,2,11.2,3.5,7.000000000000001,1209.08,3184.67,2026-08-14 19:48:51.401623,Low,Good
4926,47,Female,West,Business,1 Year,41,82.17,1820.03,Mobile Money,Premium,0,17.7,5.0,47.0,2085.65,616.7,2026-08-05 19:48:51.401626,Medium,Excellent
4927,20,Male,North,Standard,2 Year,3,32.92,2313.63,Mobile Money,Premium,2,6.0,4.8,54.0,1465.17,2123.94,2026-06-25 19:48:51.401630,Medium,Good
4928,47,Male,Central,Basic,Monthly,10,68.61,1950.68,Mobile Money,Standard,0,4.4,5.0,27.0,1352.56,531.62,2026-06-04 19:48:51.401633,Low,Excellent
4929,23,Female,North,Standard,2 Year,15,62.2,1666.01,Debit Card,Standard,3,2.8,3.6,39.0,1326.88,1479.02,2026-07-18 19:48:51.401637,Medium,Good
4930,46,Male,North,Standard,Monthly,54,32.09,622.56,Debit Card,Basic,1,6.7,4.4,12.0,1920.01,100.0,2026-06-20 19:48:51.401640,Low,Excellent
4931,25,Female,West,Premium,1 Year,1,28.93,679.53,Mobile Money,Basic,4,1.7,4.0,20.0,1119.88,307.67,2026-07-17 19:48:51.401644,Low,Needs Improvement
4932,61,Male,East,Standard,Monthly,19,49.3,50.0,Bank Transfer,Basic,2,4.5,3.5,21.0,1603.25,334.94,2026-08-01 19:48:51.401647,Low,Good
4933,62,Female,East,Premium,Monthly,24,48.7,1508.57,Cash,Basic,3,9.2,2.6,26.0,1678.86,1231.88,2026-08-10 19:48:51.401651,Low,Good
4934,60,Male,East,Standard,Monthly,9,59.02,1290.54,Debit Card,Premium,2,8.5,5.0,26.0,661.92,2263.27,2026-08-07 19:48:51.401654,Low,Good
4935,61,Female,North,Business,Monthly,8,68.2,2218.23,Credit Card,Premium,1,9.6,3.2,43.0,2765.56,1168.28,2026-07-22 19:48:51.401658,Medium,Excellent
4936,50,Male,West,Business,1 Year,16,77.35,1565.33,Bank Transfer,Premium,1,7.1,4.6,45.0,1561.56,1840.31,2026-07-02 19:48:51.401661,Medium,Excellent
4937,34,Male,East,Premium,1 Year,4,34.05,940.89,Debit Card,Standard,6,1.0,5.0,43.0,978.93,177.17,2026-07-24 19:48:51.401664,Medium,Needs Improvement
4938,65,Male,South,Business,1 Year,15,42.42,812.2,Debit Card,Standard,1,1.0,2.9,56.00000000000001,1516.02,2420.74,2026-06-13 19:48:51.401668,Medium,Excellent
4939,28,Female,South,Standard,Monthly,34,43.26,1476.37,Bank Transfer,Standard,1,6.9,2.2,10.0,1508.34,1999.83,2026-06-28 19:48:51.401672,Low,Excellent
4940,30,Male,South,Standard,Monthly,44,62.03,1401.92,Cash,Premium,0,27.0,4.3,37.0,1696.97,2135.56,2026-06-14 19:48:51.401675,Medium,Excellent
4941,67,Female,Central,Premium,2 Year,11,65.7,2658.44,Credit Card,Standard,4,1.7,3.3,19.0,515.55,333.97,2026-06-21 19:48:51.401679,Low,Needs Improvement
4942,28,Female,West,Standard,1 Year,23,89.98,1113.06,Debit Card,Basic,6,10.1,2.9,23.0,1192.94,308.31,2026-06-04 19:48:51.401682,Low,Needs Improvement
4943,48,Male,North,Standard,Monthly,1,42.07,1589.26,Mobile Money,Standard,2,4.5,3.2,41.0,741.88,1177.53,2026-08-25 19:48:51.401685,Medium,Good
4944,45,Female,North,Standard,1 Year,19,84.38,2507.82,Mobile Money,Basic,0,1.2,4.2,28.999999999999996,2340.84,1955.43,2026-08-04 19:48:51.401689,Low,Excellent
4945,61,Male,West,Basic,2 Year,88,27.98,1082.88,Credit Card,Standard,1,1.0,2.0,49.0,1901.17,3430.36,2026-06-24 19:48:51.401693,Medium,Excellent
4946,23,Male,Central,Business,2 Year,8,65.48,935.53,Bank Transfer,Standard,2,10.0,3.6,47.0,1708.94,1016.47,2026-08-27 19:48:51.401696,Medium,Good
4947,58,Female,West,Business,Monthly,21,78.79,132.88,Debit Card,Standard,1,1.2,2.4,19.0,941.29,2158.61,2026-07-03 19:48:51.401700,Low,Excellent
4948,33,Female,Central,Standard,2 Year,34,80.83,911.71,Cash,Basic,5,2.8,5.0,19.0,692.34,340.33,2026-07-22 19:48:51.401703,Low,Needs Improvement
4949,21,Female,East,Basic,Monthly,22,107.28,1502.29,Bank Transfer,Basic,1,4.1,3.6,18.0,2153.44,100.0,2026-08-20 19:48:51.401706,Low,Excellent
4950,52,Male,East,Standard,1 Year,13,124.44,2299.33,Debit Card,Basic,4,9.8,5.0,35.0,834.23,3391.22,2026-08-05 19:48:51.401710,Medium,Needs Improvement
4951,65,Male,Central,Basic,Monthly,3,75.13,100.58,Mobile Money,Basic,3,3.9,5.0,18.0,1723.1,844.05,2026-07-20 19:48:51.401714,Low,Good
4952,73,Male,West,Basic,1 Year,14,32.04,481.97,Cash,Basic,2,3.9,3.9,56.00000000000001,2176.13,1287.71,2026-07-11 19:48:51.401717,Medium,Good
4953,43,Female,East,Standard,1 Year,8,150.0,50.0,Debit Card,Premium,2,12.6,4.6,23.0,412.39,100.0,2026-08-18 19:48:51.401721,Low,Good
4954,74,Female,West,Standard,Monthly,28,93.55,2642.14,Debit Card,Premium,2,1.0,4.5,42.0,1208.21,906.89,2026-08-02 19:48:51.401724,Medium,Good
4955,29,Female,East,Standard,1 Year,13,90.76,1328.9,Bank Transfer,Basic,2,11.2,5.0,38.0,1643.97,1684.71,2026-07-18 19:48:51.401727,Medium,Good
4956,28,Male,West,Standard,1 Year,45,54.32,853.32,Bank Transfer,Basic,0,5.9,3.7,26.0,1531.86,217.99,2026-06-14 19:48:51.401731,Low,Excellent
4957,54,Male,West,Standard,Monthly,5,61.95,50.0,Bank Transfer,Premium,2,6.2,4.1,28.999999999999996,1564.56,1608.82,2026-06-14 19:48:51.401734,Low,Good
4958,42,Male,South,Basic,Monthly,12,44.37,1198.44,Debit Card,Premium,5,3.4,2.6,33.0,1952.99,1327.35,2026-07-25 19:48:51.401738,Medium,Needs Improvement
4959,35,Male,Central,Standard,Monthly,19,81.81,876.81,Debit Card,Standard,3,1.0,2.8,18.0,1626.8,2397.35,2026-05-30 19:48:51.401742,Low,Good
4960,36,Male,North,Premium,1 Year,3,53.41,50.0,Mobile Money,Standard,2,1.0,4.6,34.0,1653.86,2305.81,2026-08-10 19:48:51.401745,Medium,Good
4961,40,Female,Central,Basic,2 Year,21,82.96,969.77,Cash,Basic,4,3.3,4.4,23.0,1300.03,2611.27,2026-07-25 19:48:51.401748,Low,Needs Improvement
4962,72,Female,West,Standard,1 Year,8,46.5,2180.16,Mobile Money,Standard,2,10.2,2.7,12.0,1583.77,2252.85,2026-06-25 19:48:51.401752,Low,Good
4963,55,Female,West,Basic,Monthly,6,88.76,991.74,Bank Transfer,Standard,0,17.8,3.9,26.0,649.16,660.23,2026-08-23 19:48:51.401755,Low,Excellent
4964,71,Male,Central,Standard,Monthly,3,72.07,2141.22,Debit Card,Basic,1,13.4,2.3,44.0,2383.26,1809.04,2026-06-11 19:48:51.401759,Medium,Excellent
4965,35,Male,West,Premium,Monthly,10,96.79,2445.41,Bank Transfer,Standard,1,12.8,2.1,14.000000000000002,1270.44,1160.42,2026-08-04 19:48:51.401762,Low,Excellent
4966,43,Female,East,Premium,2 Year,63,117.79,985.28,Credit Card,Basic,5,1.0,4.1,28.000000000000004,1783.09,2430.25,2026-06-06 19:48:51.401766,Low,Needs Improvement
4967,23,Male,West,Basic,Monthly,1,72.08,1128.5,Debit Card,Premium,0,1.7,3.0,44.0,1261.77,1343.87,2026-08-19 19:48:51.401769,Medium,Excellent
4968,21,Female,Central,Premium,Monthly,45,99.13,1601.17,Mobile Money,Premium,1,23.2,4.1,47.0,1535.95,1667.17,2026-06-20 19:48:51.401773,Medium,Excellent
4969,61,Female,Central,Basic,1 Year,12,99.25,2018.12,Credit Card,Standard,4,16.3,3.3,43.0,915.48,1636.73,2026-08-10 19:48:51.401776,Medium,Needs Improvement
4970,68,Male,Central,Business,2 Year,19,64.47,2337.95,Debit Card,Basic,4,1.1,3.0,9.0,1774.8,2300.2,2026-08-09 19:48:51.401780,Low,Needs Improvement
4971,46,Female,South,Basic,Monthly,17,71.5,2414.84,Credit Card,Basic,3,8.1,5.0,30.0,990.97,100.0,2026-08-19 19:48:51.401783,Low,Good
4972,51,Male,South,Basic,Monthly,62,71.78,613.16,Mobile Money,Premium,2,4.5,4.7,9.0,1598.55,1579.57,2026-07-20 19:48:51.401787,Low,Good
4973,34,Female,South,Basic,1 Year,35,54.09,2363.73,Debit Card,Basic,2,1.0,3.1,49.0,2720.37,1931.85,2026-06-30 19:48:51.401790,Medium,Good
4974,60,Female,South,Business,1 Year,100,54.32,1611.66,Bank Transfer,Standard,3,12.9,5.0,48.0,1721.22,1293.19,2026-08-03 19:48:51.401794,Medium,Good
4975,60,Male,South,Standard,Monthly,37,95.62,782.5,Debit Card,Standard,2,22.9,2.6,24.0,684.83,655.93,2026-06-03 19:48:51.401797,Low,Good
4976,70,Male,South,Premium,1 Year,8,47.24,284.65,Bank Transfer,Premium,0,20.3,2.6,57.99999999999999,1525.33,1860.92,2026-07-30 19:48:51.401801,Medium,Excellent
4977,33,Female,South,Business,1 Year,79,61.27,561.25,Bank Transfer,Basic,1,3.9,2.6,3.0,1461.26,2696.06,2026-06-07 19:48:51.401804,Low,Excellent
4978,19,Female,Central,Business,2 Year,98,56.83,1491.5,Debit Card,Premium,1,12.4,3.1,37.0,870.02,1877.36,2026-06-11 19:48:51.401810,Medium,Excellent
4979,51,Male,North,Basic,Monthly,3,76.51,806.9,Debit Card,Standard,7,5.5,2.7,54.0,586.85,1606.87,2026-07-17 19:48:51.401814,Medium,Needs Improvement
4980,72,Female,South,Premium,Monthly,55,122.51,1489.98,Mobile Money,Basic,4,31.3,3.5,9.0,2516.11,288.41,2026-08-08 19:48:51.401817,Low,Needs Improvement
4981,25,Male,Central,Basic,1 Year,26,60.26,298.36,Bank Transfer,Premium,4,26.4,2.7,6.0,1103.86,3288.87,2026-07-18 19:48:51.401821,Low,Needs Improvement
4982,30,Male,North,Premium,1 Year,61,28.96,596.97,Credit Card,Premium,3,11.9,3.1,46.0,1108.4,2114.29,2026-08-20 19:48:51.401824,Medium,Good
4983,59,Male,South,Standard,1 Year,59,67.65,1128.08,Bank Transfer,Basic,0,5.1,3.7,23.0,1811.69,2160.48,2026-08-12 19:48:51.401828,Low,Excellent
4984,25,Male,North,Premium,1 Year,53,40.68,1062.33,Debit Card,Standard,0,18.6,4.8,7.000000000000001,417.68,1626.41,2026-06-16 19:48:51.401831,Low,Excellent
4985,47,Male,North,Basic,Monthly,51,71.42,178.41,Bank Transfer,Basic,0,2.0,4.2,47.0,1559.07,1994.67,2026-07-31 19:48:51.401835,Medium,Excellent
4986,49,Female,East,Premium,Monthly,3,45.95,696.76,Credit Card,Standard,3,1.9,5.0,44.0,1843.17,2960.46,2026-06-17 19:48:51.401838,Medium,Good
4987,53,Male,West,Basic,Monthly,3,69.08,50.0,Debit Card,Standard,1,6.5,3.7,20.0,1363.72,991.93,2026-06-22 19:48:51.401842,Low,Excellent
4988,64,Male,East,Standard,2 Year,3,35.16,1253.05,Credit Card,Standard,3,13.7,3.6,25.0,1337.91,3051.83,2026-06-05 19:48:51.401845,Low,Good
4989,47,Male,North,Basic,Monthly,2,58.35,2422.22,Cash,Basic,0,1.0,5.0,44.0,2011.86,2585.8,2026-06-15 19:48:51.401849,Medium,Excellent
4990,18,Female,Central,Business,Monthly,10,40.18,587.11,Mobile Money,Standard,3,12.3,4.8,6.0,1831.06,2174.28,2026-08-21 19:48:51.401852,Low,Good
4991,60,Female,South,Standard,Monthly,27,96.33,437.29,Cash,Basic,1,23.9,5.0,4.0,300.0,1018.73,2026-07-13 19:48:51.401856,Low,Excellent
4992,56,Male,West,Standard,2 Year,10,46.9,1986.1,Bank Transfer,Standard,2,6.3,5.0,5.0,1062.06,2549.38,2026-08-11 19:48:51.401859,Low,Good
4993,34,Male,South,Basic,2 Year,30,78.86,263.42,Mobile Money,Basic,1,1.9,2.7,17.0,1605.84,624.94,2026-07-07 19:48:51.401863,Low,Excellent
4994,37,Male,Central,Standard,2 Year,41,69.48,2004.43,Bank Transfer,Premium,3,8.0,1.8,21.0,1148.99,2183.71,2026-07-28 19:48:51.401866,Low,Good
4995,41,Male,West,Basic,Monthly,26,69.97,238.44,Debit Card,Premium,3,1.8,4.2,33.0,1219.36,274.45,2026-06-02 19:48:51.401870,Medium,Good
4996,67,Male,East,Premium,1 Year,15,74.33,915.61,Mobile Money,Basic,1,4.0,3.9,59.0,2194.4,517.49,2026-08-14 19:48:51.401873,Medium,Excellent
4997,39,Male,North,Basic,Monthly,8,80.07,1007.09,Mobile Money,Premium,4,9.6,2.7,56.99999999999999,1023.7,1522.02,2026-07-02 19:48:51.401877,Medium,Needs Improvement
4998,46,Male,Central,Business,Monthly,3,97.65,1763.52,Bank Transfer,Standard,2,3.8,4.1,13.0,2594.32,1855.92,2026-06-15 19:48:51.401880,Low,Good
4999,39,Female,North,Premium,Monthly,16,88.33,2697.85,Mobile Money,Premium,3,5.3,3.6,10.0,1376.1,100.0,2026-06-06 19:48:51.401884,Low,Good
5000,61,Male,North,Standard,Monthly,30,103.15,922.87,Cash,Standard,1,6.3,4.1,13.0,300.0,100.0,2026-07-05 19:48:51.401887,Low,Excellent
